seed,test,sequence,label,PR thr AP,ROC thr AP,AP
305475974,1,VVVVV,VVVVV,0.2581173828,0.5024869916000001,0.9688959
305475974,1,FKFEF,FKFEF,0.2581173828,0.5024869916000001,0.4543189
305475974,1,VKVEV,VKVEV,0.2581173828,0.5024869916000001,0.34276962
305475974,1,KFFFE,KFFFE,0.2581173828,0.5024869916000001,0.53677267
305475974,1,KWMDF,KWMDF,0.2581173828,0.5024869916000001,0.16792041
305475974,1,WKPYY,WKPYY,0.2581173828,0.5024869916000001,0.25362238
305475974,1,PPPHY,PPPHY,0.2581173828,0.5024869916000001,0.1186993
305475974,2,KVKVK,KVKVK,0.2581173828,0.5024869916000001,0.18588994
305475974,2,PTPCY,PTPCY,0.2581173828,0.5024869916000001,0.19945775
305475974,3,SYCGY,SYCGY,0.2581173828,0.5024869916000001,0.3307204
305475974,3,FFEKF,FFEKF,0.2581173828,0.5024869916000001,0.4508385
305475974,3,KKFDD,KKFDD,0.2581173828,0.5024869916000001,0.10004629
305475974,3,DPDPD,DPDPD,0.2581173828,0.5024869916000001,0.073919654
305475974,4,VKVFF,VKVFF,0.2581173828,0.5024869916000001,0.8382776
305475974,4,KFAFD,KFAFD,0.2581173828,0.5024869916000001,0.29169634
305475974,4,RWLDY,RWLDY,0.2581173828,0.5024869916000001,0.21078557
305475974,4,KWEFY,KWEFY,0.2581173828,0.5024869916000001,0.23811217
305475974,4,FKIDF,FKIDF,0.2581173828,0.5024869916000001,0.48353213
305475974,4,VKVKV,VKVKV,0.2581173828,0.5024869916000001,0.48417103
305475974,5,RVSVD,RVSVD,0.2581173828,0.5024869916000001,0.18123728
369953070,1,KFFFE,KFFFE,0.2581173828,0.5024869916000001,0.4709197
369953070,1,SYCGY,SYCGY,0.2581173828,0.5024869916000001,0.25276816
369953070,1,RWLDY,RWLDY,0.2581173828,0.5024869916000001,0.16208756
369953070,1,DPDPD,DPDPD,0.2581173828,0.5024869916000001,0.1408665
369953070,2,FKFEF,FKFEF,0.2581173828,0.5024869916000001,0.4181196
369953070,2,VKVEV,VKVEV,0.2581173828,0.5024869916000001,0.32223645
369953070,2,KFAFD,KFAFD,0.2581173828,0.5024869916000001,0.23702283
369953070,3,VVVVV,VVVVV,0.2581173828,0.5024869916000001,0.9535308
369953070,3,KWEFY,KWEFY,0.2581173828,0.5024869916000001,0.20632437
369953070,3,FKIDF,FKIDF,0.2581173828,0.5024869916000001,0.36373776
369953070,3,RVSVD,RVSVD,0.2581173828,0.5024869916000001,0.17155814
369953070,3,VKVKV,VKVKV,0.2581173828,0.5024869916000001,0.44990122
369953070,3,WKPYY,WKPYY,0.2581173828,0.5024869916000001,0.27082556
369953070,3,PTPCY,PTPCY,0.2581173828,0.5024869916000001,0.18311737
369953070,4,VKVFF,VKVFF,0.2581173828,0.5024869916000001,0.85968894
369953070,4,FFEKF,FFEKF,0.2581173828,0.5024869916000001,0.44589537
369953070,4,KWMDF,KWMDF,0.2581173828,0.5024869916000001,0.2082042
369953070,4,KKFDD,KKFDD,0.2581173828,0.5024869916000001,0.10151347
369953070,4,KVKVK,KVKVK,0.2581173828,0.5024869916000001,0.19474724
369953070,5,PPPHY,PPPHY,0.2581173828,0.5024869916000001,0.11035287
879273778,1,VVVVV,VVVVV,0.2581173828,0.5024869916000001,0.91811323
879273778,1,SYCGY,SYCGY,0.2581173828,0.5024869916000001,0.30643776
879273778,1,RVSVD,RVSVD,0.2581173828,0.5024869916000001,0.16889496
879273778,1,KVKVK,KVKVK,0.2581173828,0.5024869916000001,0.19083624
879273778,1,PTPCY,PTPCY,0.2581173828,0.5024869916000001,0.19476624
879273778,2,VKVFF,VKVFF,0.2581173828,0.5024869916000001,0.9306856
879273778,2,KFFFE,KFFFE,0.2581173828,0.5024869916000001,0.6510478
879273778,3,VKVEV,VKVEV,0.2581173828,0.5024869916000001,0.30656278
879273778,3,FFEKF,FFEKF,0.2581173828,0.5024869916000001,0.40409675
879273778,3,FKIDF,FKIDF,0.2581173828,0.5024869916000001,0.36671394
879273778,3,KWMDF,KWMDF,0.2581173828,0.5024869916000001,0.18168487
879273778,3,KKFDD,KKFDD,0.2581173828,0.5024869916000001,0.12611441
879273778,3,VKVKV,VKVKV,0.2581173828,0.5024869916000001,0.34850448
879273778,3,DPDPD,DPDPD,0.2581173828,0.5024869916000001,0.11083283
879273778,3,PPPHY,PPPHY,0.2581173828,0.5024869916000001,0.15569068
879273778,4,RWLDY,RWLDY,0.2581173828,0.5024869916000001,0.19214417
879273778,4,KWEFY,KWEFY,0.2581173828,0.5024869916000001,0.2519119
879273778,4,WKPYY,WKPYY,0.2581173828,0.5024869916000001,0.2951147
879273778,5,FKFEF,FKFEF,0.2581173828,0.5024869916000001,0.4297063
879273778,5,KFAFD,KFAFD,0.2581173828,0.5024869916000001,0.2299631
965681145,1,VVVVV,VVVVV,0.2581173828,0.5024869916000001,0.9195146
965681145,1,FKIDF,FKIDF,0.2581173828,0.5024869916000001,0.38529345
965681145,1,DPDPD,DPDPD,0.2581173828,0.5024869916000001,0.07888274
965681145,2,FKFEF,FKFEF,0.2581173828,0.5024869916000001,0.44744116
965681145,2,KFFFE,KFFFE,0.2581173828,0.5024869916000001,0.5174871
965681145,2,KWEFY,KWEFY,0.2581173828,0.5024869916000001,0.22012323
965681145,2,KKFDD,KKFDD,0.2581173828,0.5024869916000001,0.08502697
965681145,2,PTPCY,PTPCY,0.2581173828,0.5024869916000001,0.17665553
965681145,3,VKVFF,VKVFF,0.2581173828,0.5024869916000001,0.8254118
965681145,3,FFEKF,FFEKF,0.2581173828,0.5024869916000001,0.3615564
965681145,3,RVSVD,RVSVD,0.2581173828,0.5024869916000001,0.15455623
965681145,3,PPPHY,PPPHY,0.2581173828,0.5024869916000001,0.10744026
965681145,4,KFAFD,KFAFD,0.2581173828,0.5024869916000001,0.2736171
965681145,4,VKVKV,VKVKV,0.2581173828,0.5024869916000001,0.48979232
965681145,4,KVKVK,KVKVK,0.2581173828,0.5024869916000001,0.21643525
965681145,5,VKVEV,VKVEV,0.2581173828,0.5024869916000001,0.32914758
965681145,5,SYCGY,SYCGY,0.2581173828,0.5024869916000001,0.25240523
965681145,5,RWLDY,RWLDY,0.2581173828,0.5024869916000001,0.13162711
965681145,5,KWMDF,KWMDF,0.2581173828,0.5024869916000001,0.14693953
965681145,5,WKPYY,WKPYY,0.2581173828,0.5024869916000001,0.23580772
992391276,1,FKFEF,FKFEF,0.2581173828,0.5024869916000001,0.49245492
992391276,2,VKVFF,VKVFF,0.2581173828,0.5024869916000001,0.78817314
992391276,2,KWEFY,KWEFY,0.2581173828,0.5024869916000001,0.27371204
992391276,2,FKIDF,FKIDF,0.2581173828,0.5024869916000001,0.34020093
992391276,2,KWMDF,KWMDF,0.2581173828,0.5024869916000001,0.20593622
992391276,2,RVSVD,RVSVD,0.2581173828,0.5024869916000001,0.18754004
992391276,2,PTPCY,PTPCY,0.2581173828,0.5024869916000001,0.23147705
992391276,3,KFAFD,KFAFD,0.2581173828,0.5024869916000001,0.22961266
992391276,3,SYCGY,SYCGY,0.2581173828,0.5024869916000001,0.26835418
992391276,3,DPDPD,DPDPD,0.2581173828,0.5024869916000001,0.109334394
992391276,4,VVVVV,VVVVV,0.2581173828,0.5024869916000001,0.9078279
992391276,4,KFFFE,KFFFE,0.2581173828,0.5024869916000001,0.5052935
992391276,4,FFEKF,FFEKF,0.2581173828,0.5024869916000001,0.3970757
992391276,4,KKFDD,KKFDD,0.2581173828,0.5024869916000001,0.0877943
992391276,4,PPPHY,PPPHY,0.2581173828,0.5024869916000001,0.1198601
992391276,5,VKVEV,VKVEV,0.2581173828,0.5024869916000001,0.35172477
992391276,5,RWLDY,RWLDY,0.2581173828,0.5024869916000001,0.18137522
992391276,5,VKVKV,VKVKV,0.2581173828,0.5024869916000001,0.41339272
992391276,5,KVKVK,KVKVK,0.2581173828,0.5024869916000001,0.18524475
992391276,5,WKPYY,WKPYY,0.2581173828,0.5024869916000001,0.30734
