labels,sequence,PR thr TSNE SP,ROC thr TSNE SP,preds TSNE SP seed 305475974,preds TSNE SP seed 369953070,preds TSNE SP seed 879273778,preds TSNE SP seed 965681145,preds TSNE SP seed 992391276
1,GFFLGLDD,0.30602415759999996,0.566148754,0.6992854,0.99657977,0.997396,0.8445399,0.9485439
1,NININI,0.30602415759999996,0.566148754,0.98280054,0.9546924,0.9866427,0.9806676,0.53748834
1,ISDNL,0.30602415759999996,0.566148754,0.998683,0.4160238,0.26141202,0.96840805,0.4008606
1,FTISD,0.30602415759999996,0.566148754,0.99255556,0.8679824,0.3093506,0.9991172,0.3902872
1,CKIKIQINMWQ,0.30602415759999996,0.566148754,0.9298126,0.6790331,0.9855697,0.99447846,0.9691033
1,AAAAAAK,0.30602415759999996,0.566148754,0.49770904,0.9235054,0.9938685,0.7308717,0.6937991
1,CSISIQINM,0.30602415759999996,0.566148754,0.9971559,0.9925185,0.9957069,0.9460683,0.9073312
1,GGGGGGGGDD,0.30602415759999996,0.566148754,0.9973371,0.36033884,0.120787136,0.56301236,0.7828555
1,FAGFT,0.30602415759999996,0.566148754,0.7270436,0.99872863,0.79544425,0.9984115,0.55054927
1,WRWRWR,0.30602415759999996,0.566148754,0.7219996,0.17500217,0.9963703,0.93230647,0.20263149
1,FFGALGLDGD,0.30602415759999996,0.566148754,0.92463815,0.9954633,0.99511564,0.8187705,0.95929676
1,GAVILRR,0.30602415759999996,0.566148754,0.70522547,0.9977049,0.9829462,0.99881136,0.80251783
1,LLLLLLKK,0.30602415759999996,0.566148754,0.9990253,0.9873272,0.88955206,0.99982214,0.7966075
1,AEAEAKAKAEAEAKAK,0.30602415759999996,0.566148754,0.99854994,0.8145743,0.8697407,0.2146883,0.9565785
1,NVQVVY,0.30602415759999996,0.566148754,0.9832624,0.5763273,0.12242036,0.9998648,0.3499137
1,INHVGGTGGAIMAPVAVTRQLVGS,0.30602415759999996,0.566148754,0.9908866,0.99866253,0.7987608,0.8670928,0.7836884
1,VVVVVVD,0.30602415759999996,0.566148754,0.5015306,0.9557885,0.9862011,0.9997231,0.72665423
1,PRFRFRFRF,0.30602415759999996,0.566148754,0.6783846,0.9474463,0.9045227,0.39072368,0.82975763
1,NNVVNY,0.30602415759999996,0.566148754,0.364961,0.49868968,0.17245795,0.9945954,0.46748272
1,KYF,0.30602415759999996,0.566148754,0.828155,0.8713096,0.83243024,0.9800877,0.4356601
1,FFGPLGLKGK,0.30602415759999996,0.566148754,0.5621117,0.48190272,0.4167726,0.70834297,0.9647387
1,VKVKVKVRVPPTRVKVKVKV,0.30602415759999996,0.566148754,0.62058115,0.99865735,0.9811778,0.5536367,0.8617193
1,GGGAAAVVVIIIKKK,0.30602415759999996,0.566148754,0.45029145,0.99650776,0.9856738,0.67488235,0.93677086
1,LAVAGD,0.30602415759999996,0.566148754,0.63410527,0.9128295,0.21163476,0.99935484,0.44249842
1,ILVAGS,0.30602415759999996,0.566148754,0.5553277,0.6234708,0.98464626,0.9996238,0.3789084
1,LIVAGT,0.30602415759999996,0.566148754,0.99887264,0.99450475,0.60928303,0.37930903,0.5782233
1,AIVAGT,0.30602415759999996,0.566148754,0.7650067,0.99858195,0.42191207,0.6812769,0.5671729
1,MEMEMKMKMEMEMKMK,0.30602415759999996,0.566148754,0.99680805,0.47282797,0.16085646,0.9332797,0.9566577
1,GYGYGYG,0.30602415759999996,0.566148754,0.98105836,0.9837049,0.244984,0.7145939,0.85925794
1,NYNNYN,0.30602415759999996,0.566148754,0.96981835,0.9217432,0.7976094,0.84364563,0.5907994
1,AAKAAAKAAAKAAAKA,0.30602415759999996,0.566148754,0.46304274,0.96995276,0.92884886,0.9377687,0.9232488
1,CKFKFQF,0.30602415759999996,0.566148754,0.9966595,0.94560754,0.95963144,0.9906662,0.863316
1,CKIKQIINMWQ,0.30602415759999996,0.566148754,0.32840693,0.9877932,0.9206502,0.48819447,0.97245985
1,MKIKIQI,0.30602415759999996,0.566148754,0.3158363,0.99718124,0.99617404,0.9906756,0.8258284
1,PPPPPPPPPPRRR,0.30602415759999996,0.566148754,0.2946461,0.9283662,0.9934979,0.31318286,0.97090286
1,RADFRADARADARADA,0.30602415759999996,0.566148754,0.33581752,0.5218031,0.7850297,0.3259268,0.93472373
1,RATARAEFRATARAEA,0.30602415759999996,0.566148754,0.30123925,0.3895133,0.9947078,0.29780167,0.94451135
1,YTVIIE,0.30602415759999996,0.566148754,0.46398413,0.3339592,0.2099621,0.33218095,0.34054035
1,STVIIV,0.30602415759999996,0.566148754,0.2572889,0.33437517,0.35517612,0.36745697,0.33907214
1,STVIII,0.30602415759999996,0.566148754,0.37331906,0.31766412,0.36303693,0.31967866,0.3299431
1,STVIIF,0.30602415759999996,0.566148754,0.36567074,0.33181334,0.35275814,0.29663473,0.3138144
1,STFIIE,0.30602415759999996,0.566148754,0.3367682,0.26936367,0.30121556,0.2486727,0.3418376
1,STEIIE,0.30602415759999996,0.566148754,0.28504726,0.39758578,0.26631948,0.5545221,0.31223953
1,SDVIIE,0.30602415759999996,0.566148754,0.44613183,0.36242956,0.23691721,0.47418204,0.27735624
1,ITVIIE,0.30602415759999996,0.566148754,0.2823792,0.316632,0.25536716,0.35057428,0.33106107
1,ETVIIE,0.30602415759999996,0.566148754,0.46551326,0.24989578,0.36787257,0.34312162,0.3172474
1,LLYYTE,0.30602415759999996,0.566148754,0.5537935,0.98723733,0.22822699,0.32998943,0.31237283
1,KIVKWD,0.30602415759999996,0.566148754,0.5351346,0.8315907,0.46367815,0.28477728,0.44266817
1,LVEALY,0.30602415759999996,0.566148754,0.8701421,0.42292976,0.47083452,0.46625134,0.37552986
1,FKFEF,0.30602415759999996,0.566148754,0.3725385,0.2719541,0.49280402,0.32147732,0.4585876
0,RITTR,0.30602415759999996,0.566148754,0.36285207,0.21842968,0.24268284,0.32149893,0.4500885
0,VKVKVKVK,0.30602415759999996,0.566148754,0.618979,0.43325144,0.4286657,0.26235265,0.88731784
0,STVVIE,0.30602415759999996,0.566148754,0.3779291,0.37402937,0.55795825,0.34718934,0.2826122
0,STVQIE,0.30602415759999996,0.566148754,0.2417079,0.2390593,0.63464713,0.2602319,0.24200302
0,STVIVE,0.30602415759999996,0.566148754,0.3322639,0.3394265,0.9776303,0.22806968,0.34299508
0,STVINE,0.30602415759999996,0.566148754,0.24639942,0.33326036,0.29040596,0.2428369,0.32005847
0,STVIIP,0.30602415759999996,0.566148754,0.40073773,0.42203218,0.25457343,0.29303402,0.3435855
0,STVGIE,0.30602415759999996,0.566148754,0.36520994,0.5706855,0.26754355,0.29153374,0.22195737
0,STPIIE,0.30602415759999996,0.566148754,0.34439963,0.24030478,0.26713055,0.29929945,0.33247417
0,STIIIE,0.30602415759999996,0.566148754,0.3566509,0.26474386,0.3065145,0.34600198,0.33875456
0,SPVIIE,0.30602415759999996,0.566148754,0.22298089,0.16790645,0.15338936,0.56987697,0.37371773
0,PTVIIE,0.30602415759999996,0.566148754,0.22592592,0.23361066,0.15844262,0.39557007,0.33335346
0,KTVIIE,0.30602415759999996,0.566148754,0.23037392,0.33749887,0.25554967,0.23985505,0.323075
0,WSFYLL,0.30602415759999996,0.566148754,0.23509027,0.20902963,0.20666064,0.33005774,0.34232008
0,VYSRHP,0.30602415759999996,0.566148754,0.31483796,0.18147053,0.15796599,0.27881578,0.3781546
0,QPKIVK,0.30602415759999996,0.566148754,0.31623438,0.4768129,0.19344686,0.38108656,0.41176915
0,PSDIEV,0.30602415759999996,0.566148754,0.31411833,0.23968701,0.1417759,0.5470378,0.26001063
0,LSFSKD,0.30602415759999996,0.566148754,0.40529123,0.24338952,0.41109905,0.24247958,0.25409764
0,KVEHSD,0.30602415759999996,0.566148754,0.5171151,0.238853,0.32801065,0.3308706,0.34391528
0,FHPSDI,0.30602415759999996,0.566148754,0.3275272,0.51441884,0.3254263,0.29637265,0.25805837
0,EVDLLK,0.30602415759999996,0.566148754,0.7461765,0.27097335,0.40063506,0.27322343,0.30990687
0,LIAGFN,0.30602415759999996,0.566148754,0.29987147,0.22817886,0.41425243,0.44031608,0.25293088
0,KDHFY,0.30602415759999996,0.566148754,0.5405373,0.36692908,0.36391807,0.4842837,0.41825676
0,KDPYY,0.30602415759999996,0.566148754,0.4636485,0.7567008,0.7941307,0.78250825,0.38439277
1,QEIARLEQEIARLEYEIARLE,0.30602415759999996,0.566148754,0.17635356,0.4296486,0.14234854,0.3746111,0.95301455
1,NNQQNY,0.30602415759999996,0.566148754,0.57980293,0.70129895,0.9800243,0.52240336,0.29045224
1,AILSS,0.30602415759999996,0.566148754,0.98795044,0.9018686,0.49759558,0.21677932,0.5330487
1,EFFAAE,0.30602415759999996,0.566148754,0.26367834,0.25684974,0.97787166,0.99581194,0.7145503
1,GGGGGGGGGGDD,0.30602415759999996,0.566148754,0.7442783,0.9884035,0.7565156,0.9968885,0.6490492
1,CEIEIQINMWQ,0.30602415759999996,0.566148754,0.8381003,0.2530349,0.19322935,0.925524,0.9982281
1,YYACAYY,0.30602415759999996,0.566148754,0.73358536,0.77982825,0.9857037,0.84256274,0.945058
1,CKFKFQFNMWQ,0.30602415759999996,0.566148754,0.7942245,0.70710987,0.76294106,0.28072622,0.9980091
1,VQIVYK,0.30602415759999996,0.566148754,0.43320987,0.98894715,0.36866587,0.4794651,0.20582607
1,YVVFV,0.30602415759999996,0.566148754,0.88910115,0.9904405,0.80306154,0.7320333,0.65583664
1,FFGAAGLDGD,0.30602415759999996,0.566148754,0.9847331,0.9925498,0.94814676,0.4361599,0.9943379
1,AAVVLLLWEEEEEEE,0.30602415759999996,0.566148754,0.9862999,0.3006017,0.9880024,0.2808507,0.996435
1,FFGAAGLKGK,0.30602415759999996,0.566148754,0.5148394,0.9567177,0.29764,0.8069054,0.9953235
1,NVVVVY,0.30602415759999996,0.566148754,0.87114495,0.7686915,0.9717927,0.7864889,0.2586213
1,KLVFFAE,0.30602415759999996,0.566148754,0.17603278,0.76206034,0.9889672,0.46934804,0.9873562
1,FFGPLGLDGD,0.30602415759999996,0.566148754,0.9919025,0.37032413,0.7769793,0.9969109,0.992269
1,YVNAKQYYRILKRRY,0.30602415759999996,0.566148754,0.9272729,0.47540644,0.99545306,0.9974023,0.9966723
1,WVNAKQYWRILKRRW,0.30602415759999996,0.566148754,0.913453,0.25884616,0.9725628,0.9994251,0.99676186
1,KAKAQAN,0.30602415759999996,0.566148754,0.44768092,0.6898898,0.55379766,0.8620409,0.92786086
1,KFKFQFNMWQ,0.30602415759999996,0.566148754,0.98572665,0.5499616,0.9900102,0.3693815,0.99800175
1,VKVRVRVRVPPTRVRVRVKV,0.30602415759999996,0.566148754,0.5199145,0.99223226,0.9922503,0.9975305,0.7452406
1,VKVKVRVRVPPTRVRVKVKV,0.30602415759999996,0.566148754,0.9932338,0.98910534,0.9816485,0.5881232,0.738824
1,KKKIIIVVVAAAGGG,0.30602415759999996,0.566148754,0.98850095,0.40813258,0.98793244,0.9924632,0.997632
1,KKKAAAIIIGGGVVV,0.30602415759999996,0.566148754,0.98734665,0.62962145,0.98766553,0.40134922,0.99569076
1,LIVAGD,0.30602415759999996,0.566148754,0.99174803,0.7452683,0.99385595,0.5842019,0.40305117
1,SYSYSYS,0.30602415759999996,0.566148754,0.99283576,0.88580024,0.99405295,0.9318153,0.8862247
1,QYQQYQ,0.30602415759999996,0.566148754,0.5091663,0.3404614,0.99259937,0.3234991,0.3111855
1,LFF,0.30602415759999996,0.566148754,0.52140486,0.8511893,0.6459405,0.99361193,0.92489046
1,CKIKQII,0.30602415759999996,0.566148754,0.9219907,0.91605127,0.61233383,0.9552321,0.9218004
1,PPPPPPPPPPRKKRRQRRR,0.30602415759999996,0.566148754,0.98798895,0.9914817,0.63678646,0.99870664,0.9173526
1,MKFKFQF,0.30602415759999996,0.566148754,0.9902122,0.5051864,0.62259305,0.98635817,0.9845878
1,RATARAEARATARAEA,0.30602415759999996,0.566148754,0.30627295,0.34224418,0.98146445,0.98172104,0.9933626
1,NFGSVQ,0.30602415759999996,0.566148754,0.45214045,0.26329595,0.42902887,0.3240181,0.4326687
1,YFCFY,0.30602415759999996,0.566148754,0.2916593,0.27512503,0.99083394,0.3227975,0.940811
1,WTVIIE,0.30602415759999996,0.566148754,0.28633398,0.27955315,0.9183549,0.27428105,0.3693202
1,TTVIIE,0.30602415759999996,0.566148754,0.3305239,0.28657627,0.94323564,0.34652656,0.35809174
1,STVYIE,0.30602415759999996,0.566148754,0.33347058,0.28547856,0.98292947,0.35087153,0.30795267
1,STVTIE,0.30602415759999996,0.566148754,0.31017327,0.26913917,0.97060996,0.34689572,0.23550184
1,STVIYE,0.30602415759999996,0.566148754,0.2948414,0.28840274,0.98824674,0.34402522,0.35143653
1,STVIIT,0.30602415759999996,0.566148754,0.31203178,0.28464347,0.3774666,0.3423806,0.34858474
1,STVIIS,0.30602415759999996,0.566148754,0.26627994,0.24357492,0.23381609,0.2949361,0.34060484
1,STVIIQ,0.30602415759999996,0.566148754,0.38352787,0.21421146,0.33964294,0.26003465,0.3387479
1,STVIIM,0.30602415759999996,0.566148754,0.29505992,0.23345594,0.33701217,0.30486152,0.36725432
1,STVIIE,0.30602415759999996,0.566148754,0.29445326,0.32101357,0.21517853,0.31673625,0.35789755
1,STNIIE,0.30602415759999996,0.566148754,0.30420512,0.43554488,0.3558574,0.34427452,0.37777254
1,SFVIIE,0.30602415759999996,0.566148754,0.50259924,0.34217483,0.24477763,0.8731795,0.8659637
1,VKVFF,0.30602415759999996,0.566148754,0.31095117,0.87295663,0.3085237,0.46332958,0.73923856
1,KWEFY,0.30602415759999996,0.566148754,0.44391987,0.45437518,0.90278536,0.9729425,0.7997561
1,FKIDF,0.30602415759999996,0.566148754,0.895475,0.4966489,0.55973476,0.80783767,0.32697353
1,KWMDF,0.30602415759999996,0.566148754,0.6910281,0.92250705,0.9258695,0.75337386,0.38716513
0,QIMRW,0.30602415759999996,0.566148754,0.3304033,0.8381332,0.35648397,0.33799046,0.5349702
0,RITWI,0.30602415759999996,0.566148754,0.5328881,0.44091448,0.9443271,0.49692303,0.56944245
0,TGTHTSTDT,0.30602415759999996,0.566148754,0.77703947,0.2893198,0.30111587,0.24807991,0.6157338
0,AGAHASADA,0.30602415759999996,0.566148754,0.80505216,0.25208765,0.293386,0.35987532,0.6754211
0,KIKQII,0.30602415759999996,0.566148754,0.55770755,0.23291887,0.33404228,0.40227917,0.2715263
0,STVIEE,0.30602415759999996,0.566148754,0.3103942,0.24783014,0.19166315,0.37135708,0.35994035
0,STVDIE,0.30602415759999996,0.566148754,0.28711927,0.30861208,0.34785452,0.34695473,0.18093441
0,STTIIE,0.30602415759999996,0.566148754,0.3241648,0.21913724,0.37124538,0.34996924,0.35094598
0,STAIIE,0.30602415759999996,0.566148754,0.1880677,0.27685794,0.6346571,0.2537185,0.35569245
0,KTVLIE,0.30602415759999996,0.566148754,0.24740446,0.29874593,0.5799721,0.33004087,0.19334888
0,VTLSQP,0.30602415759999996,0.566148754,0.29143214,0.24782321,0.2225005,0.23324457,0.23333278
0,SDLSFS,0.30602415759999996,0.566148754,0.30430084,0.28877208,0.41330442,0.37602863,0.18669005
0,NGKSNF,0.30602415759999996,0.566148754,0.2940893,0.30300063,0.2656714,0.26097676,0.1455807
0,IQVYSR,0.30602415759999996,0.566148754,0.22689958,0.2576887,0.27905047,0.49475983,0.23569658
0,IEKVEH,0.30602415759999996,0.566148754,0.17514399,0.33545238,0.44220364,0.24015355,0.46566492
0,DLLKNG,0.30602415759999996,0.566148754,0.22386666,0.34572163,0.21710938,0.3280268,0.24058355
0,DIEVDL,0.30602415759999996,0.566148754,0.21822102,0.33431306,0.6152132,0.34898517,0.36802444
0,YQLENY,0.30602415759999996,0.566148754,0.21495558,0.2345485,0.22602391,0.37647218,0.28991133
0,SLYQLE,0.30602415759999996,0.566148754,0.39720252,0.2052504,0.3791786,0.30916524,0.18963233
0,HLVEAL,0.30602415759999996,0.566148754,0.454178,0.20732829,0.28010556,0.96141577,0.2758935
0,FVNQHL,0.30602415759999996,0.566148754,0.39925742,0.23582907,0.2902041,0.24815223,0.24454859
0,RVSVD,0.30602415759999996,0.566148754,0.49264568,0.46706823,0.38764787,0.41770893,0.44168267
0,PTPCY,0.30602415759999996,0.566148754,0.58314806,0.3440906,0.5157021,0.30419904,0.38273913
0,YEPYK,0.30602415759999996,0.566148754,0.40623972,0.42747498,0.37602288,0.48482043,0.54015476
1,YVIFL,0.30602415759999996,0.566148754,0.8929909,0.22116421,0.41318104,0.9881218,0.81728005
1,CEIEIQINM,0.30602415759999996,0.566148754,0.3565038,0.9769422,0.917925,0.5778505,0.97175884
1,KFFAAK,0.30602415759999996,0.566148754,0.7289428,0.97024304,0.83810014,0.23845604,0.6721275
1,GGVVIA,0.30602415759999996,0.566148754,0.6252765,0.9905087,0.52993023,0.5487862,0.227547
1,NFGAIL,0.30602415759999996,0.566148754,0.6664641,0.58717746,0.39988697,0.27289546,0.6990599
1,CKAKAQANM,0.30602415759999996,0.566148754,0.99006814,0.81912637,0.51981676,0.29715237,0.78649944
1,LDFPI,0.30602415759999996,0.566148754,0.7784856,0.9960239,0.92463076,0.9770938,0.29138887
1,FFVLK,0.30602415759999996,0.566148754,0.52823454,0.9831863,0.5986903,0.28306657,0.78726333
1,CSISIQI,0.30602415759999996,0.566148754,0.1857543,0.99534845,0.35398048,0.67851985,0.723714
1,GFFLG,0.30602415759999996,0.566148754,0.9920565,0.91806835,0.3753336,0.7477381,0.7677149
1,FFALGLAGKK,0.30602415759999996,0.566148754,0.82490665,0.9950807,0.2940039,0.9368982,0.9934768
1,AAAAAAD,0.30602415759999996,0.566148754,0.37487352,0.3418422,0.98502517,0.97035235,0.6367095
1,GFFL,0.30602415759999996,0.566148754,0.9944935,0.6274665,0.82382655,0.7000368,0.9030114
1,FFGPAGLDGD,0.30602415759999996,0.566148754,0.9921749,0.8539466,0.4856311,0.31951943,0.9906575
1,AAAAAAAAAAAARR,0.30602415759999996,0.566148754,0.53181064,0.9974033,0.42368874,0.992271,0.9929112
1,VVVVVVDD,0.30602415759999996,0.566148754,0.9258732,0.99521345,0.4963211,0.71986943,0.9159522
1,GNNQQNY,0.30602415759999996,0.566148754,0.7216378,0.95097166,0.84125984,0.8847022,0.9272713
1,FFPLGLAGKK,0.30602415759999996,0.566148754,0.71836215,0.9078258,0.9813692,0.9910092,0.99501723
1,FFSGHFDFF,0.30602415759999996,0.566148754,0.871846,0.96564776,0.9873291,0.9767039,0.88031036
1,GFIL,0.30602415759999996,0.566148754,0.6314784,0.6866643,0.5744794,0.53073,0.9016761
1,RADARADARADARADA,0.30602415759999996,0.566148754,0.9218247,0.9832647,0.44328055,0.3196739,0.96371704
1,LIVGD,0.30602415759999996,0.566148754,0.81313527,0.996021,0.4252941,0.9929665,0.4365177
1,KAKAQA,0.30602415759999996,0.566148754,0.9486874,0.36534622,0.57464385,0.9924114,0.39832696
1,KAKAQANMWQ,0.30602415759999996,0.566148754,0.9895564,0.5384648,0.56286126,0.9840686,0.98623526
1,KIKIQINMWQ,0.30602415759999996,0.566148754,0.34071997,0.3654043,0.59893197,0.65211135,0.9928342
1,VRVRVRVRVPPTRVRVRVRV,0.30602415759999996,0.566148754,0.580666,0.53343123,0.9887854,0.29833156,0.93217546
1,KKKGGGAAAVVVIII,0.30602415759999996,0.566148754,0.62319535,0.9797181,0.958313,0.6055886,0.978934
1,VVVGGGIIIAAAKKK,0.30602415759999996,0.566148754,0.58358645,0.88691986,0.83201176,0.64852875,0.9902213
1,IIIVVVAAAGGGKKK,0.30602415759999996,0.566148754,0.3835181,0.9947738,0.9842855,0.46661657,0.9855754
1,LIVAGS,0.30602415759999996,0.566148754,0.9760663,0.99656564,0.96659356,0.92130727,0.603435
1,CKIKQIINM,0.30602415759999996,0.566148754,0.92215866,0.9886154,0.9734435,0.8905296,0.9328469
1,KASAKAEAKAEAKASA,0.30602415759999996,0.566148754,0.9564738,0.31137174,0.4037846,0.99146634,0.98906857
1,QMAVHV,0.30602415759999996,0.566148754,0.9271463,0.31154224,0.29225555,0.8932148,0.4145362
1,STVWIE,0.30602415759999996,0.566148754,0.955562,0.3043095,0.32865483,0.9824575,0.29510453
1,STVLIE,0.30602415759999996,0.566148754,0.9009343,0.29457375,0.29748255,0.9817207,0.24614161
1,STVIIW,0.30602415759999996,0.566148754,0.37705296,0.3161908,0.31263196,0.6783102,0.2933349
1,STVIIL,0.30602415759999996,0.566148754,0.32114467,0.3415815,0.2617905,0.9858257,0.3102032
1,STVIID,0.30602415759999996,0.566148754,0.34018973,0.30359563,0.39557722,0.98201084,0.31144297
1,STVFIE,0.30602415759999996,0.566148754,0.34344324,0.25435382,0.4912233,0.31932023,0.36067402
1,STVEIE,0.30602415759999996,0.566148754,0.26666734,0.41697788,0.2992357,0.33482862,0.31941202
1,STSIIE,0.30602415759999996,0.566148754,0.26152283,0.29239583,0.3116383,0.34567568,0.27148914
1,STQIIE,0.30602415759999996,0.566148754,0.3468054,0.30092612,0.3072313,0.34017712,0.27400565
1,SNVIIE,0.30602415759999996,0.566148754,0.3193792,0.29081708,0.2939368,0.5664304,0.44309723
1,QTVIIE,0.30602415759999996,0.566148754,0.31665558,0.30200812,0.40356705,0.729277,0.29316825
1,MTVIIE,0.30602415759999996,0.566148754,0.26981416,0.20546119,0.2182008,0.34801725,0.35554513
1,FTVIIE,0.30602415759999996,0.566148754,0.18895501,0.39588752,0.33505046,0.22541794,0.40365797
1,ATVIIE,0.30602415759999996,0.566148754,0.379026,0.56171346,0.53570193,0.3474269,0.31068382
1,AAVVLLLW,0.30602415759999996,0.566148754,0.97427976,0.7822603,0.55593294,0.9621908,0.95081747
1,KFAFD,0.30602415759999996,0.566148754,0.41013265,0.44712177,0.32655644,0.43927005,0.8920621
1,SYCGY,0.30602415759999996,0.566148754,0.625988,0.77220416,0.31896618,0.5895303,0.38323775
0,PLVKA,0.30602415759999996,0.566148754,0.42548952,0.565255,0.34350994,0.40024948,0.35853267
0,STYIIE,0.30602415759999996,0.566148754,0.59339494,0.94623667,0.365448,0.52364105,0.33195764
0,STVITE,0.30602415759999996,0.566148754,0.27430913,0.29230097,0.30236945,0.81762195,0.31145948
0,STVISE,0.30602415759999996,0.566148754,0.38913822,0.3416215,0.31177002,0.8555384,0.3462378
0,STVIME,0.30602415759999996,0.566148754,0.34102148,0.2347799,0.24082944,0.278612,0.2611313
0,STVAIE,0.30602415759999996,0.566148754,0.29479545,0.27226287,0.26769558,0.31867817,0.27735874
0,KTVIYE,0.30602415759999996,0.566148754,0.33849695,0.30023223,0.27453852,0.3420155,0.3437098
0,YVSGFH,0.30602415759999996,0.566148754,0.23468165,0.2889842,0.2578274,0.33827937,0.25490445
0,RVNHVT,0.30602415759999996,0.566148754,0.355295,0.27284965,0.31020248,0.36013854,0.301117
0,RTPKIQ,0.30602415759999996,0.566148754,0.2731017,0.3388702,0.3783195,0.33894625,0.26748917
0,PTEKDE,0.30602415759999996,0.566148754,0.48782676,0.2355931,0.38134646,0.3053115,0.35463354
0,PKIQVY,0.30602415759999996,0.566148754,0.19046012,0.21250936,0.26114458,0.32455727,0.31914908
0,NGERIE,0.30602415759999996,0.566148754,0.27179167,0.22608587,0.24679823,0.5083032,0.24201877
0,KSNFLN,0.30602415759999996,0.566148754,0.420397,0.29926875,0.23401196,0.18033543,0.43387872
0,FTPTEK,0.30602415759999996,0.566148754,0.25987303,0.24915047,0.2413227,0.20307474,0.35553598
0,EKDEYA,0.30602415759999996,0.566148754,0.2631273,0.35585007,0.3835303,0.3303267,0.4446407
0,EHSDLS,0.30602415759999996,0.566148754,0.3041004,0.30996382,0.32532948,0.34008408,0.25758454
0,AENGKS,0.30602415759999996,0.566148754,0.43564808,0.44857284,0.3212672,0.19033341,0.35216898
0,SHLVEA,0.30602415759999996,0.566148754,0.35832652,0.5485996,0.33664796,0.26917788,0.2183682
0,GERGFF,0.30602415759999996,0.566148754,0.22066765,0.6186147,0.41745228,0.24262027,0.20405844
0,NLGPVL,0.30602415759999996,0.566148754,0.4286592,0.48834315,0.4856229,0.18614343,0.32021347
0,DPDPD,0.30602415759999996,0.566148754,0.45134568,0.6342738,0.4363639,0.38443127,0.41430163
0,EPYYK,0.30602415759999996,0.566148754,0.45284382,0.4785683,0.39478242,0.45908618,0.5897561
0,YDPKY,0.30602415759999996,0.566148754,0.31921196,0.45261967,0.42472315,0.33269745,0.41292784
1,FFKLVFF,0.30602415759999996,0.566148754,0.99947184,0.27418151,0.9425854,0.19686484,0.94378304
1,VVEE,0.30602415759999996,0.566148754,0.98700285,0.9835137,0.9386694,0.9940163,0.91114265
1,KLVFF,0.30602415759999996,0.566148754,0.46085337,0.45817596,0.9873333,0.98568606,0.39452067
1,SFSFSF,0.30602415759999996,0.566148754,0.9906178,0.77922803,0.9101522,0.98487514,0.6122145
1,YFTEF,0.30602415759999996,0.566148754,0.7254312,0.425116,0.24748352,0.6641042,0.6216996
1,FKFEFKFEFKFE,0.30602415759999996,0.566148754,0.21077885,0.922645,0.7157328,0.9959198,0.9858085
1,VEVE,0.30602415759999996,0.566148754,0.73492974,0.6600803,0.735437,0.9968037,0.93317074
1,YVVFL,0.30602415759999996,0.566148754,0.9993439,0.9953338,0.79846513,0.6817804,0.7375783
1,VVVVVVK,0.30602415759999996,0.566148754,0.99546355,0.99207735,0.91605693,0.7867078,0.8385495
1,SSTSAA,0.30602415759999996,0.566148754,0.99945295,0.31108198,0.5373415,0.9974042,0.20288138
1,FFVDF,0.30602415759999996,0.566148754,0.99907696,0.9537412,0.9804957,0.364519,0.4965853
1,VVVVVVKK,0.30602415759999996,0.566148754,0.91082275,0.89385873,0.981737,0.859146,0.9400586
1,FFPLGLAGDD,0.30602415759999996,0.566148754,0.99921864,0.9984189,0.78181845,0.99790484,0.9776958
1,FGAIL,0.30602415759999996,0.566148754,0.3590694,0.3168991,0.716774,0.952116,0.5291246
1,RFRFRFRF,0.30602415759999996,0.566148754,0.82262784,0.5935113,0.9867304,0.7734656,0.96464014
1,FGFDP,0.30602415759999996,0.566148754,0.9996035,0.94330996,0.8136806,0.97997856,0.38716453
1,GAIL,0.30602415759999996,0.566148754,0.3897813,0.43812823,0.5429702,0.4133558,0.8146256
1,KFKFQFN,0.30602415759999996,0.566148754,0.24596488,0.9751912,0.9841079,0.99270964,0.95414436
1,ILVAGD,0.30602415759999996,0.566148754,0.99718976,0.78284436,0.40285397,0.40824196,0.5293178
1,AIVAGD,0.30602415759999996,0.566148754,0.9906457,0.9953939,0.90576625,0.9713421,0.6019436
1,LIVAGK,0.30602415759999996,0.566148754,0.9986849,0.3923644,0.6873469,0.79149324,0.53427064
1,IVD,0.30602415759999996,0.566148754,0.99697506,0.99529624,0.9781506,0.9927544,0.62257236
1,IID,0.30602415759999996,0.566148754,0.99870056,0.9131917,0.8230184,0.9964498,0.70652705
1,QYQYQYQ,0.30602415759999996,0.566148754,0.9988364,0.9932056,0.98325735,0.58546066,0.80592215
1,CKAKAQA,0.30602415759999996,0.566148754,0.99936855,0.99549115,0.97671264,0.548332,0.82818824
1,CKFKFQFNM,0.30602415759999996,0.566148754,0.5677482,0.57581675,0.44080737,0.6738486,0.9645073
1,CKIKIQIN,0.30602415759999996,0.566148754,0.94769967,0.5539152,0.87195516,0.99797624,0.9510143
1,RADARADFRADARADA,0.30602415759999996,0.566148754,0.8097416,0.55663365,0.9135711,0.9795954,0.9839192
1,SAEAKAEAKAEASAEA,0.30602415759999996,0.566148754,0.38830787,0.33703172,0.86761916,0.303586,0.9856492
1,SYVIIE,0.30602415759999996,0.566148754,0.817056,0.9985505,0.32724205,0.940193,0.3226915
1,SVVIIE,0.30602415759999996,0.566148754,0.96508795,0.6092084,0.4321786,0.9895685,0.28888068
1,STVIIN,0.30602415759999996,0.566148754,0.998076,0.99220854,0.2779686,0.9935808,0.2627425
1,STVIIA,0.30602415759999996,0.566148754,0.99868554,0.98180115,0.29892653,0.3428671,0.2938491
1,STVIFE,0.30602415759999996,0.566148754,0.5982499,0.9966903,0.31357074,0.3250458,0.2352309
1,STLIIE,0.30602415759999996,0.566148754,0.41971865,0.8276924,0.2999393,0.38806114,0.2796267
1,SQVIIE,0.30602415759999996,0.566148754,0.42374924,0.9953846,0.30040428,0.27357465,0.24532185
1,SLVIIE,0.30602415759999996,0.566148754,0.41158634,0.9977906,0.29832694,0.30886427,0.25475818
1,SIVIIE,0.30602415759999996,0.566148754,0.35579273,0.3405605,0.2953856,0.30799657,0.33325148
1,SEVIIE,0.30602415759999996,0.566148754,0.6558048,0.30572736,0.29509676,0.31976682,0.34247363
1,SAVIIE,0.30602415759999996,0.566148754,0.8206726,0.36615562,0.3030661,0.32514834,0.28754577
1,NTVIIE,0.30602415759999996,0.566148754,0.41123706,0.37336048,0.299246,0.3265121,0.37024012
1,LTVIIE,0.30602415759999996,0.566148754,0.36673078,0.32516938,0.3093193,0.3304226,0.28176486
1,GTVIIE,0.30602415759999996,0.566148754,0.43292204,0.31186873,0.30543783,0.30586502,0.26794207
1,FYLLYY,0.30602415759999996,0.566148754,0.41287786,0.6583045,0.4639201,0.39446586,0.39687753
1,LYQLEN,0.30602415759999996,0.566148754,0.19546312,0.49434868,0.43638095,0.30013174,0.21929075
1,KKSLSLSLSLSLSLKK,0.30602415759999996,0.566148754,0.42084575,0.35396436,0.35146528,0.3320176,0.97781825
1,VVVVV,0.30602415759999996,0.566148754,0.9169038,0.3606492,0.4560117,0.32108018,0.46295366
1,KFFFE,0.30602415759999996,0.566148754,0.26856893,0.4918136,0.97093433,0.262854,0.6762086
1,FFEKF,0.30602415759999996,0.566148754,0.6742264,0.6438606,0.29222158,0.26215395,0.57826996
1,KFFDY,0.30602415759999996,0.566148754,0.24330956,0.3967127,0.5891312,0.9736095,0.5375859
0,KAAGG,0.30602415759999996,0.566148754,0.3132684,0.35265878,0.36376786,0.36772254,0.46356225
0,PFTTR,0.30602415759999996,0.566148754,0.98767185,0.48924968,0.751679,0.9200354,0.6903577
0,TTSGHTDTT,0.30602415759999996,0.566148754,0.4548283,0.45510516,0.3767737,0.9779389,0.9245863
0,AASGHADAA,0.30602415759999996,0.566148754,0.32130194,0.35195357,0.40265623,0.29545814,0.9343513
0,KIKIQI,0.30602415759999996,0.566148754,0.45975655,0.37420195,0.2761221,0.30296093,0.5015982
0,VKVKVKVKVDPPTKVEVKVKV,0.30602415759999996,0.566148754,0.421102,0.383642,0.25289655,0.30994537,0.9554354
0,STVIWE,0.30602415759999996,0.566148754,0.34016863,0.3694063,0.2658817,0.31356323,0.26531088
0,STVIQE,0.30602415759999996,0.566148754,0.5020875,0.33804253,0.34983358,0.33748838,0.3565126
0,STGIIE,0.30602415759999996,0.566148754,0.34776872,0.36242053,0.3235427,0.33163294,0.2825863
0,STDIIE,0.30602415759999996,0.566148754,0.3977296,0.31538385,0.3594571,0.25680035,0.2804436
0,KTVIIT,0.30602415759999996,0.566148754,0.6053654,0.36952984,0.4153449,0.23067944,0.3378769
0,LKNGER,0.30602415759999996,0.566148754,0.3229332,0.24621068,0.36827934,0.3299699,0.20545873
0,IQRTPK,0.30602415759999996,0.566148754,0.18939976,0.3243467,0.26107043,0.23083179,0.34245032
0,HPAENG,0.30602415759999996,0.566148754,0.3032191,0.33682448,0.3164355,0.3008596,0.32801926
0,FSKDWS,0.30602415759999996,0.566148754,0.24661331,0.3810981,0.23981188,0.2644946,0.2888003
0,ERIEKV,0.30602415759999996,0.566148754,0.40243554,0.2546244,0.29010382,0.2692218,0.3558911
0,FYTPKT,0.30602415759999996,0.566148754,0.3556286,0.30404863,0.36995268,0.20199086,0.4824599
0,FFYTPK,0.30602415759999996,0.566148754,0.39715198,0.3918416,0.48653662,0.23076168,0.6719299
0,ERGFFY,0.30602415759999996,0.566148754,0.17594996,0.3295808,0.318394,0.25588125,0.2926308
0,EALYLV,0.30602415759999996,0.566148754,0.17614596,0.9183619,0.2847853,0.35942727,0.42829332
0,KKFDD,0.30602415759999996,0.566148754,0.17567655,0.52849865,0.2379684,0.30505076,0.45926616
0,PPPHY,0.30602415759999996,0.566148754,0.3482456,0.40628994,0.7955359,0.41961315,0.41838318
0,YTEYK,0.30602415759999996,0.566148754,0.33739445,0.35629058,0.3947412,0.3936259,0.5129484
1,AEAEAEAEAKAKAKAK,0.30602415759999996,0.566148754,0.9977384,0.7643895,0.8116126,0.99148613,0.9965346
1,GGGGDD,0.30602415759999996,0.566148754,0.84918344,0.9998113,0.5804015,0.41638485,0.21185467
1,CEIEIQI,0.30602415759999996,0.566148754,0.97505695,0.36256996,0.96404237,0.87856257,0.9496138
1,FKFEFKFE,0.30602415759999996,0.566148754,0.2141179,0.8061393,0.60657567,0.9973824,0.9615789
1,QQEFQWQFRQQ,0.30602415759999996,0.566148754,0.25696957,0.7332518,0.98783404,0.99907863,0.9852796
1,WRWRWRWR,0.30602415759999996,0.566148754,0.9967917,0.82101744,0.9682926,0.8856287,0.5606641
1,CKAKAQANMWQ,0.30602415759999996,0.566148754,0.9997019,0.6536604,0.5395964,0.98743296,0.9841611
1,AAVVLLLWEE,0.30602415759999996,0.566148754,0.99975896,0.70931304,0.7079972,0.2772313,0.96521443
1,RARADADARARADADA,0.30602415759999996,0.566148754,0.7768056,0.36660653,0.8423912,0.9984921,0.99239886
1,ITSVV,0.30602415759999996,0.566148754,0.7860056,0.8367436,0.9892596,0.75215375,0.31898
1,WRWRWRWRWR,0.30602415759999996,0.566148754,0.28915238,0.9985256,0.88764274,0.9324297,0.83669335
1,FFGALGLKGK,0.30602415759999996,0.566148754,0.99775565,0.5677813,0.97328156,0.46875852,0.9591919
1,NVVQIY,0.30602415759999996,0.566148754,0.96980155,0.741023,0.7901029,0.99672717,0.2882485
1,DFY,0.30602415759999996,0.566148754,0.28423268,0.9035572,0.72350174,0.92418844,0.3809058
1,FGFHFSFDF,0.30602415759999996,0.566148754,0.9188793,0.2048867,0.9864717,0.99449927,0.88913643
1,IKVAV,0.30602415759999996,0.566148754,0.9998494,0.9741001,0.8921804,0.8893274,0.4073866
1,GGGGGGDD,0.30602415759999996,0.566148754,0.1797267,0.94890124,0.7755923,0.9984485,0.39722607
1,IIIK,0.30602415759999996,0.566148754,0.99868274,0.99946076,0.98597646,0.9408119,0.8514777
1,LLLLLLDD,0.30602415759999996,0.566148754,0.99431366,0.6151426,0.6020928,0.5024702,0.4822503
1,IIIIIIKK,0.30602415759999996,0.566148754,0.5887746,0.3730694,0.2838405,0.26718,0.9435985
1,KFG,0.30602415759999996,0.566148754,0.99782723,0.9949025,0.88281333,0.99426067,0.30386707
1,KFKFQF,0.30602415759999996,0.566148754,0.6451003,0.9733098,0.58339393,0.9971965,0.8227138
1,KIKIQINM,0.30602415759999996,0.566148754,0.94853723,0.9968219,0.8846892,0.93939924,0.95213336
1,KLDLKLDLKLDL,0.30602415759999996,0.566148754,0.24669948,0.45890605,0.3185812,0.9946342,0.9505938
1,FFGPAGLKGK,0.30602415759999996,0.566148754,0.4263286,0.63937956,0.8535365,0.41277245,0.9551818
1,LIVAAD,0.30602415759999996,0.566148754,0.6838634,0.59813136,0.850486,0.59090245,0.4107274
1,LIVAGE,0.30602415759999996,0.566148754,0.68535215,0.6197081,0.30403817,0.5898766,0.5013684
1,AIVAGS,0.30602415759999996,0.566148754,0.7066997,0.3684767,0.89894557,0.579719,0.5165301
1,LIVAD,0.30602415759999996,0.566148754,0.31845522,0.566233,0.88018405,0.48434678,0.52336484
1,IVAD,0.30602415759999996,0.566148754,0.999839,0.9986784,0.9270951,0.9809269,0.5343343
1,NYNYNYN,0.30602415759999996,0.566148754,0.99931836,0.95421207,0.9694943,0.9378137,0.9524179
1,SYSSYS,0.30602415759999996,0.566148754,0.9978431,0.9404693,0.98519325,0.98989516,0.26868892
1,CKIKIQI,0.30602415759999996,0.566148754,0.9998553,0.9952079,0.37757155,0.9859932,0.8797935
1,KIKQIINM,0.30602415759999996,0.566148754,0.9947729,0.72963357,0.360022,0.33777255,0.8054168
1,KIKQIINMWQ,0.30602415759999996,0.566148754,0.9996152,0.96466404,0.36933976,0.29488835,0.95252657
1,YTIAALLSPYS,0.30602415759999996,0.566148754,0.99190706,0.28695217,0.4383853,0.27692342,0.9821582
1,VTVIIE,0.30602415759999996,0.566148754,0.9994869,0.23842198,0.34033743,0.31706372,0.39371148
1,STVNIE,0.30602415759999996,0.566148754,0.35875025,0.2918703,0.3437759,0.28763682,0.39270455
1,STVIIY,0.30602415759999996,0.566148754,0.3584666,0.28102794,0.32989618,0.24761291,0.39653146
1,SSVIIE,0.30602415759999996,0.566148754,0.25161,0.28440192,0.5257488,0.2956788,0.32700795
1,SMVIIE,0.30602415759999996,0.566148754,0.23051336,0.27252802,0.33352792,0.38240784,0.54548526
1,SGVIIE,0.30602415759999996,0.566148754,0.34058076,0.28487805,0.38839406,0.4413386,0.2922925
1,DTVIIE,0.30602415759999996,0.566148754,0.30575925,0.49251905,0.36614314,0.503795,0.3820171
1,NHVTLS,0.30602415759999996,0.566148754,0.31804255,0.5126783,0.32528275,0.3846547,0.2991366
1,KDWSFY,0.30602415759999996,0.566148754,0.3215047,0.30719122,0.3771501,0.35677776,0.21885142
1,VEALYL,0.30602415759999996,0.566148754,0.27610117,0.32528186,0.32736975,0.5510827,0.33664265
1,FLVHSS,0.30602415759999996,0.566148754,0.2324793,0.25637773,0.48013145,0.2708117,0.26746723
1,VKVEV,0.30602415759999996,0.566148754,0.5419107,0.5448955,0.92672926,0.22452737,0.521912
1,RWLDY,0.30602415759999996,0.566148754,0.48240116,0.31891587,0.74784654,0.24734646,0.25872356
0,SWVIIE,0.30602415759999996,0.566148754,0.9508322,0.30418104,0.32000002,0.2962675,0.47423443
0,STVSIE,0.30602415759999996,0.566148754,0.98848975,0.5730259,0.8261932,0.7569109,0.23660639
0,STVPIE,0.30602415759999996,0.566148754,0.4782097,0.67206705,0.7989153,0.78958225,0.299075
0,STVMIE,0.30602415759999996,0.566148754,0.22368236,0.62897086,0.8896349,0.6379467,0.4098744
0,STVIPE,0.30602415759999996,0.566148754,0.29262328,0.9910054,0.2604179,0.98281366,0.42095912
0,STVILE,0.30602415759999996,0.566148754,0.294696,0.33847824,0.37729672,0.32984233,0.43516517
0,STVIGE,0.30602415759999996,0.566148754,0.25155172,0.32786417,0.34305608,0.2936313,0.49936664
0,STVIDE,0.30602415759999996,0.566148754,0.25741678,0.24952728,0.37835532,0.24842325,0.45280227
0,STVIAE,0.30602415759999996,0.566148754,0.22209847,0.3295099,0.39240167,0.434223,0.3867968
0,STMIIE,0.30602415759999996,0.566148754,0.35662863,0.28629747,0.42177993,0.2537887,0.47410306
0,KTVIVE,0.30602415759999996,0.566148754,0.30337965,0.27359205,0.37572145,0.34688127,0.41557577
0,YYTEFT,0.30602415759999996,0.566148754,0.27308506,0.339174,0.36918175,0.39145115,0.4336729
0,VKWDRD,0.30602415759999996,0.566148754,0.16533452,0.26002097,0.35209927,0.2847413,0.32408562
0,TEFTPT,0.30602415759999996,0.566148754,0.21631145,0.47350022,0.22381493,0.21775219,0.5838943
0,SRHPAE,0.30602415759999996,0.566148754,0.17732055,0.49573112,0.2525894,0.19987515,0.2108511
0,SGFHPS,0.30602415759999996,0.566148754,0.29747435,0.23820017,0.21352315,0.45917058,0.28810695
0,LSQPKI,0.30602415759999996,0.566148754,0.14782181,0.366682,0.18437359,0.3461334,0.23915516
0,KWDRDM,0.30602415759999996,0.566148754,0.21689676,0.45800334,0.23507655,0.20463307,0.25243998
0,RGFFYT,0.30602415759999996,0.566148754,0.21781643,0.33334133,0.3039783,0.34999517,0.55464286
0,GSHLVE,0.30602415759999996,0.566148754,0.3537623,0.43455118,0.2521914,0.5576539,0.21088822
0,GFFYTP,0.30602415759999996,0.566148754,0.2772926,0.22868578,0.21705163,0.8600962,0.8485983
0,VKVKV,0.30602415759999996,0.566148754,0.9636088,0.8928848,0.33109185,0.51086336,0.40802938
0,KVKVK,0.30602415759999996,0.566148754,0.23213345,0.24833195,0.7183595,0.37470266,0.3986188
0,WKPYY,0.30602415759999996,0.566148754,0.8872961,0.41990465,0.57486045,0.35057896,0.5090339
