labels,sequence,PR thr AP SP,ROC thr AP SP,test 305475974,preds AP SP seed 305475974,test 369953070,preds AP SP seed 369953070,test 879273778,preds AP SP seed 879273778,test 965681145,preds AP SP seed 965681145,test 992391276,preds AP SP seed 992391276
1,FKFEF,0.3839948796,0.5708274524,1,0.95820767,1,0.78895503,1,0.9458241,1,0.9739838,1,0.99006265
1,VKVFF,0.3839948796,0.5708274524,1,0.8399905,1,0.7747253,1,0.8086598,1,0.974975,2,0.72476226
1,KWEFY,0.3839948796,0.5708274524,1,0.097639434,1,0.5558903,1,0.23486306,1,0.056713678,2,0.7512091
1,FKIDF,0.3839948796,0.5708274524,1,0.79541254,1,0.1295751,1,0.06628978,2,0.9735274,2,0.95146817
1,KWMDF,0.3839948796,0.5708274524,1,0.7110743,2,0.907251,1,0.08022342,2,0.88131267,2,0.94759256
0,RVSVD,0.3839948796,0.5708274524,1,0.055092566,2,0.10068531,2,0.9491878,2,0.6129438,2,0.49938786
0,PTPCY,0.3839948796,0.5708274524,1,0.061132833,2,0.89354765,2,0.79077095,2,0.050510526,2,0.05947604
1,KFAFD,0.3839948796,0.5708274524,2,0.008196437,3,0.9470303,3,0.2297125,2,0.049567666,3,0.8444361
1,SYCGY,0.3839948796,0.5708274524,2,0.0723231,3,0.3368521,3,0.9088926,3,0.7904641,3,0.9627353
0,DPDPD,0.3839948796,0.5708274524,3,0.86511105,3,0.9299252,3,0.9886121,3,0.7241289,3,0.030900434
1,VVVVV,0.3839948796,0.5708274524,3,0.69036394,3,0.121384904,3,0.4853795,3,0.03405084,4,0.95588577
1,KFFFE,0.3839948796,0.5708274524,3,0.020402601,3,0.20493177,3,0.04273875,3,0.017259754,4,0.9333498
1,FFEKF,0.3839948796,0.5708274524,3,0.17287709,3,0.040772703,3,0.028029466,4,0.9730644,4,0.7333971
0,KKFDD,0.3839948796,0.5708274524,4,0.978069,3,0.042307694,3,0.042066075,4,0.18634373,4,0.011785066
0,PPPHY,0.3839948796,0.5708274524,4,0.88468647,4,0.9205514,3,0.029026072,4,0.12473549,4,0.02811613
1,VKVEV,0.3839948796,0.5708274524,4,0.5160884,4,0.89264953,4,0.6313189,5,0.16287436,5,0.16327496
1,RWLDY,0.3839948796,0.5708274524,4,0.91996837,4,0.7718569,4,0.67062503,5,0.9647033,5,0.3232759
0,VKVKV,0.3839948796,0.5708274524,4,0.97059137,4,0.05454191,4,0.044258792,5,0.5657407,5,0.07772663
0,KVKVK,0.3839948796,0.5708274524,4,0.15137613,4,0.049639735,5,0.848514,5,0.6392178,5,0.053603124
0,WKPYY,0.3839948796,0.5708274524,5,0.054905526,5,0.036016352,5,0.625605,5,0.091734625,5,0.041592937
