labels,sequence,PR thr AP,ROC thr AP,test 305475974,preds AP seed 305475974,test 369953070,preds AP seed 369953070,test 879273778,preds AP seed 879273778,test 965681145,preds AP seed 965681145,test 992391276,preds AP seed 992391276
1,GFFLGLDD,0.2581173828,0.5024869916000001,1,0.19481245,1,0.93625665,1,0.99673057,1,0.931344,1,0.5755779
1,NININI,0.2581173828,0.5024869916000001,1,0.6401823,1,0.942469,1,0.96492654,1,0.80101424,1,0.31244582
1,ISDNL,0.2581173828,0.5024869916000001,1,0.9256051,1,0.4872597,1,0.7716491,1,0.91488975,1,0.12237219
1,FTISD,0.2581173828,0.5024869916000001,1,0.8197343,1,0.9040062,1,0.32225183,1,0.90841067,1,0.38767546
1,CKIKIQINMWQ,0.2581173828,0.5024869916000001,1,0.73461306,1,0.3069174,1,0.9974753,1,0.99485576,1,0.9813713
1,AAAAAAK,0.2581173828,0.5024869916000001,1,0.30641276,1,0.71264315,1,0.9960104,1,0.7919717,1,0.41272315
1,CSISIQINM,0.2581173828,0.5024869916000001,1,0.9980744,1,0.87083983,1,0.98994994,1,0.6590009,1,0.9707633
1,GGGGGGGGDD,0.2581173828,0.5024869916000001,1,0.8526705,1,0.3842707,1,0.17950945,1,0.3377065,1,0.7735417
1,FAGFT,0.2581173828,0.5024869916000001,1,0.57330024,1,0.99678046,1,0.9255619,1,0.8298935,1,0.5289054
1,WRWRWR,0.2581173828,0.5024869916000001,1,0.9941183,1,0.18936741,1,0.98477995,1,0.7128351,1,0.16272123
1,FFGALGLDGD,0.2581173828,0.5024869916000001,1,0.18666741,1,0.8112629,1,0.9453662,1,0.6525815,1,0.9568045
1,GAVILRR,0.2581173828,0.5024869916000001,1,0.9672943,1,0.9388786,1,0.9950868,1,0.8857103,1,0.77835304
1,LLLLLLKK,0.2581173828,0.5024869916000001,1,0.9296034,1,0.92535144,1,0.20567393,1,0.93094623,1,0.9812226
1,AEAEAKAKAEAEAKAK,0.2581173828,0.5024869916000001,1,0.9872263,1,0.99564743,1,0.9758877,1,0.14446415,1,0.9248584
1,NVQVVY,0.2581173828,0.5024869916000001,1,0.9048626,1,0.92136323,1,0.11380192,1,0.9049437,1,0.60398114
1,INHVGGTGGAIMAPVAVTRQLVGS,0.2581173828,0.5024869916000001,1,0.9128909,1,0.99007076,1,0.9672084,1,0.9870437,1,0.9837172
1,VVVVVVD,0.2581173828,0.5024869916000001,1,0.5472592,1,0.94654983,1,0.9965394,1,0.9515646,1,0.9868085
1,PRFRFRFRF,0.2581173828,0.5024869916000001,1,0.26414898,1,0.9366142,1,0.76389337,1,0.47904986,1,0.5900004
1,NNVVNY,0.2581173828,0.5024869916000001,1,0.16909975,1,0.5399443,1,0.2527913,1,0.97771364,1,0.24095082
1,KYF,0.2581173828,0.5024869916000001,1,0.30815515,1,0.5483815,1,0.6891298,1,0.6244277,1,0.32776007
1,FFGPLGLKGK,0.2581173828,0.5024869916000001,1,0.28595906,1,0.99341923,1,0.5228567,1,0.32843506,1,0.95457566
1,VKVKVKVRVPPTRVKVKVKV,0.2581173828,0.5024869916000001,1,0.80507755,1,0.67795956,1,0.9924137,1,0.25680825,1,0.9826224
1,GGGAAAVVVIIIKKK,0.2581173828,0.5024869916000001,1,0.4146523,1,0.86461645,1,0.8440561,1,0.96052974,1,0.9987063
1,LAVAGD,0.2581173828,0.5024869916000001,1,0.44542667,1,0.9492584,1,0.33535147,1,0.9983301,1,0.53306293
1,ILVAGS,0.2581173828,0.5024869916000001,1,0.8215253,1,0.9457505,1,0.99997324,1,0.99820685,1,0.8290384
1,LIVAGT,0.2581173828,0.5024869916000001,1,0.91573405,1,0.9997352,1,0.8054045,1,0.82038504,1,0.8328474
1,AIVAGT,0.2581173828,0.5024869916000001,1,0.29168022,1,0.9998521,1,0.36438793,1,0.4520706,1,0.64974755
1,MEMEMKMKMEMEMKMK,0.2581173828,0.5024869916000001,1,0.9102456,1,0.4369413,1,0.35270023,1,0.2726444,1,0.96456784
1,GYGYGYG,0.2581173828,0.5024869916000001,1,0.8719264,1,0.28806603,1,0.3752303,1,0.1367011,1,0.39502397
1,NYNNYN,0.2581173828,0.5024869916000001,1,0.75236636,1,0.3176662,1,0.11585686,1,0.27177724,1,0.09817055
1,AAKAAAKAAAKAAAKA,0.2581173828,0.5024869916000001,1,0.33090228,1,0.34728464,1,0.5296163,1,0.73943317,1,0.9491568
1,CKFKFQF,0.2581173828,0.5024869916000001,1,0.91018504,1,0.6693606,1,0.8295306,1,0.86587393,1,0.52323776
1,CKIKQIINMWQ,0.2581173828,0.5024869916000001,1,0.8712614,1,0.80257046,1,0.6827366,1,0.3374601,1,0.981404
1,MKIKIQI,0.2581173828,0.5024869916000001,1,0.71081156,1,0.9356648,1,0.99709374,1,0.9005653,1,0.7958954
1,PPPPPPPPPPRRR,0.2581173828,0.5024869916000001,1,0.81889033,1,0.6416906,1,0.99660987,1,0.7220175,1,0.9287714
1,RADFRADARADARADA,0.2581173828,0.5024869916000001,1,0.20098315,1,0.87920636,1,0.18073711,1,0.8136558,1,0.9218723
1,RATARAEFRATARAEA,0.2581173828,0.5024869916000001,1,0.21141492,1,0.9413743,1,0.997273,1,0.6092302,1,0.9459197
1,YTVIIE,0.2581173828,0.5024869916000001,1,0.4171248,1,0.8931253,1,0.4812474,1,0.5754733,1,0.85955256
1,STVIIV,0.2581173828,0.5024869916000001,1,0.38404408,1,0.92336684,1,0.68445575,1,0.62376714,1,0.88966894
1,STVIII,0.2581173828,0.5024869916000001,1,0.42020196,1,0.4882773,1,0.5651024,1,0.2284712,1,0.8935969
1,STVIIF,0.2581173828,0.5024869916000001,1,0.9485165,1,0.49773252,1,0.20818375,1,0.24031273,1,0.91562486
1,STFIIE,0.2581173828,0.5024869916000001,1,0.428402,1,0.411255,1,0.23109166,1,0.44170147,1,0.6602928
1,STEIIE,0.2581173828,0.5024869916000001,1,0.8486121,1,0.39618415,1,0.2248332,1,0.7896653,1,0.20005687
1,SDVIIE,0.2581173828,0.5024869916000001,1,0.66413385,1,0.9601512,1,0.5160745,1,0.85286236,1,0.43962547
1,ITVIIE,0.2581173828,0.5024869916000001,1,0.28811756,1,0.39744523,1,0.78077525,1,0.43302968,1,0.92350787
1,ETVIIE,0.2581173828,0.5024869916000001,1,0.9688959,1,0.8818145,1,0.4257246,1,0.87895036,1,0.5305805
1,LLYYTE,0.2581173828,0.5024869916000001,1,0.4543189,1,0.94008106,1,0.73186094,1,0.58427685,1,0.84007734
1,KIVKWD,0.2581173828,0.5024869916000001,1,0.34276962,1,0.4709197,1,0.71942395,1,0.68327403,1,0.44356212
1,LVEALY,0.2581173828,0.5024869916000001,1,0.53677267,1,0.25276816,1,0.91811323,1,0.9195146,1,0.73033464
1,FKFEF,0.2581173828,0.5024869916000001,1,0.16792041,1,0.16208756,1,0.30643776,1,0.38529345,1,0.49245492
0,RITTR,0.2581173828,0.5024869916000001,1,0.13195114,1,0.16873676,1,0.095478036,1,0.342034,1,0.1292804
0,VKVKVKVK,0.2581173828,0.5024869916000001,1,0.49789166,1,0.5197837,1,0.28636485,1,0.32652503,1,0.93244684
0,STVVIE,0.2581173828,0.5024869916000001,1,0.3643385,1,0.34056735,1,0.6893281,1,0.5006319,1,0.6165098
0,STVQIE,0.2581173828,0.5024869916000001,1,0.21141931,1,0.23236433,1,0.43657294,1,0.27152646,1,0.20907594
0,STVIVE,0.2581173828,0.5024869916000001,1,0.2781825,1,0.24643597,1,0.999879,1,0.30679068,1,0.6202212
0,STVINE,0.2581173828,0.5024869916000001,1,0.40069467,1,0.48147035,1,0.50102055,1,0.20408799,1,0.26136193
0,STVIIP,0.2581173828,0.5024869916000001,1,0.26322934,1,0.3731746,1,0.2282694,1,0.32984483,1,0.7785463
0,STVGIE,0.2581173828,0.5024869916000001,1,0.38918158,1,0.4392771,1,0.32560351,1,0.523085,1,0.26506367
0,STPIIE,0.2581173828,0.5024869916000001,1,0.42422977,1,0.94111335,1,0.27267358,1,0.6318025,1,0.2949645
0,STIIIE,0.2581173828,0.5024869916000001,1,0.13629971,1,0.36466792,1,0.20405672,1,0.4552595,1,0.69502723
0,SPVIIE,0.2581173828,0.5024869916000001,1,0.17427914,1,0.24831101,1,0.13079844,1,0.5272619,1,0.65518177
0,PTVIIE,0.2581173828,0.5024869916000001,1,0.14622153,1,0.20960203,1,0.2447875,1,0.27378753,1,0.6787037
0,KTVIIE,0.2581173828,0.5024869916000001,1,0.23312515,1,0.3081277,1,0.120801575,1,0.22164716,1,0.58087224
0,WSFYLL,0.2581173828,0.5024869916000001,1,0.16858971,1,0.21644898,1,0.5226003,1,0.1475357,1,0.9085583
0,VYSRHP,0.2581173828,0.5024869916000001,1,0.5061306,1,0.22191392,1,0.2090101,1,0.16443075,1,0.26711455
0,QPKIVK,0.2581173828,0.5024869916000001,1,0.13882838,1,0.15180816,1,0.18753089,1,0.11448159,1,0.2035962
0,PSDIEV,0.2581173828,0.5024869916000001,1,0.16822484,1,0.22649111,1,0.09363911,1,0.17996866,1,0.13846597
0,LSFSKD,0.2581173828,0.5024869916000001,1,0.13588177,1,0.20433983,1,0.34926495,1,0.18677612,1,0.34614334
0,KVEHSD,0.2581173828,0.5024869916000001,1,0.25418058,1,0.2249646,1,0.39438507,1,0.57909757,1,0.11761719
0,FHPSDI,0.2581173828,0.5024869916000001,1,0.21741937,1,0.2483493,1,0.16889496,1,0.3294736,1,0.13732924
0,EVDLLK,0.2581173828,0.5024869916000001,1,0.63009995,1,0.34900084,1,0.19083624,1,0.7274047,1,0.26696783
0,LIAGFN,0.2581173828,0.5024869916000001,1,0.33685264,1,0.862695,1,0.19476624,1,0.07888274,1,0.7374558
0,KDHFY,0.2581173828,0.5024869916000001,1,0.25362238,1,0.1408665,1,0.13967298,1,0.20073752,1,0.12666422
0,KDPYY,0.2581173828,0.5024869916000001,1,0.1186993,1,0.18232961,1,0.16532624,1,0.18698052,1,0.114517
1,QEIARLEQEIARLEYEIARLE,0.2581173828,0.5024869916000001,2,0.11330936,2,0.08673359,2,0.093212806,2,0.4739179,2,0.9428154
1,NNQQNY,0.2581173828,0.5024869916000001,2,0.3850532,2,0.24692787,2,0.49454716,2,0.4120953,2,0.10422163
1,AILSS,0.2581173828,0.5024869916000001,2,0.90198076,2,0.8417102,2,0.07200196,2,0.16050176,2,0.44997567
1,EFFAAE,0.2581173828,0.5024869916000001,2,0.78758484,2,0.7325101,2,0.91875786,2,0.97904044,2,0.26064974
1,GGGGGGGGGGDD,0.2581173828,0.5024869916000001,2,0.6424409,2,0.95278233,2,0.18942457,2,0.9470574,2,0.8643226
1,CEIEIQINMWQ,0.2581173828,0.5024869916000001,2,0.8226452,2,0.3650677,2,0.69173443,2,0.60944563,2,0.96773356
1,YYACAYY,0.2581173828,0.5024869916000001,2,0.94176906,2,0.2930699,2,0.88196677,2,0.8671395,2,0.8797347
1,CKFKFQFNMWQ,0.2581173828,0.5024869916000001,2,0.20463099,2,0.7361558,2,0.27528754,2,0.61924434,2,0.93343085
1,VQIVYK,0.2581173828,0.5024869916000001,2,0.81533957,2,0.85130334,2,0.89869744,2,0.25278974,2,0.7034138
1,YVVFV,0.2581173828,0.5024869916000001,2,0.8244801,2,0.9396247,2,0.99142635,2,0.95294863,2,0.88769865
1,FFGAAGLDGD,0.2581173828,0.5024869916000001,2,0.8573107,2,0.9253039,2,0.99545264,2,0.8266341,2,0.88850284
1,AAVVLLLWEEEEEEE,0.2581173828,0.5024869916000001,2,0.9034583,2,0.68187225,2,0.94716066,2,0.6721061,2,0.97658837
1,FFGAAGLKGK,0.2581173828,0.5024869916000001,2,0.2908764,2,0.5411204,2,0.7021602,2,0.95033973,2,0.92811996
1,NVVVVY,0.2581173828,0.5024869916000001,2,0.98689824,2,0.67042774,2,0.17014468,2,0.6755945,2,0.85920817
1,KLVFFAE,0.2581173828,0.5024869916000001,2,0.13140206,2,0.98988235,2,0.9733943,2,0.9917443,2,0.8111934
1,FFGPLGLDGD,0.2581173828,0.5024869916000001,2,0.9110626,2,0.53741175,2,0.9433904,2,0.81615883,2,0.92144156
1,YVNAKQYYRILKRRY,0.2581173828,0.5024869916000001,2,0.9939661,2,0.524271,2,0.96677023,2,0.32030547,2,0.96784174
1,WVNAKQYWRILKRRW,0.2581173828,0.5024869916000001,2,0.97582835,2,0.25087634,2,0.574342,2,0.8312684,2,0.9634185
1,KAKAQAN,0.2581173828,0.5024869916000001,2,0.5042714,2,0.27155423,2,0.4586144,2,0.9329287,2,0.28487295
1,KFKFQFNMWQ,0.2581173828,0.5024869916000001,2,0.8562088,2,0.25891197,2,0.31094122,2,0.31780663,2,0.8750824
1,VKVRVRVRVPPTRVRVRVKV,0.2581173828,0.5024869916000001,2,0.21094805,2,0.8812606,2,0.8178747,2,0.88729537,2,0.97689265
1,VKVKVRVRVPPTRVRVKVKV,0.2581173828,0.5024869916000001,2,0.8543009,2,0.9989177,2,0.9485002,2,0.9544941,2,0.98120004
1,KKKIIIVVVAAAGGG,0.2581173828,0.5024869916000001,2,0.94212306,2,0.3193721,2,0.9502608,2,0.98176587,2,0.9984132
1,KKKAAAIIIGGGVVV,0.2581173828,0.5024869916000001,2,0.89282894,2,0.5677617,2,0.8810693,2,0.3854229,2,0.99754363
1,LIVAGD,0.2581173828,0.5024869916000001,2,0.9992274,2,0.3234501,2,0.99655074,2,0.5879175,2,0.6096918
1,SYSYSYS,0.2581173828,0.5024869916000001,2,0.99736094,2,0.41187006,2,0.9995851,2,0.38224274,2,0.46505344
1,QYQQYQ,0.2581173828,0.5024869916000001,2,0.69784784,2,0.22551648,2,0.99612814,2,0.13116744,2,0.1509745
1,LFF,0.2581173828,0.5024869916000001,2,0.73889303,2,0.24710672,2,0.48320287,2,0.7618773,2,0.7071507
1,CKIKQII,0.2581173828,0.5024869916000001,2,0.5585937,2,0.7222408,2,0.7726707,2,0.5904892,2,0.70107955
1,PPPPPPPPPPRKKRRQRRR,0.2581173828,0.5024869916000001,2,0.91450703,2,0.87066925,2,0.8064637,2,0.9564567,2,0.8668329
1,MKFKFQF,0.2581173828,0.5024869916000001,2,0.9121854,2,0.32050598,2,0.66299415,2,0.92192006,2,0.60307276
1,RATARAEARATARAEA,0.2581173828,0.5024869916000001,2,0.6527755,2,0.8149929,2,0.1924095,2,0.9192551,2,0.88737524
1,NFGSVQ,0.2581173828,0.5024869916000001,2,0.7945466,2,0.5254429,2,0.11241079,2,0.8469187,2,0.2173447
1,YFCFY,0.2581173828,0.5024869916000001,2,0.50800973,2,0.23460579,2,0.93703574,2,0.429143,2,0.82819754
1,WTVIIE,0.2581173828,0.5024869916000001,2,0.48130485,2,0.7370498,2,0.2735755,2,0.29311532,2,0.6962749
1,TTVIIE,0.2581173828,0.5024869916000001,2,0.75233257,2,0.72823364,2,0.9376325,2,0.22022355,2,0.6187773
1,STVYIE,0.2581173828,0.5024869916000001,2,0.6432243,2,0.8386213,2,0.9679884,2,0.5085364,2,0.49635994
1,STVTIE,0.2581173828,0.5024869916000001,2,0.88677245,2,0.83134437,2,0.5961797,2,0.8713981,2,0.34342775
1,STVIYE,0.2581173828,0.5024869916000001,2,0.89087254,2,0.5916464,2,0.9990934,2,0.89559877,2,0.5257622
1,STVIIT,0.2581173828,0.5024869916000001,2,0.77036583,2,0.2274552,2,0.83807945,2,0.90584326,2,0.7047564
1,STVIIS,0.2581173828,0.5024869916000001,2,0.62381274,2,0.8318311,2,0.26421058,2,0.27228537,2,0.69404775
1,STVIIQ,0.2581173828,0.5024869916000001,2,0.60044724,2,0.5725479,2,0.7680824,2,0.5682025,2,0.5942298
1,STVIIM,0.2581173828,0.5024869916000001,2,0.27369735,2,0.40833557,2,0.8964981,2,0.86074835,2,0.78850347
1,STVIIE,0.2581173828,0.5024869916000001,2,0.5799783,2,0.8781006,2,0.5850007,2,0.9121381,2,0.5778711
1,STNIIE,0.2581173828,0.5024869916000001,2,0.5868717,2,0.33332098,2,0.87539804,2,0.80859566,2,0.25159153
1,SFVIIE,0.2581173828,0.5024869916000001,2,0.7998981,2,0.63762593,2,0.14030343,2,0.99481887,2,0.71227723
1,VKVFF,0.2581173828,0.5024869916000001,2,0.683901,2,0.9918237,2,0.27842078,2,0.44744116,2,0.78817314
1,KWEFY,0.2581173828,0.5024869916000001,2,0.9668847,2,0.4181196,2,0.9969582,2,0.5174871,2,0.27371204
1,FKIDF,0.2581173828,0.5024869916000001,2,0.9931967,2,0.32223645,2,0.9306856,2,0.22012323,2,0.34020093
1,KWMDF,0.2581173828,0.5024869916000001,2,0.3477034,2,0.23702283,2,0.6510478,2,0.29164082,2,0.20593622
0,QIMRW,0.2581173828,0.5024869916000001,2,0.27474993,2,0.16143326,2,0.12586202,2,0.36379743,2,0.27493376
0,RITWI,0.2581173828,0.5024869916000001,2,0.5058783,2,0.6606561,2,0.9248849,2,0.7904747,2,0.5004777
0,TGTHTSTDT,0.2581173828,0.5024869916000001,2,0.45683172,2,0.5528748,2,0.549558,2,0.22578296,2,0.5128519
0,AGAHASADA,0.2581173828,0.5024869916000001,2,0.71810514,2,0.5893785,2,0.31204665,2,0.33547267,2,0.72365624
0,KIKQII,0.2581173828,0.5024869916000001,2,0.45943686,2,0.3197057,2,0.22147095,2,0.2563122,2,0.41468886
0,STVIEE,0.2581173828,0.5024869916000001,2,0.59403056,2,0.31405878,2,0.2430685,2,0.31526485,2,0.27123764
0,STVDIE,0.2581173828,0.5024869916000001,2,0.3486907,2,0.3475559,2,0.4835387,2,0.7419777,2,0.21446295
0,STTIIE,0.2581173828,0.5024869916000001,2,0.7472998,2,0.28713655,2,0.68299675,2,0.35329726,2,0.34140223
0,STAIIE,0.2581173828,0.5024869916000001,2,0.29443654,2,0.3259304,2,0.49978268,2,0.4287532,2,0.38615757
0,KTVLIE,0.2581173828,0.5024869916000001,2,0.34450445,2,0.6099128,2,0.12352325,2,0.5093639,2,0.47572953
0,VTLSQP,0.2581173828,0.5024869916000001,2,0.32255256,2,0.4717765,2,0.122600555,2,0.550344,2,0.36320883
0,SDLSFS,0.2581173828,0.5024869916000001,2,0.32706812,2,0.54169726,2,0.14369865,2,0.09983942,2,0.28924793
0,NGKSNF,0.2581173828,0.5024869916000001,2,0.51247716,2,0.1424383,2,0.120673634,2,0.17461473,2,0.13864921
0,IQVYSR,0.2581173828,0.5024869916000001,2,0.48644915,2,0.18646708,2,0.26006797,2,0.15000288,2,0.46524206
0,IEKVEH,0.2581173828,0.5024869916000001,2,0.28669798,2,0.0915111,2,0.068490155,2,0.18319415,2,0.20223488
0,DLLKNG,0.2581173828,0.5024869916000001,2,0.18895006,2,0.1078304,2,0.15237333,2,0.10478176,2,0.18900816
0,DIEVDL,0.2581173828,0.5024869916000001,2,0.1265364,2,0.17107892,2,0.21483286,2,0.10939013,2,0.23206313
0,YQLENY,0.2581173828,0.5024869916000001,2,0.24958448,2,0.31818774,2,0.21281798,2,0.3754949,2,0.23009849
0,SLYQLE,0.2581173828,0.5024869916000001,2,0.7038309,2,0.22620237,2,0.64169604,2,0.33223927,2,0.33361676
0,HLVEAL,0.2581173828,0.5024869916000001,2,0.18588994,2,0.20134002,2,0.35626164,2,0.6468737,2,0.3789756
0,FVNQHL,0.2581173828,0.5024869916000001,2,0.19945775,2,0.12746602,2,0.799703,2,0.16343744,2,0.2660403
0,RVSVD,0.2581173828,0.5024869916000001,2,0.16776769,2,0.30657324,2,0.11537709,2,0.08502697,2,0.18754004
0,PTPCY,0.2581173828,0.5024869916000001,2,0.17491037,2,0.6245491,2,0.14562185,2,0.17665553,2,0.23147705
0,YEPYK,0.2581173828,0.5024869916000001,2,0.16184056,2,0.15176982,2,0.112199426,2,0.14194374,2,0.1704645
1,YVIFL,0.2581173828,0.5024869916000001,3,0.97045314,3,0.12765267,3,0.43825454,3,0.9436247,3,0.95078856
1,CEIEIQINM,0.2581173828,0.5024869916000001,3,0.090012915,3,0.49181846,3,0.4727363,3,0.23155417,3,0.7265198
1,KFFAAK,0.2581173828,0.5024869916000001,3,0.9312208,3,0.625031,3,0.88945436,3,0.64749855,3,0.28048292
1,GGVVIA,0.2581173828,0.5024869916000001,3,0.3041025,3,0.9131076,3,0.2672289,3,0.26738054,3,0.5477354
1,NFGAIL,0.2581173828,0.5024869916000001,3,0.828465,3,0.22740555,3,0.16463648,3,0.11670651,3,0.33176756
1,CKAKAQANM,0.2581173828,0.5024869916000001,3,0.9824214,3,0.38666418,3,0.30635405,3,0.27010667,3,0.6154265
1,LDFPI,0.2581173828,0.5024869916000001,3,0.35803866,3,0.8940469,3,0.6724949,3,0.9769076,3,0.34509468
1,FFVLK,0.2581173828,0.5024869916000001,3,0.47473162,3,0.9964972,3,0.34623516,3,0.33565143,3,0.847509
1,CSISIQI,0.2581173828,0.5024869916000001,3,0.19060208,3,0.97199804,3,0.6135287,3,0.8081309,3,0.7945564
1,GFFLG,0.2581173828,0.5024869916000001,3,0.93494916,3,0.9752392,3,0.90840644,3,0.37890223,3,0.5660204
1,FFALGLAGKK,0.2581173828,0.5024869916000001,3,0.6158164,3,0.90119386,3,0.5070021,3,0.8840488,3,0.98786926
1,AAAAAAD,0.2581173828,0.5024869916000001,3,0.8757178,3,0.9116504,3,0.92366916,3,0.93936706,3,0.33082256
1,GFFL,0.2581173828,0.5024869916000001,3,0.9677077,3,0.5705059,3,0.9686842,3,0.17125867,3,0.57756114
1,FFGPAGLDGD,0.2581173828,0.5024869916000001,3,0.9254273,3,0.43764246,3,0.5113022,3,0.80930173,3,0.7371879
1,AAAAAAAAAAAARR,0.2581173828,0.5024869916000001,3,0.7562201,3,0.8999581,3,0.24473763,3,0.97704697,3,0.9267491
1,VVVVVVDD,0.2581173828,0.5024869916000001,3,0.65434796,3,0.9662708,3,0.19604057,3,0.41598228,3,0.9925282
1,GNNQQNY,0.2581173828,0.5024869916000001,3,0.8591655,3,0.707228,3,0.95334953,3,0.1462932,3,0.2533121
1,FFPLGLAGKK,0.2581173828,0.5024869916000001,3,0.57709116,3,0.61267436,3,0.9989604,3,0.96306586,3,0.97976047
1,FFSGHFDFF,0.2581173828,0.5024869916000001,3,0.7241014,3,0.5683963,3,0.99978673,3,0.61327624,3,0.8828068
1,GFIL,0.2581173828,0.5024869916000001,3,0.94349855,3,0.29077828,3,0.7756086,3,0.47289392,3,0.5578738
1,RADARADARADARADA,0.2581173828,0.5024869916000001,3,0.22367875,3,0.31727302,3,0.78471285,3,0.12203646,3,0.9374126
1,LIVGD,0.2581173828,0.5024869916000001,3,0.9643512,3,0.9993082,3,0.8127692,3,0.95326114,3,0.67760634
1,KAKAQA,0.2581173828,0.5024869916000001,3,0.9945966,3,0.7189787,3,0.86187047,3,0.9707521,3,0.169492
1,KAKAQANMWQ,0.2581173828,0.5024869916000001,3,0.9989614,3,0.83470106,3,0.5619895,3,0.998006,3,0.76658773
1,KIKIQINMWQ,0.2581173828,0.5024869916000001,3,0.7499956,3,0.83786875,3,0.70486903,3,0.6266542,3,0.86146766
1,VRVRVRVRVPPTRVRVRVRV,0.2581173828,0.5024869916000001,3,0.7598351,3,0.603972,3,0.9313161,3,0.62565196,3,0.9520237
1,KKKGGGAAAVVVIII,0.2581173828,0.5024869916000001,3,0.60684454,3,0.80068064,3,0.66267574,3,0.6545635,3,0.9827052
1,VVVGGGIIIAAAKKK,0.2581173828,0.5024869916000001,3,0.400931,3,0.69781417,3,0.5576574,3,0.762453,3,0.9996327
1,IIIVVVAAAGGGKKK,0.2581173828,0.5024869916000001,3,0.43698955,3,0.9700182,3,0.94038796,3,0.32259765,3,0.9995747
1,LIVAGS,0.2581173828,0.5024869916000001,3,0.20527244,3,0.9042046,3,0.93088454,3,0.3961398,3,0.8872804
1,CKIKQIINM,0.2581173828,0.5024869916000001,3,0.4144024,3,0.997794,3,0.8667553,3,0.70574546,3,0.7763956
1,KASAKAEAKAEAKASA,0.2581173828,0.5024869916000001,3,0.68017817,3,0.8085845,3,0.33260804,3,0.9407148,3,0.9354242
1,QMAVHV,0.2581173828,0.5024869916000001,3,0.6655746,3,0.90351593,3,0.6217923,3,0.5557861,3,0.29405206
1,STVWIE,0.2581173828,0.5024869916000001,3,0.7940606,3,0.50857913,3,0.9002379,3,0.9399612,3,0.44629884
1,STVLIE,0.2581173828,0.5024869916000001,3,0.712002,3,0.8541392,3,0.44075787,3,0.942007,3,0.49197033
1,STVIIW,0.2581173828,0.5024869916000001,3,0.8311444,3,0.7667743,3,0.84200877,3,0.19686152,3,0.82497454
1,STVIIL,0.2581173828,0.5024869916000001,3,0.6142603,3,0.55351645,3,0.59478444,3,0.9414235,3,0.8262207
1,STVIID,0.2581173828,0.5024869916000001,3,0.8418439,3,0.22463192,3,0.92094433,3,0.9968989,3,0.52430105
1,STVFIE,0.2581173828,0.5024869916000001,3,0.55898744,3,0.5622338,3,0.87834346,3,0.6502651,3,0.5534276
1,STVEIE,0.2581173828,0.5024869916000001,3,0.5747589,3,0.8980532,3,0.44459328,3,0.48672807,3,0.23527075
1,STSIIE,0.2581173828,0.5024869916000001,3,0.4672132,3,0.4554007,3,0.5596448,3,0.86138153,3,0.27475032
1,STQIIE,0.2581173828,0.5024869916000001,3,0.6441848,3,0.59688765,3,0.43459713,3,0.89889973,3,0.23043387
1,SNVIIE,0.2581173828,0.5024869916000001,3,0.8250507,3,0.6970766,3,0.67417246,3,0.42509133,3,0.38014904
1,QTVIIE,0.2581173828,0.5024869916000001,3,0.8346597,3,0.19016194,3,0.41797993,3,0.8397788,3,0.38793916
1,MTVIIE,0.2581173828,0.5024869916000001,3,0.21443564,3,0.16820464,3,0.21678166,3,0.37991732,3,0.8630945
1,FTVIIE,0.2581173828,0.5024869916000001,3,0.24223419,3,0.6848662,3,0.73828065,3,0.19377428,3,0.8968907
1,ATVIIE,0.2581173828,0.5024869916000001,3,0.6797346,3,0.9535308,3,0.30656278,3,0.26522362,3,0.6679433
1,AAVVLLLW,0.2581173828,0.5024869916000001,3,0.9950275,3,0.20632437,3,0.40409675,3,0.9826262,3,0.9920907
1,KFAFD,0.2581173828,0.5024869916000001,3,0.3307204,3,0.36373776,3,0.36671394,3,0.8254118,3,0.22961266
1,SYCGY,0.2581173828,0.5024869916000001,3,0.4508385,3,0.22242141,3,0.18168487,3,0.3615564,3,0.26835418
0,PLVKA,0.2581173828,0.5024869916000001,3,0.28812867,3,0.4230857,3,0.42839336,3,0.12440752,3,0.31745428
0,STYIIE,0.2581173828,0.5024869916000001,3,0.6224833,3,0.9120952,3,0.26621795,3,0.40771732,3,0.44287303
0,STVITE,0.2581173828,0.5024869916000001,3,0.31379676,3,0.34880072,3,0.7027036,3,0.6982887,3,0.35042974
0,STVISE,0.2581173828,0.5024869916000001,3,0.28623384,3,0.32204536,3,0.32951862,3,0.7696346,3,0.34349352
0,STVIME,0.2581173828,0.5024869916000001,3,0.39150262,3,0.21233511,3,0.19933689,3,0.29887393,3,0.45288995
0,STVAIE,0.2581173828,0.5024869916000001,3,0.22778083,3,0.30244195,3,0.27403823,3,0.49332494,3,0.32956317
0,KTVIYE,0.2581173828,0.5024869916000001,3,0.6087049,3,0.64268625,3,0.3189885,3,0.58134484,3,0.3852559
0,YVSGFH,0.2581173828,0.5024869916000001,3,0.50419307,3,0.28433326,3,0.40665588,3,0.33707875,3,0.6465386
0,RVNHVT,0.2581173828,0.5024869916000001,3,0.84824395,3,0.3533574,3,0.4760418,3,0.3044023,3,0.19396068
0,RTPKIQ,0.2581173828,0.5024869916000001,3,0.33864903,3,0.6599135,3,0.2794865,3,0.28644067,3,0.16990048
0,PTEKDE,0.2581173828,0.5024869916000001,3,0.18857294,3,0.14895771,3,0.17288134,3,0.34061772,3,0.16282426
0,PKIQVY,0.2581173828,0.5024869916000001,3,0.098954454,3,0.12568952,3,0.17295736,3,0.471115,3,0.29408684
0,NGERIE,0.2581173828,0.5024869916000001,3,0.15209135,3,0.25923717,3,0.16930489,3,0.16018808,3,0.15646009
0,KSNFLN,0.2581173828,0.5024869916000001,3,0.2376184,3,0.13728856,3,0.23016071,3,0.10858343,3,0.19214584
0,FTPTEK,0.2581173828,0.5024869916000001,3,0.19498914,3,0.19211856,3,0.20489748,3,0.20598052,3,0.18544212
0,EKDEYA,0.2581173828,0.5024869916000001,3,0.32727686,3,0.13053663,3,0.24826817,3,0.1753947,3,0.14862476
0,EHSDLS,0.2581173828,0.5024869916000001,3,0.37461585,3,0.36940494,3,0.15803784,3,0.30599448,3,0.13758181
0,AENGKS,0.2581173828,0.5024869916000001,3,0.32798555,3,0.17155814,3,0.16183132,3,0.11802746,3,0.16378367
0,SHLVEA,0.2581173828,0.5024869916000001,3,0.28776374,3,0.44990122,3,0.1704809,3,0.13612355,3,0.20365173
0,GERGFF,0.2581173828,0.5024869916000001,3,0.29334545,3,0.27082556,3,0.30012667,3,0.41574392,3,0.20140183
0,NLGPVL,0.2581173828,0.5024869916000001,3,0.10004629,3,0.18311737,3,0.12611441,3,0.1627558,3,0.28350773
0,DPDPD,0.2581173828,0.5024869916000001,3,0.073919654,3,0.13384748,3,0.34850448,3,0.15455623,3,0.109334394
0,EPYYK,0.2581173828,0.5024869916000001,3,0.19020756,3,0.13049461,3,0.11083283,3,0.10744026,3,0.1539436
0,YDPKY,0.2581173828,0.5024869916000001,3,0.14863598,3,0.11586597,3,0.15569068,3,0.10544847,3,0.14764541
1,FFKLVFF,0.2581173828,0.5024869916000001,4,0.9981364,4,0.6714011,4,0.94264966,4,0.108212575,4,0.96369034
1,VVEE,0.2581173828,0.5024869916000001,4,0.6739515,4,0.73326033,4,0.69745386,4,0.99980706,4,0.23770978
1,KLVFF,0.2581173828,0.5024869916000001,4,0.464028,4,0.42083412,4,0.9573099,4,0.4767671,4,0.8097579
1,SFSFSF,0.2581173828,0.5024869916000001,4,0.5738082,4,0.9331816,4,0.85931593,4,0.8640724,4,0.6643269
1,YFTEF,0.2581173828,0.5024869916000001,4,0.38837045,4,0.52203333,4,0.42053327,4,0.31220067,4,0.46271443
1,FKFEFKFEFKFE,0.2581173828,0.5024869916000001,4,0.44793305,4,0.6869428,4,0.9399487,4,0.94939584,4,0.99755555
1,VEVE,0.2581173828,0.5024869916000001,4,0.75754076,4,0.89026296,4,0.77655846,4,0.99531484,4,0.21335159
1,YVVFL,0.2581173828,0.5024869916000001,4,0.99330395,4,0.97347504,4,0.76824796,4,0.970426,4,0.9152425
1,VVVVVVK,0.2581173828,0.5024869916000001,4,0.9980839,4,0.9102032,4,0.9587848,4,0.9494632,4,0.9701202
1,SSTSAA,0.2581173828,0.5024869916000001,4,0.999614,4,0.59440565,4,0.54056793,4,0.9260793,4,0.13450706
1,FFVDF,0.2581173828,0.5024869916000001,4,0.9675894,4,0.21615213,4,0.966369,4,0.6963241,4,0.6844286
1,VVVVVVKK,0.2581173828,0.5024869916000001,4,0.9827628,4,0.9958916,4,0.9354703,4,0.98701715,4,0.9836977
1,FFPLGLAGDD,0.2581173828,0.5024869916000001,4,0.9847226,4,0.94941956,4,0.8881573,4,0.9771818,4,0.94813126
1,FGAIL,0.2581173828,0.5024869916000001,4,0.57106173,4,0.6571081,4,0.5667514,4,0.88888067,4,0.6138039
1,RFRFRFRF,0.2581173828,0.5024869916000001,4,0.97887367,4,0.9882785,4,0.9504006,4,0.9814443,4,0.69340914
1,FGFDP,0.2581173828,0.5024869916000001,4,0.99856126,4,0.76006645,4,0.99696803,4,0.9988393,4,0.25851586
1,GAIL,0.2581173828,0.5024869916000001,4,0.65638083,4,0.5995363,4,0.8932821,4,0.2849035,4,0.3453857
1,KFKFQFN,0.2581173828,0.5024869916000001,4,0.3143424,4,0.9967576,4,0.9519179,4,0.7596166,4,0.3853488
1,ILVAGD,0.2581173828,0.5024869916000001,4,0.3075802,4,0.27097636,4,0.5090806,4,0.21348591,4,0.57686824
1,AIVAGD,0.2581173828,0.5024869916000001,4,0.77941525,4,0.8285422,4,0.7076599,4,0.17978503,4,0.3813037
1,LIVAGK,0.2581173828,0.5024869916000001,4,0.9587381,4,0.23205216,4,0.2846018,4,0.35569492,4,0.67726624
1,IVD,0.2581173828,0.5024869916000001,4,0.99974304,4,0.9550496,4,0.8285594,4,0.99999875,4,0.3747657
1,IID,0.2581173828,0.5024869916000001,4,0.99997985,4,0.97598046,4,0.34622127,4,0.99999547,4,0.39614996
1,QYQYQYQ,0.2581173828,0.5024869916000001,4,0.9999897,4,0.9989971,4,0.9523841,4,0.45437872,4,0.2572164
1,CKAKAQA,0.2581173828,0.5024869916000001,4,0.9999812,4,0.9953032,4,0.99857044,4,0.6164284,4,0.25275066
1,CKFKFQFNM,0.2581173828,0.5024869916000001,4,0.56888384,4,0.73005724,4,0.88510156,4,0.42902002,4,0.89512306
1,CKIKIQIN,0.2581173828,0.5024869916000001,4,0.28601086,4,0.8041138,4,0.39747033,4,0.99954104,4,0.81254506
1,RADARADFRADARADA,0.2581173828,0.5024869916000001,4,0.12717526,4,0.85904646,4,0.8308323,4,0.19433753,4,0.99893326
1,SAEAKAEAKAEASAEA,0.2581173828,0.5024869916000001,4,0.2296818,4,0.41566357,4,0.9526964,4,0.26409674,4,0.999047
1,SYVIIE,0.2581173828,0.5024869916000001,4,0.277872,4,0.92989117,4,0.9174325,4,0.6140394,4,0.726974
1,SVVIIE,0.2581173828,0.5024869916000001,4,0.59640616,4,0.13228069,4,0.83592236,4,0.9562409,4,0.7882279
1,STVIIN,0.2581173828,0.5024869916000001,4,0.9979895,4,0.9285025,4,0.48016462,4,0.9989932,4,0.5758013
1,STVIIA,0.2581173828,0.5024869916000001,4,0.9980302,4,0.9096343,4,0.22911581,4,0.83493763,4,0.7116152
1,STVIFE,0.2581173828,0.5024869916000001,4,0.18079641,4,0.8366378,4,0.5212607,4,0.8894174,4,0.59472597
1,STLIIE,0.2581173828,0.5024869916000001,4,0.8569724,4,0.59251356,4,0.8166262,4,0.79327404,4,0.532372
1,SQVIIE,0.2581173828,0.5024869916000001,4,0.22162554,4,0.9076011,4,0.8353956,4,0.5108872,4,0.44744846
1,SLVIIE,0.2581173828,0.5024869916000001,4,0.21505307,4,0.9126365,4,0.60061306,4,0.69633275,4,0.769389
1,SIVIIE,0.2581173828,0.5024869916000001,4,0.86410725,4,0.6524157,4,0.7904936,4,0.59299344,4,0.8071706
1,SEVIIE,0.2581173828,0.5024869916000001,4,0.90155816,4,0.3137666,4,0.8658121,4,0.5871656,4,0.43018487
1,SAVIIE,0.2581173828,0.5024869916000001,4,0.9066298,4,0.8794747,4,0.5618902,4,0.79223895,4,0.60061175
1,NTVIIE,0.2581173828,0.5024869916000001,4,0.47900945,4,0.6408058,4,0.713465,4,0.5873893,4,0.45162034
1,LTVIIE,0.2581173828,0.5024869916000001,4,0.8377435,4,0.6325423,4,0.22067255,4,0.20478468,4,0.7889372
1,GTVIIE,0.2581173828,0.5024869916000001,4,0.5867247,4,0.294079,4,0.64504176,4,0.8416503,4,0.54436773
1,FYLLYY,0.2581173828,0.5024869916000001,4,0.4155214,4,0.87457293,4,0.44468072,4,0.38689527,4,0.9327164
1,LYQLEN,0.2581173828,0.5024869916000001,4,0.721311,4,0.41504517,4,0.44746265,4,0.33971158,4,0.26521954
1,KKSLSLSLSLSLSLKK,0.2581173828,0.5024869916000001,4,0.8382776,4,0.8810714,4,0.9359209,4,0.6299197,4,0.99993885
1,VVVVV,0.2581173828,0.5024869916000001,4,0.29169634,4,0.38069054,4,0.9853845,4,0.8718711,4,0.9078279
1,KFFFE,0.2581173828,0.5024869916000001,4,0.21078557,4,0.85968894,4,0.9768012,4,0.21310978,4,0.5052935
1,FFEKF,0.2581173828,0.5024869916000001,4,0.23811217,4,0.44589537,4,0.19214417,4,0.73722166,4,0.3970757
1,KFFDY,0.2581173828,0.5024869916000001,4,0.48353213,4,0.2082042,4,0.2519119,4,0.2736171,4,0.32577977
0,KAAGG,0.2581173828,0.5024869916000001,4,0.12606806,4,0.11579096,4,0.45543227,4,0.12050747,4,0.10279013
0,PFTTR,0.2581173828,0.5024869916000001,4,0.99959993,4,0.2586748,4,0.49700108,4,0.17809078,4,0.165824
0,TTSGHTDTT,0.2581173828,0.5024869916000001,4,0.52154005,4,0.80113226,4,0.35629463,4,0.99999815,4,0.5562786
0,AASGHADAA,0.2581173828,0.5024869916000001,4,0.57128316,4,0.54637593,4,0.81355226,4,0.5424415,4,0.7187981
0,KIKIQI,0.2581173828,0.5024869916000001,4,0.4348389,4,0.5907735,4,0.54751325,4,0.5225365,4,0.42628217
0,VKVKVKVKVDPPTKVEVKVKV,0.2581173828,0.5024869916000001,4,0.24625155,4,0.34192404,4,0.23726898,4,0.22684911,4,0.9999389
0,STVIWE,0.2581173828,0.5024869916000001,4,0.23860611,4,0.75546074,4,0.27585462,4,0.18522853,4,0.51605767
0,STVIQE,0.2581173828,0.5024869916000001,4,0.58534646,4,0.25000116,4,0.434384,4,0.5672957,4,0.2593074
0,STGIIE,0.2581173828,0.5024869916000001,4,0.6603368,4,0.37646008,4,0.55477196,4,0.5898405,4,0.29170582
0,STDIIE,0.2581173828,0.5024869916000001,4,0.51270044,4,0.34002632,4,0.34147254,4,0.1452103,4,0.21624324
0,KTVIIT,0.2581173828,0.5024869916000001,4,0.36218542,4,0.47349966,4,0.32186317,4,0.16988057,4,0.6325663
0,LKNGER,0.2581173828,0.5024869916000001,4,0.22994952,4,0.10855614,4,0.24215354,4,0.18954617,4,0.11153256
0,IQRTPK,0.2581173828,0.5024869916000001,4,0.13230519,4,0.2816806,4,0.6031633,4,0.27363533,4,0.1466626
0,HPAENG,0.2581173828,0.5024869916000001,4,0.32457864,4,0.4888741,4,0.91848224,4,0.09340604,4,0.09952999
0,FSKDWS,0.2581173828,0.5024869916000001,4,0.12518407,4,0.12065542,4,0.15492871,4,0.1550669,4,0.20491953
0,ERIEKV,0.2581173828,0.5024869916000001,4,0.15642987,4,0.1940342,4,0.18137534,4,0.13630846,4,0.14727792
0,FYTPKT,0.2581173828,0.5024869916000001,4,0.21496578,4,0.19973265,4,0.21284465,4,0.09826491,4,0.3231647
0,FFYTPK,0.2581173828,0.5024869916000001,4,0.12420552,4,0.5101925,4,0.08442797,4,0.3299814,4,0.52383024
0,ERGFFY,0.2581173828,0.5024869916000001,4,0.17479077,4,0.31899604,4,0.21903025,4,0.19467013,4,0.40014037
0,EALYLV,0.2581173828,0.5024869916000001,4,0.17756428,4,0.7467669,4,0.30363533,4,0.31326526,4,0.6263807
0,KKFDD,0.2581173828,0.5024869916000001,4,0.15853816,4,0.10151347,4,0.15799133,4,0.26125005,4,0.0877943
0,PPPHY,0.2581173828,0.5024869916000001,4,0.7061441,4,0.19474724,4,0.8245066,4,0.48979232,4,0.1198601
0,YTEYK,0.2581173828,0.5024869916000001,4,0.48417103,4,0.14655097,4,0.2951147,4,0.21643525,4,0.16584605
1,AEAEAEAEAKAKAKAK,0.2581173828,0.5024869916000001,5,0.90335256,5,0.909085,5,0.9533322,5,0.7306261,5,0.90616006
1,GGGGDD,0.2581173828,0.5024869916000001,5,0.4310987,5,0.99632347,5,0.27253366,5,0.13132618,5,0.12104962
1,CEIEIQI,0.2581173828,0.5024869916000001,5,0.86656135,5,0.12969704,5,0.8385192,5,0.943948,5,0.44458237
1,FKFEFKFE,0.2581173828,0.5024869916000001,5,0.580498,5,0.7905885,5,0.45469487,5,0.60837334,5,0.71760523
1,QQEFQWQFRQQ,0.2581173828,0.5024869916000001,5,0.15018022,5,0.8067177,5,0.9381546,5,0.95859855,5,0.7801578
1,WRWRWRWR,0.2581173828,0.5024869916000001,5,0.8540733,5,0.6335696,5,0.97868365,5,0.42301244,5,0.38253877
1,CKAKAQANMWQ,0.2581173828,0.5024869916000001,5,0.92089427,5,0.23267287,5,0.2846925,5,0.87740946,5,0.80728114
1,AAVVLLLWEE,0.2581173828,0.5024869916000001,5,0.9837663,5,0.90164745,5,0.76976687,5,0.8397712,5,0.9976865
1,RARADADARARADADA,0.2581173828,0.5024869916000001,5,0.96506536,5,0.6302448,5,0.9085287,5,0.9974452,5,0.9016483
1,ITSVV,0.2581173828,0.5024869916000001,5,0.34603396,5,0.2323344,5,0.93899393,5,0.48391324,5,0.6764173
1,WRWRWRWRWR,0.2581173828,0.5024869916000001,5,0.64990854,5,0.95086586,5,0.78276366,5,0.6961872,5,0.67941964
1,FFGALGLKGK,0.2581173828,0.5024869916000001,5,0.75564426,5,0.23607562,5,0.61364913,5,0.9289353,5,0.9653141
1,NVVQIY,0.2581173828,0.5024869916000001,5,0.64827716,5,0.8990755,5,0.6871991,5,0.95084065,5,0.5892131
1,DFY,0.2581173828,0.5024869916000001,5,0.55703545,5,0.959922,5,0.5838207,5,0.9956161,5,0.24450265
1,FGFHFSFDF,0.2581173828,0.5024869916000001,5,0.5492565,5,0.101145566,5,0.8221635,5,0.9531012,5,0.966589
1,IKVAV,0.2581173828,0.5024869916000001,5,0.91257477,5,0.1216213,5,0.21652535,5,0.9914564,5,0.59951043
1,GGGGGGDD,0.2581173828,0.5024869916000001,5,0.60002214,5,0.9690852,5,0.9505964,5,0.99273807,5,0.34899768
1,IIIK,0.2581173828,0.5024869916000001,5,0.18265632,5,0.9994932,5,0.8550359,5,0.37769556,5,0.7343179
1,LLLLLLDD,0.2581173828,0.5024869916000001,5,0.5669033,5,0.2051641,5,0.9936326,5,0.6424088,5,0.988004
1,IIIIIIKK,0.2581173828,0.5024869916000001,5,0.20311819,5,0.090662286,5,0.12555565,5,0.23940448,5,0.9954047
1,KFG,0.2581173828,0.5024869916000001,5,0.99732363,5,0.79445124,5,0.23972355,5,0.9977574,5,0.1938903
1,KFKFQF,0.2581173828,0.5024869916000001,5,0.96348023,5,0.996154,5,0.96736515,5,0.8792006,5,0.33720174
1,KIKIQINM,0.2581173828,0.5024869916000001,5,0.9708995,5,0.99997485,5,0.97508425,5,0.97344464,5,0.6454076
1,KLDLKLDLKLDL,0.2581173828,0.5024869916000001,5,0.7450105,5,0.6990817,5,0.3797849,5,0.9862237,5,0.8920165
1,FFGPAGLKGK,0.2581173828,0.5024869916000001,5,0.791397,5,0.4461862,5,0.30723244,5,0.8578905,5,0.818519
1,LIVAAD,0.2581173828,0.5024869916000001,5,0.8277061,5,0.6838613,5,0.3671935,5,0.86126226,5,0.7947019
1,LIVAGE,0.2581173828,0.5024869916000001,5,0.54956436,5,0.6007862,5,0.2117681,5,0.90078205,5,0.7702419
1,AIVAGS,0.2581173828,0.5024869916000001,5,0.46016666,5,0.1060439,5,0.7080657,5,0.7384564,5,0.5834154
1,LIVAD,0.2581173828,0.5024869916000001,5,0.12276789,5,0.70497966,5,0.7021922,5,0.8144567,5,0.675835
1,IVAD,0.2581173828,0.5024869916000001,5,0.9666073,5,0.9972617,5,0.9108654,5,0.9518451,5,0.37156147
1,NYNYNYN,0.2581173828,0.5024869916000001,5,0.94487923,5,0.6277078,5,0.91303366,5,0.42924875,5,0.2392359
1,SYSSYS,0.2581173828,0.5024869916000001,5,0.8866098,5,0.6718428,5,0.9132009,5,0.8612613,5,0.2548353
1,CKIKIQI,0.2581173828,0.5024869916000001,5,0.86964285,5,0.99308777,5,0.8802229,5,0.9581726,5,0.5708976
1,KIKQIINM,0.2581173828,0.5024869916000001,5,0.5621641,5,0.17143384,5,0.8601856,5,0.90959656,5,0.62321556
1,KIKQIINMWQ,0.2581173828,0.5024869916000001,5,0.88320893,5,0.86778957,5,0.654327,5,0.779678,5,0.8735
1,YTIAALLSPYS,0.2581173828,0.5024869916000001,5,0.9432768,5,0.533123,5,0.608103,5,0.55192107,5,0.99753517
1,VTVIIE,0.2581173828,0.5024869916000001,5,0.99610054,5,0.53572,5,0.2926085,5,0.58557063,5,0.9093599
1,STVNIE,0.2581173828,0.5024869916000001,5,0.85176384,5,0.6024973,5,0.6100241,5,0.20634414,5,0.21668191
1,STVIIY,0.2581173828,0.5024869916000001,5,0.90299296,5,0.78704476,5,0.46518567,5,0.57099676,5,0.8740377
1,SSVIIE,0.2581173828,0.5024869916000001,5,0.29519877,5,0.59742874,5,0.85556906,5,0.40754372,5,0.60354364
1,SMVIIE,0.2581173828,0.5024869916000001,5,0.5275279,5,0.21765183,5,0.37694976,5,0.38884366,5,0.8394116
1,SGVIIE,0.2581173828,0.5024869916000001,5,0.5283975,5,0.20090277,5,0.7049509,5,0.32009193,5,0.58210135
1,DTVIIE,0.2581173828,0.5024869916000001,5,0.8474169,5,0.44906685,5,0.9138718,5,0.98002344,5,0.40357235
1,NHVTLS,0.2581173828,0.5024869916000001,5,0.8470984,5,0.75992703,5,0.90771383,5,0.69459903,5,0.20349073
1,KDWSFY,0.2581173828,0.5024869916000001,5,0.6153974,5,0.6487205,5,0.41411787,5,0.79423696,5,0.23262823
1,VEALYL,0.2581173828,0.5024869916000001,5,0.29088667,5,0.78785515,5,0.7029167,5,0.32914758,5,0.6402147
1,FLVHSS,0.2581173828,0.5024869916000001,5,0.5350755,5,0.74474585,5,0.4297063,5,0.25240523,5,0.7213023
1,VKVEV,0.2581173828,0.5024869916000001,5,0.4003178,5,0.931143,5,0.2299631,5,0.13162711,5,0.35172477
1,RWLDY,0.2581173828,0.5024869916000001,5,0.3569025,5,0.2730269,5,0.26458797,5,0.14693953,5,0.18137522
0,SWVIIE,0.2581173828,0.5024869916000001,5,0.23659293,5,0.28128302,5,0.28423396,5,0.18885763,5,0.80660695
0,STVSIE,0.2581173828,0.5024869916000001,5,0.8996488,5,0.46204033,5,0.14237402,5,0.62368864,5,0.29629093
0,STVPIE,0.2581173828,0.5024869916000001,5,0.84594995,5,0.5753987,5,0.5977814,5,0.8545137,5,0.2910369
0,STVMIE,0.2581173828,0.5024869916000001,5,0.2863775,5,0.38980174,5,0.6621762,5,0.37163642,5,0.46530083
0,STVIPE,0.2581173828,0.5024869916000001,5,0.524596,5,0.9999625,5,0.30258322,5,0.94880307,5,0.34057924
0,STVILE,0.2581173828,0.5024869916000001,5,0.33091852,5,0.46425122,5,0.34081373,5,0.45393115,5,0.57955354
0,STVIGE,0.2581173828,0.5024869916000001,5,0.5446529,5,0.2539307,5,0.5092754,5,0.24080506,5,0.3143676
0,STVIDE,0.2581173828,0.5024869916000001,5,0.24636719,5,0.48324102,5,0.30320644,5,0.4590803,5,0.23406024
0,STVIAE,0.2581173828,0.5024869916000001,5,0.20584369,5,0.2117881,5,0.6903838,5,0.2867647,5,0.3662866
0,STMIIE,0.2581173828,0.5024869916000001,5,0.66776365,5,0.50559,5,0.6484033,5,0.31521645,5,0.48753145
0,KTVIVE,0.2581173828,0.5024869916000001,5,0.26063174,5,0.17445552,5,0.6740803,5,0.6343666,5,0.49446353
0,YYTEFT,0.2581173828,0.5024869916000001,5,0.30840904,5,0.60300434,5,0.4541676,5,0.929976,5,0.44799206
0,VKWDRD,0.2581173828,0.5024869916000001,5,0.19045345,5,0.6166788,5,0.50878114,5,0.33878946,5,0.1612968
0,TEFTPT,0.2581173828,0.5024869916000001,5,0.15617129,5,0.24701296,5,0.35796568,5,0.15779757,5,0.1745695
0,SRHPAE,0.2581173828,0.5024869916000001,5,0.34911448,5,0.15965728,5,0.15013303,5,0.14263193,5,0.12151514
0,SGFHPS,0.2581173828,0.5024869916000001,5,0.09936863,5,0.105316825,5,0.112256005,5,0.21719497,5,0.18631195
0,LSQPKI,0.2581173828,0.5024869916000001,5,0.14872493,5,0.1753854,5,0.2102396,5,0.25375143,5,0.20837009
0,KWDRDM,0.2581173828,0.5024869916000001,5,0.23612192,5,0.1634634,5,0.13961601,5,0.18793446,5,0.11380752
0,RGFFYT,0.2581173828,0.5024869916000001,5,0.16793467,5,0.21062747,5,0.31790257,5,0.20282058,5,0.50062424
0,GSHLVE,0.2581173828,0.5024869916000001,5,0.0968703,5,0.07339083,5,0.32504487,5,0.32572863,5,0.19100784
0,GFFYTP,0.2581173828,0.5024869916000001,5,0.55142653,5,0.07568935,5,0.20141779,5,0.7787059,5,0.7404174
0,VKVKV,0.2581173828,0.5024869916000001,5,0.8019176,5,0.6521514,5,0.3963975,5,0.23580772,5,0.41339272
0,KVKVK,0.2581173828,0.5024869916000001,5,0.18123728,5,0.32029,5,0.63595843,5,0.09400819,5,0.18524475
0,WKPYY,0.2581173828,0.5024869916000001,5,0.1462194,5,0.11035287,5,0.1512022,5,0.10286878,5,0.30734
