Acc AP Test 1,Loss AP Test 1,Acc AP Test 2,Loss AP Test 2,Acc AP Test 3,Loss AP Test 3,Acc AP Test 4,Loss AP Test 4,Acc AP Test 5,Loss AP Test 5,Acc SP Test 1,Loss SP Test 1,Acc SP Test 2,Loss SP Test 2,Acc SP Test 3,Loss SP Test 3,Acc SP Test 4,Loss SP Test 4,Acc SP Test 5,Loss SP Test 5,Acc AP SP Test 1,Loss AP SP Test 1,Acc AP SP Test 2,Loss AP SP Test 2,Acc AP SP Test 3,Loss AP SP Test 3,Acc AP SP Test 4,Loss AP SP Test 4,Acc AP SP Test 5,Loss AP SP Test 5,Acc TSNE SP Test 1,Loss TSNE SP Test 1,Acc TSNE SP Test 2,Loss TSNE SP Test 2,Acc TSNE SP Test 3,Loss TSNE SP Test 3,Acc TSNE SP Test 4,Loss TSNE SP Test 4,Acc TSNE SP Test 5,Loss TSNE SP Test 5,Acc TSNE AP SP Test 1,Loss TSNE AP SP Test 1,Acc TSNE AP SP Test 2,Loss TSNE AP SP Test 2,Acc TSNE AP SP Test 3,Loss TSNE AP SP Test 3,Acc TSNE AP SP Test 4,Loss TSNE AP SP Test 4,Acc TSNE AP SP Test 5,Loss TSNE AP SP Test 5
0.6190476417541504,0.9337435364723206,0.5884353518486023,0.9379621148109436,0.3503401279449463,0.9426084756851196,0.6305084824562073,0.9323444962501526,0.6305084824562073,0.9377818703651428,0.6428571343421936,0.9393605589866638,0.40816327929496765,0.962661862373352,0.40136054158210754,0.9492817521095276,0.6338983178138733,0.9249568581581116,0.6440678238868713,0.9321644902229309,0.5714285969734192,0.9344151020050049,0.5034013390541077,0.9370114207267761,0.5170068144798279,0.9386479258537292,0.5796610116958618,0.9360618591308594,0.4644067883491516,0.9433803558349609,0.6428571343421936,0.9595860242843628,0.36734694242477417,0.9587595462799072,0.523809552192688,0.9481887221336365,0.494915246963501,0.9541589617729187,0.349152535200119,0.9855750203132629,0.523809552192688,0.940258800983429,0.44897958636283875,0.9414305686950684,0.6394557952880859,0.9335684180259705,0.3288135528564453,0.9456168413162231,0.5593220591545105,0.9378883242607117
0.581632673740387,0.9283146262168884,0.5782312750816345,0.9361039996147156,0.6666666865348816,0.9340755939483643,0.6169491410255432,0.9135542511940002,0.4813559353351593,0.9321579933166504,0.6972789168357849,0.8723355531692505,0.6190476417541504,0.9536383748054504,0.5204081535339355,0.928756594657898,0.7254237532615662,0.8691860437393188,0.7288135886192322,0.8618678450584412,0.704081654548645,0.9086539149284363,0.7210884094238281,0.9152182340621948,0.6564626097679138,0.9123778939247131,0.68813556432724,0.8883143663406372,0.6440678238868713,0.9223849773406982,0.3741496503353119,0.9437364935874939,0.6496598720550537,0.9192929267883301,0.3401360511779785,0.9381348490715027,0.4474576413631439,0.928767740726471,0.6711864471435547,0.9880265593528748,0.6632652878761292,0.9236146807670593,0.6598639488220215,0.927014946937561,0.6768707633018494,0.9102872610092163,0.6576271057128906,0.9251845479011536,0.7389830350875854,0.9137948751449585
0.6836734414100647,0.916531503200531,0.6530612111091614,0.928054690361023,0.6326530575752258,0.923439621925354,0.6779661178588867,0.8924990892410278,0.6135593056678772,0.9292162656784058,0.7312925457954407,0.7917675375938416,0.6938775777816772,0.9040187001228333,0.6904761791229248,0.8895115256309509,0.691525399684906,0.7849014401435852,0.6508474349975586,0.7965627908706665,0.6972789168357849,0.817974865436554,0.6938775777816772,0.862177848815918,0.7074829936027527,0.8694592714309692,0.701694905757904,0.8301788568496704,0.7389830350875854,0.8853599429130554,0.36054420471191406,0.938420295715332,0.4183673560619354,0.9148938655853271,0.6666666865348816,0.9392820596694946,0.6440678238868713,0.9174394011497498,0.6711864471435547,0.9419659972190857,0.6870748400688171,0.898885190486908,0.5986394286155701,0.9013471603393555,0.6700680255889893,0.8756502270698547,0.6033898591995239,0.8920134902000427,0.7050847411155701,0.8960537314414978
0.6598639488220215,0.9055042862892151,0.6088435649871826,0.9210755228996277,0.6224489808082581,0.9125622510910034,0.6542372703552246,0.8695406913757324,0.691525399684906,0.9072555303573608,0.6836734414100647,0.6993253827095032,0.6972789168357849,0.8387225270271301,0.6530612111091614,0.8138716220855713,0.7728813290596008,0.7107683420181274,0.7762711644172668,0.7532983422279358,0.7278911471366882,0.7525415420532227,0.7074829936027527,0.8150497078895569,0.6530612111091614,0.8041236400604248,0.7457627058029175,0.7678893208503723,0.7559322118759155,0.8249067068099976,0.45578232407569885,0.9228763580322266,0.4829931855201721,0.8895708918571472,0.4761904776096344,0.9144095182418823,0.6305084824562073,0.8934382200241089,0.5796610116958618,0.927858293056488,0.6598639488220215,0.858761191368103,0.5748299360275269,0.8843843340873718,0.6564626097679138,0.8346462249755859,0.6237288117408752,0.839975118637085,0.691525399684906,0.8630945086479187
0.6666666865348816,0.8886854648590088,0.6292517185211182,0.9085696339607239,0.6258503198623657,0.9012652635574341,0.6338983178138733,0.8479600548744202,0.6847457885742188,0.8965165615081787,0.7448979616165161,1.226580023765564,0.646258533000946,0.8008800148963928,0.6836734414100647,0.7684802412986755,0.5661016702651978,0.8238955140113831,0.7186440825462341,0.728049635887146,0.7721088528633118,0.6794347167015076,0.7142857313156128,0.7361642122268677,0.7414966225624084,0.7434999942779541,0.7661017179489136,0.7242507934570312,0.7288135886192322,0.7697595953941345,0.646258533000946,0.90566486120224,0.5646258592605591,0.8703455328941345,0.523809552192688,0.8877496123313904,0.5627118349075317,0.8622828125953674,0.501694917678833,0.9093379378318787,0.5544217824935913,0.8100982904434204,0.6054421663284302,0.8474777340888977,0.646258533000946,0.7813827395439148,0.7389830350875854,0.8036882281303406,0.6745762825012207,0.8008843660354614
0.7176870703697205,0.8563993573188782,0.6700680255889893,0.8967298865318298,0.6734693646430969,0.8828253746032715,0.6542372703552246,0.8136749267578125,0.6474575996398926,0.8751617670059204,0.7823129296302795,0.6427961587905884,0.7346938848495483,0.7271941304206848,0.7414966225624084,0.7206475138664246,0.7084745764732361,0.6656585931777954,0.7288135886192322,0.7138204574584961,0.7585033774375916,0.6547446846961975,0.761904776096344,0.6975075006484985,0.704081654548645,0.7204861044883728,0.7559322118759155,0.6951209902763367,0.7491525411605835,0.7634972333908081,0.6224489808082581,0.8837627172470093,0.6564626097679138,0.8570112586021423,0.6632652878761292,0.8594667315483093,0.5322033762931824,0.8643013834953308,0.5423728823661804,0.8938449621200562,0.7074829936027527,1.0411207675933838,0.581632673740387,0.8250611424446106,0.6972789168357849,0.722945511341095,0.7389830350875854,0.7640435099601746,0.6372881531715393,0.7476124167442322
0.7210884094238281,0.8289369940757751,0.6564626097679138,0.8710471391677856,0.6870748400688171,0.863100528717041,0.6576271057128906,0.7857018709182739,0.698305070400238,0.8526394367218018,0.5952380895614624,0.7991088628768921,0.7551020383834839,0.712459146976471,0.7857142686843872,0.685018002986908,0.7661017179489136,0.7180566787719727,0.7661017179489136,0.6509996056556702,0.7925170063972473,0.6151828169822693,0.7006802558898926,0.7082545757293701,0.7823129296302795,0.6743445992469788,0.7694915533065796,0.645065188407898,0.6711864471435547,0.7287912368774414,0.5748299360275269,0.867655336856842,0.5952380895614624,0.798240065574646,0.6700680255889893,0.8328714966773987,0.5627118349075317,0.8166162371635437,0.5694915056228638,0.8836418390274048,0.7142857313156128,0.7326653599739075,0.7006802558898926,0.8764777183532715,0.6224489808082581,0.7280262112617493,0.7084745764732361,0.7214940190315247,0.698305070400238,0.80008864402771
0.7244898080825806,0.8026835918426514,0.680272102355957,0.8511157035827637,0.6836734414100647,0.8286469578742981,0.6677966117858887,0.7578977942466736,0.7118644118309021,0.8164025545120239,0.680272102355957,0.7381411194801331,0.7585033774375916,0.6917869448661804,0.7653061151504517,0.6584411859512329,0.7898305058479309,0.6865062117576599,0.7830508351325989,0.6280863881111145,0.8027210831642151,0.5950078368186951,0.8061224222183228,0.6879844665527344,0.7857142686843872,0.6522362232208252,0.7966101765632629,0.6240384578704834,0.7118644118309021,0.6906054019927979,0.6768707633018494,0.8508110642433167,0.5510203838348389,0.8012393116950989,0.5748299360275269,0.8098213076591492,0.6305084824562073,0.811546802520752,0.6237288117408752,0.8512721061706543,0.5782312750816345,0.7882715463638306,0.6360543966293335,0.7856698036193848,0.7176870703697205,0.9460875988006592,0.7389830350875854,0.7505639791488647,0.6440678238868713,0.7375897169113159
0.7006802558898926,0.785203218460083,0.6632652878761292,0.8371777534484863,0.6836734414100647,0.8118851780891418,0.6745762825012207,0.7416208982467651,0.694915235042572,0.8026690483093262,0.761904776096344,0.7326480746269226,0.761904776096344,0.6646925806999207,0.7687074542045593,0.6341107487678528,0.803389847278595,0.6538165807723999,0.810169517993927,0.6224405169487,0.795918345451355,0.5750528573989868,0.7755101919174194,0.6034418344497681,0.7687074542045593,0.6290313601493835,0.7932203412055969,0.5938295125961304,0.7864406704902649,0.6702879071235657,0.6088435649871826,0.818182110786438,0.6190476417541504,0.7687477469444275,0.646258533000946,0.7812085151672363,0.6440678238868713,0.775931179523468,0.6271186470985413,0.83074951171875,0.5884353518486023,0.7841827273368835,0.5782312750816345,0.7918369174003601,0.7142857313156128,0.6962659955024719,0.6779661178588867,0.6920478343963623,0.6779661178588867,0.7074481248855591
0.7108843326568604,0.7455588579177856,0.7074829936027527,0.811956524848938,0.7074829936027527,0.7913040518760681,0.7050847411155701,0.695771336555481,0.691525399684906,0.7751661539077759,0.7823129296302795,0.7575827836990356,0.7823129296302795,0.6440799236297607,0.7993197441101074,0.6062918305397034,0.7661017179489136,0.6543130874633789,0.800000011920929,0.5799254775047302,0.8129251599311829,0.6050281524658203,0.7517006993293762,0.6294266581535339,0.7891156673431396,0.6075700521469116,0.806779682636261,0.5657491087913513,0.800000011920929,0.6737367510795593,0.6530612111091614,0.8122504353523254,0.7006802558898926,0.7677554488182068,0.6938775777816772,0.8029829859733582,0.6237288117408752,0.7732300758361816,0.5559322237968445,0.8269466161727905,0.7176870703697205,0.7335670590400696,0.6768707633018494,0.7605922222137451,0.6190476417541504,0.7360982894897461,0.7288135886192322,0.6626843810081482,0.7559322118759155,0.6987859010696411
0.7244898080825806,0.7217621803283691,0.7006802558898926,0.7944750189781189,0.7074829936027527,0.7646865844726562,0.7084745764732361,0.6935421824455261,0.7254237532615662,0.7657519578933716,0.7687074542045593,0.7210966348648071,0.8061224222183228,0.6329925060272217,0.8129251599311829,0.5629573464393616,0.7254237532615662,0.6497995853424072,0.7762711644172668,0.5732840895652771,0.8095238208770752,0.5528352856636047,0.7755101919174194,0.5715076923370361,0.7993197441101074,0.5726945996284485,0.8237287998199463,0.5569770932197571,0.7966101765632629,0.6104260683059692,0.6768707633018494,0.8670395612716675,0.7074829936027527,0.7306305170059204,0.6224489808082581,0.7962707877159119,0.6576271057128906,0.7516068816184998,0.6237288117408752,0.7957965731620789,0.7993197441101074,0.7312129735946655,0.7721088528633118,0.7563105821609497,0.6360543966293335,0.7464356422424316,0.7694915533065796,0.6468602418899536,0.7627118825912476,0.6976104974746704
0.7142857313156128,0.7172473073005676,0.6836734414100647,0.7688658237457275,0.6938775777816772,0.7586560845375061,0.7186440825462341,0.6948866844177246,0.7152542471885681,0.7541685700416565,0.7857142686843872,0.6657376885414124,0.8231292366981506,0.5902959108352661,0.8265306353569031,0.5411149859428406,0.7661017179489136,0.6179365515708923,0.8237287998199463,0.5351072549819946,0.7993197441101074,0.5517206788063049,0.819727897644043,0.5796934366226196,0.8061224222183228,0.5582072734832764,0.8305084705352783,0.5303890109062195,0.7796609997749329,0.6036312580108643,0.6292517185211182,0.7845281958580017,0.6530612111091614,0.7340722680091858,0.6258503198623657,0.7825571894645691,0.6644067764282227,0.7351815104484558,0.6406779885292053,0.8046794533729553,0.7755101919174194,0.724007785320282,0.7551020383834839,0.7309013605117798,0.6598639488220215,0.6848832368850708,0.7864406704902649,0.6098406314849854,0.7559322118759155,0.6544273495674133
0.7482993006706238,0.7072953581809998,0.6700680255889893,0.7857308387756348,0.7108843326568604,0.7565051317214966,0.7355931997299194,0.6836186051368713,0.7220339179039001,0.7417270541191101,0.7823129296302795,0.6172017455101013,0.8129251599311829,0.6132192611694336,0.8129251599311829,0.5305846929550171,0.7898305058479309,0.5861405730247498,0.8372881412506104,0.5148149132728577,0.8299319744110107,0.5068337321281433,0.8299319744110107,0.5789355635643005,0.8231292366981506,0.5393951535224915,0.8372881412506104,0.5237524509429932,0.7728813290596008,0.5972635746002197,0.6122449040412903,0.8277930617332458,0.6564626097679138,0.7327412962913513,0.6938775777816772,0.7637858986854553,0.6813559532165527,0.7505717873573303,0.6542372703552246,0.7900555729866028,0.7891156673431396,0.7024036645889282,0.738095223903656,0.6937129497528076,0.7551020383834839,0.6531621217727661,0.7491525411605835,0.6217367649078369,0.7186440825462341,0.6438493132591248
0.7482993006706238,0.7122501134872437,0.7108843326568604,0.7724465727806091,0.7210884094238281,0.7592666745185852,0.7559322118759155,0.6702767014503479,0.7254237532615662,0.7308727502822876,0.7482993006706238,0.6218340992927551,0.8061224222183228,0.590612530708313,0.795918345451355,0.5359779000282288,0.810169517993927,0.5764360427856445,0.8338983058929443,0.5113818645477295,0.8435373902320862,0.5152923464775085,0.8129251599311829,0.5622127652168274,0.8299319744110107,0.5112012624740601,0.810169517993927,0.4986688792705536,0.7966101765632629,0.5776201486587524,0.646258533000946,0.7994457483291626,0.6768707633018494,0.7138428688049316,0.6870748400688171,0.7665696144104004,0.6813559532165527,0.7276638746261597,0.6203389763832092,0.7865008115768433,0.7891156673431396,0.6554061770439148,0.7210884094238281,0.6954697370529175,0.7687074542045593,0.6466343402862549,0.7423728704452515,0.6207793951034546,0.7389830350875854,0.6412768959999084
0.7687074542045593,0.6947942972183228,0.6836734414100647,0.7651804089546204,0.704081654548645,0.7580068707466125,0.7491525411605835,0.6762400269508362,0.7355931997299194,0.7365968227386475,0.7414966225624084,0.6238943338394165,0.819727897644043,0.5631515979766846,0.8367347121238708,0.4837380349636078,0.8169491291046143,0.570285439491272,0.8474576473236084,0.47476139664649963,0.8571428656578064,0.48790067434310913,0.7891156673431396,0.5736712217330933,0.8231292366981506,0.5152774453163147,0.8610169291496277,0.4800768196582794,0.800000011920929,0.562283456325531,0.6428571343421936,0.795434832572937,0.704081654548645,0.7188413739204407,0.6700680255889893,0.7438901662826538,0.6847457885742188,0.7278074622154236,0.6440678238868713,0.7706336379051208,0.7585033774375916,0.6575489044189453,0.7108843326568604,0.6777570247650146,0.7823129296302795,0.653074324131012,0.7728813290596008,0.6071151494979858,0.7661017179489136,0.6384137272834778
0.7414966225624084,0.6990448236465454,0.6938775777816772,0.7682632803916931,0.7108843326568604,0.7425172924995422,0.7254237532615662,0.6921963691711426,0.7355931997299194,0.7300640344619751,0.7551020383834839,0.6025099754333496,0.819727897644043,0.5412710309028625,0.8435373902320862,0.49855124950408936,0.8203389644622803,0.5686720609664917,0.8508474826812744,0.45573845505714417,0.8503401279449463,0.4558837413787842,0.7925170063972473,0.5555893778800964,0.8639456033706665,0.4901796579360962,0.8610169291496277,0.45872780680656433,0.8271186351776123,0.5663716197013855,0.6768707633018494,0.7947239875793457,0.6632652878761292,0.7222193479537964,0.6360543966293335,0.7356339693069458,0.68813556432724,0.7395656108856201,0.6576271057128906,0.8039723634719849,0.761904776096344,0.6494340300559998,0.7551020383834839,0.6513614058494568,0.7789115905761719,0.6600659489631653,0.806779682636261,0.5812817811965942,0.7694915533065796,0.6418023109436035
0.7346938848495483,0.7321861982345581,0.6972789168357849,0.7470994591712952,0.7074829936027527,0.7665286064147949,0.7525423765182495,0.6860656142234802,0.7322033643722534,0.7131834626197815,0.7653061151504517,0.5956096053123474,0.8299319744110107,0.5334458351135254,0.853741466999054,0.47153961658477783,0.8135592937469482,0.5444871783256531,0.8542372584342957,0.45827868580818176,0.8299319744110107,0.4590075612068176,0.8469387888908386,0.511191189289093,0.8435373902320862,0.48963046073913574,0.8644067645072937,0.4517119228839874,0.8237287998199463,0.5569050312042236,0.6870748400688171,0.7691933512687683,0.6972789168357849,0.7051057815551758,0.6394557952880859,0.7425904273986816,0.691525399684906,0.731207013130188,0.6644067764282227,0.7722040414810181,0.7551020383834839,0.6378012895584106,0.7585033774375916,0.6519649028778076,0.7925170063972473,0.6413002014160156,0.800000011920929,0.586807906627655,0.7661017179489136,0.6097186207771301
0.7517006993293762,0.6902591586112976,0.7176870703697205,0.7503748536109924,0.7142857313156128,0.7586759924888611,0.7491525411605835,0.6749483942985535,0.7186440825462341,0.7257590889930725,0.795918345451355,0.5735728740692139,0.8299319744110107,0.5218231081962585,0.819727897644043,0.46983933448791504,0.8135592937469482,0.5364065766334534,0.8644067645072937,0.43660444021224976,0.8367347121238708,0.45637303590774536,0.8673469424247742,0.5125736594200134,0.8707482814788818,0.4296461343765259,0.8610169291496277,0.4433545768260956,0.7932203412055969,0.5493131875991821,0.6768707633018494,0.7513212561607361,0.680272102355957,0.7173333764076233,0.6394557952880859,0.7357632517814636,0.701694905757904,0.7289430499076843,0.6305084824562073,0.7760533690452576,0.7551020383834839,0.6235227584838867,0.7482993006706238,0.6479682922363281,0.7789115905761719,0.6257370710372925,0.7830508351325989,0.5746344327926636,0.7661017179489136,0.5977615714073181
0.7482993006706238,0.6795528531074524,0.680272102355957,0.7691859006881714,0.7142857313156128,0.7285139560699463,0.7288135886192322,0.6783236265182495,0.7389830350875854,0.738562822341919,0.819727897644043,0.5819839239120483,0.8231292366981506,0.5154951214790344,0.8401360511779785,0.45788905024528503,0.8169491291046143,0.5416927933692932,0.8779661059379578,0.44073671102523804,0.8741496801376343,0.41960808634757996,0.8741496801376343,0.5111731886863708,0.8673469424247742,0.4692196547985077,0.8847457766532898,0.44285210967063904,0.8135592937469482,0.5245099067687988,0.646258533000946,0.7663227319717407,0.6938775777816772,0.7094382643699646,0.680272102355957,0.7273609638214111,0.7050847411155701,0.7319163084030151,0.6271186470985413,0.7654374837875366,0.7789115905761719,0.5988113284111023,0.7448979616165161,0.6248899698257446,0.7789115905761719,0.6059869527816772,0.7661017179489136,0.5743365287780762,0.7864406704902649,0.5842597484588623
0.7551020383834839,0.6901854872703552,0.6734693646430969,0.7436349391937256,0.704081654548645,0.7199870944023132,0.7322033643722534,0.6890086531639099,0.7288135886192322,0.7020416855812073,0.8299319744110107,0.5747851133346558,0.8469387888908386,0.4923073947429657,0.8401360511779785,0.44582241773605347,0.8135592937469482,0.5379487872123718,0.8779661059379578,0.4022485017776489,0.8707482814788818,0.4269998371601105,0.853741466999054,0.5172007083892822,0.8741496801376343,0.42427554726600647,0.8576270937919617,0.4408336579799652,0.800000011920929,0.5237352848052979,0.6394557952880859,0.7794941067695618,0.6904761791229248,0.6971294283866882,0.6904761791229248,0.730859100818634,0.701694905757904,0.7256059050559998,0.6271186470985413,0.7617919445037842,0.795918345451355,0.5958960652351379,0.7585033774375916,0.6385430693626404,0.7721088528633118,0.6020124554634094,0.7762711644172668,0.5665202736854553,0.7796609997749329,0.5844852924346924
0.7482993006706238,0.6771225333213806,0.7176870703697205,0.7434195876121521,0.7142857313156128,0.7350515127182007,0.7627118825912476,0.661390483379364,0.7322033643722534,0.7028979063034058,0.8163265585899353,0.5546141862869263,0.8367347121238708,0.48340997099876404,0.853741466999054,0.44039544463157654,0.8237287998199463,0.5267595648765564,0.8711864352226257,0.3959372341632843,0.8741496801376343,0.4071671664714813,0.853741466999054,0.4762590229511261,0.9047619104385376,0.40039584040641785,0.8813559412956238,0.41138625144958496,0.8271186351776123,0.5151553153991699,0.6496598720550537,0.7500624656677246,0.7006802558898926,0.68880695104599,0.6904761791229248,0.7315788269042969,0.6847457885742188,0.7100099325180054,0.6542372703552246,0.7477173209190369,0.8027210831642151,0.5837091207504272,0.7653061151504517,0.6230193376541138,0.7585033774375916,0.5773454904556274,0.7762711644172668,0.5764523148536682,0.7661017179489136,0.5932803750038147
0.7482993006706238,0.6608549952507019,0.6734693646430969,0.7484481334686279,0.7176870703697205,0.7149754166603088,0.7288135886192322,0.6670482158660889,0.7322033643722534,0.6819508671760559,0.8129251599311829,0.552971363067627,0.8639456033706665,0.4564557671546936,0.8367347121238708,0.45994314551353455,0.8203389644622803,0.5201423764228821,0.8915254473686218,0.3656405806541443,0.8945578336715698,0.40076860785484314,0.8333333134651184,0.4848189651966095,0.9013605713844299,0.40445125102996826,0.8745762705802917,0.3952772617340088,0.8203389644622803,0.5101742744445801,0.6632652878761292,0.7673344612121582,0.6836734414100647,0.6866825222969055,0.6836734414100647,0.7289482355117798,0.691525399684906,0.716436505317688,0.6576271057128906,0.750232458114624,0.7925170063972473,0.5842724442481995,0.7551020383834839,0.6240280270576477,0.7585033774375916,0.5778058767318726,0.7796609997749329,0.5665073990821838,0.7796609997749329,0.5991439819335938
0.7448979616165161,0.6727121472358704,0.7278911471366882,0.7341616749763489,0.7176870703697205,0.7228999733924866,0.7457627058029175,0.675586462020874,0.7322033643722534,0.7006802558898926,0.819727897644043,0.5537565350532532,0.8639456033706665,0.4494796097278595,0.8605442047119141,0.4289897680282593,0.8203389644622803,0.5165469646453857,0.8847457766532898,0.37831851840019226,0.8809523582458496,0.38465622067451477,0.8469387888908386,0.47912710905075073,0.8775510191917419,0.3983082175254822,0.8881356120109558,0.38991203904151917,0.8406779766082764,0.48884117603302,0.6938775777816772,0.7484566569328308,0.6972789168357849,0.6850268244743347,0.680272102355957,0.7207505106925964,0.701694905757904,0.7104783058166504,0.6576271057128906,0.7526299953460693,0.8231292366981506,0.5640215277671814,0.761904776096344,0.6154717803001404,0.7551020383834839,0.580760657787323,0.803389847278595,0.5750078558921814,0.7796609997749329,0.5786169171333313
0.7448979616165161,0.6811711192131042,0.6938775777816772,0.7603968977928162,0.7210884094238281,0.7080765962600708,0.7355931997299194,0.6522176265716553,0.7186440825462341,0.693440854549408,0.8299319744110107,0.5488178133964539,0.884353756904602,0.4465549886226654,0.853741466999054,0.42807066440582275,0.8135592937469482,0.5272225737571716,0.8949152827262878,0.3623843789100647,0.8775510191917419,0.400890588760376,0.8469387888908386,0.49599847197532654,0.9047619104385376,0.36993420124053955,0.9016948938369751,0.39525532722473145,0.8610169291496277,0.4874970614910126,0.680272102355957,0.7539900541305542,0.7074829936027527,0.6929177641868591,0.6870748400688171,0.7303009629249573,0.7050847411155701,0.7103036046028137,0.6440678238868713,0.7509845495223999,0.7925170063972473,0.5679113864898682,0.7585033774375916,0.626254141330719,0.7755101919174194,0.5716848373413086,0.800000011920929,0.551101803779602,0.7661017179489136,0.6022114157676697
0.7517006993293762,0.6731516122817993,0.7074829936027527,0.7218990921974182,0.6972789168357849,0.7273296117782593,0.7627118825912476,0.657934308052063,0.7355931997299194,0.6993932723999023,0.8095238208770752,0.5393474698066711,0.8775510191917419,0.439401239156723,0.8605442047119141,0.42095184326171875,0.8305084705352783,0.5071937441825867,0.8949152827262878,0.36925822496414185,0.8877550959587097,0.38104069232940674,0.8571428656578064,0.47807830572128296,0.9047619104385376,0.3804719150066376,0.8949152827262878,0.38108015060424805,0.8644067645072937,0.4631704092025757,0.6938775777816772,0.7516603469848633,0.6836734414100647,0.6906145811080933,0.6836734414100647,0.7221950888633728,0.701694905757904,0.708621084690094,0.6406779885292053,0.7486061453819275,0.795918345451355,0.5691603422164917,0.7823129296302795,0.6128349304199219,0.7482993006706238,0.5794997215270996,0.7966101765632629,0.5541491508483887,0.7796609997749329,0.5777075886726379
0.7585033774375916,0.6704659461975098,0.6870748400688171,0.728921115398407,0.6904761791229248,0.7218121886253357,0.7288135886192322,0.6650187373161316,0.7322033643722534,0.6930732131004333,0.819727897644043,0.5221204161643982,0.8639456033706665,0.4511052966117859,0.8571428656578064,0.4096899628639221,0.8338983058929443,0.4932691156864166,0.8779661059379578,0.35684359073638916,0.8979591727256775,0.37807169556617737,0.8775510191917419,0.438442200422287,0.8945578336715698,0.3654009699821472,0.9016948938369751,0.36345213651657104,0.8542372584342957,0.4624443054199219,0.6768707633018494,0.7398382425308228,0.704081654548645,0.6849867105484009,0.6836734414100647,0.7221434116363525,0.7152542471885681,0.7089126110076904,0.6508474349975586,0.7312369346618652,0.7823129296302795,0.5676324963569641,0.7925170063972473,0.6069663763046265,0.7755101919174194,0.5644940137863159,0.7830508351325989,0.5325811505317688,0.7796609997749329,0.5601797103881836
0.7448979616165161,0.676434338092804,0.6870748400688171,0.7280135154724121,0.7142857313156128,0.7086060047149658,0.7254237532615662,0.6591925024986267,0.7288135886192322,0.6821181774139404,0.8129251599311829,0.5431330800056458,0.8571428656578064,0.44102388620376587,0.8639456033706665,0.3968912959098816,0.8305084705352783,0.49945083260536194,0.8881356120109558,0.34796199202537537,0.9013605713844299,0.3607126474380493,0.8775510191917419,0.4549561142921448,0.8979591727256775,0.3603917062282562,0.8983050584793091,0.3679620921611786,0.8440678119659424,0.47741860151290894,0.6734693646430969,0.7516649961471558,0.704081654548645,0.6873618364334106,0.6768707633018494,0.7236897349357605,0.7152542471885681,0.7154127955436707,0.6305084824562073,0.7442734241485596,0.7925170063972473,0.5672681927680969,0.7551020383834839,0.626677930355072,0.7585033774375916,0.5658294558525085,0.7728813290596008,0.5509061813354492,0.7830508351325989,0.5620737075805664
0.7482993006706238,0.6649137139320374,0.7108843326568604,0.7155120968818665,0.6938775777816772,0.7270573973655701,0.7288135886192322,0.6601381301879883,0.7288135886192322,0.6922802329063416,0.7993197441101074,0.5613979697227478,0.8639456033706665,0.43736135959625244,0.8639456033706665,0.4099539816379547,0.8271186351776123,0.48975086212158203,0.8915254473686218,0.3305623531341553,0.9047619104385376,0.3734349012374878,0.884353756904602,0.441194087266922,0.9047619104385376,0.35607680678367615,0.8983050584793091,0.34958168864250183,0.8576270937919617,0.46272122859954834,0.6768707633018494,0.7395901679992676,0.6938775777816772,0.6732696890830994,0.6870748400688171,0.7132577896118164,0.7186440825462341,0.7069347500801086,0.6542372703552246,0.7309327125549316,0.7755101919174194,0.5789284110069275,0.7789115905761719,0.6027562618255615,0.7857142686843872,0.551403820514679,0.806779682636261,0.5293673872947693,0.7762711644172668,0.5740565061569214
0.7517006993293762,0.6662901043891907,0.7006802558898926,0.7214094996452332,0.7142857313156128,0.727458655834198,0.7355931997299194,0.671874463558197,0.7389830350875854,0.6931489706039429,0.8299319744110107,0.5389244556427002,0.8707482814788818,0.4164140522480011,0.8571428656578064,0.39808881282806396,0.8237287998199463,0.4947567582130432,0.8881356120109558,0.3350776135921478,0.8979591727256775,0.34638267755508423,0.884353756904602,0.44707322120666504,0.9081632494926453,0.35050854086875916,0.9118643999099731,0.34988802671432495,0.8542372584342957,0.463215708732605,0.6734693646430969,0.7201828956604004,0.6972789168357849,0.6826523542404175,0.6870748400688171,0.7191544771194458,0.7050847411155701,0.6982173323631287,0.6576271057128906,0.7302330136299133,0.8027210831642151,0.5576518774032593,0.7755101919174194,0.5850414633750916,0.7857142686843872,0.5483002662658691,0.800000011920929,0.5461575388908386,0.7864406704902649,0.5738207101821899
0.7414966225624084,0.6461964845657349,0.6938775777816772,0.7415802478790283,0.7142857313156128,0.7095351219177246,0.7322033643722534,0.6611490845680237,0.7423728704452515,0.6801513433456421,0.8299319744110107,0.5217825770378113,0.8741496801376343,0.4197077751159668,0.8571428656578064,0.37575092911720276,0.810169517993927,0.4882846772670746,0.8949152827262878,0.3207359313964844,0.8979591727256775,0.33695241808891296,0.8707482814788818,0.4513133466243744,0.9149659872055054,0.3428269326686859,0.8983050584793091,0.35063573718070984,0.8576270937919617,0.4563681483268738,0.6564626097679138,0.7305282950401306,0.7006802558898926,0.6947055459022522,0.6938775777816772,0.7292547225952148,0.7050847411155701,0.6975785493850708,0.6474575996398926,0.7425405979156494,0.7993197441101074,0.5516369342803955,0.7721088528633118,0.6053133010864258,0.7823129296302795,0.5529525876045227,0.800000011920929,0.528562068939209,0.7694915533065796,0.5658811926841736
0.7585033774375916,0.642893373966217,0.7074829936027527,0.7067696452140808,0.7108843326568604,0.7277454137802124,0.7457627058029175,0.6413719058036804,0.7288135886192322,0.6997767686843872,0.819727897644043,0.5434618592262268,0.884353756904602,0.40841180086135864,0.8707482814788818,0.38982442021369934,0.8305084705352783,0.47353920340538025,0.8881356120109558,0.31249406933784485,0.8877550959587097,0.35303518176078796,0.8877550959587097,0.43114763498306274,0.9047619104385376,0.3467080891132355,0.8915254473686218,0.35345861315727234,0.8610169291496277,0.4611939489841461,0.680272102355957,0.7267692685127258,0.6836734414100647,0.6874458193778992,0.6870748400688171,0.7200673818588257,0.7050847411155701,0.6929628849029541,0.6474575996398926,0.7412872314453125,0.8061224222183228,0.5475566387176514,0.761904776096344,0.601859450340271,0.7789115905761719,0.5452220439910889,0.803389847278595,0.5342469215393066,0.7728813290596008,0.5869978070259094
0.7414966225624084,0.6779752969741821,0.704081654548645,0.7317602634429932,0.7074829936027527,0.7274013757705688,0.7288135886192322,0.6608639359474182,0.7288135886192322,0.6910265684127808,0.8129251599311829,0.5355482697486877,0.9013605713844299,0.40553411841392517,0.8775510191917419,0.38621219992637634,0.8271186351776123,0.4733507037162781,0.9016948938369751,0.32236024737358093,0.8945578336715698,0.34978893399238586,0.8775510191917419,0.4079864025115967,0.918367326259613,0.3344324827194214,0.8813559412956238,0.3525671064853668,0.8644067645072937,0.449515700340271,0.6836734414100647,0.7163445949554443,0.6904761791229248,0.6749497652053833,0.6972789168357849,0.7183284759521484,0.7152542471885681,0.7018100619316101,0.6576271057128906,0.7324891090393066,0.8129251599311829,0.5446397662162781,0.7585033774375916,0.5955543518066406,0.7925170063972473,0.5431504845619202,0.7932203412055969,0.5258094668388367,0.7661017179489136,0.5695549845695496
0.761904776096344,0.6532021164894104,0.7142857313156128,0.7244327068328857,0.704081654548645,0.7200018167495728,0.7288135886192322,0.6533887982368469,0.7186440825462341,0.6870688796043396,0.8231292366981506,0.531195878982544,0.8877550959587097,0.3976761996746063,0.884353756904602,0.37664705514907837,0.8338983058929443,0.4674951732158661,0.9084745645523071,0.3117578327655792,0.9013605713844299,0.3345019817352295,0.8809523582458496,0.4149433970451355,0.918367326259613,0.3189324736595154,0.9050847291946411,0.3464503884315491,0.8677965998649597,0.4557652771472931,0.6734693646430969,0.7553263902664185,0.6938775777816772,0.6814641952514648,0.6972789168357849,0.7118750810623169,0.7152542471885681,0.692405641078949,0.6610169410705566,0.7262442111968994,0.8061224222183228,0.5329026579856873,0.7653061151504517,0.6060186624526978,0.7925170063972473,0.5459339618682861,0.800000011920929,0.5425175428390503,0.7728813290596008,0.569582998752594
0.7551020383834839,0.674697995185852,0.704081654548645,0.723143458366394,0.7074829936027527,0.7128159403800964,0.7423728704452515,0.6476090550422668,0.7288135886192322,0.6950348019599915,0.8401360511779785,0.5168477892875671,0.8877550959587097,0.4083614945411682,0.884353756904602,0.37901756167411804,0.8338983058929443,0.46362707018852234,0.9050847291946411,0.3071000277996063,0.9081632494926453,0.33373787999153137,0.8707482814788818,0.42675861716270447,0.9149659872055054,0.3382067382335663,0.9050847291946411,0.35380086302757263,0.8711864352226257,0.45345044136047363,0.680272102355957,0.7375809550285339,0.6904761791229248,0.6781770586967468,0.6836734414100647,0.7231518626213074,0.7186440825462341,0.6889489889144897,0.6576271057128906,0.7207781672477722,0.8061224222183228,0.5305353999137878,0.7653061151504517,0.5782476663589478,0.8163265585899353,0.5469056367874146,0.7898305058479309,0.5304661393165588,0.7932203412055969,0.5518028736114502
0.7653061151504517,0.6452303528785706,0.7210884094238281,0.7256665229797363,0.7108843326568604,0.7081548571586609,0.7254237532615662,0.6484842300415039,0.7288135886192322,0.6686637997627258,0.8231292366981506,0.5267137289047241,0.8775510191917419,0.4204481542110443,0.8877550959587097,0.3963842988014221,0.8440678119659424,0.48322340846061707,0.8949152827262878,0.29870331287384033,0.9047619104385376,0.33365118503570557,0.8809523582458496,0.42190033197402954,0.9149659872055054,0.33127492666244507,0.8983050584793091,0.3368283808231354,0.8813559412956238,0.4338426887989044,0.6700680255889893,0.7545673251152039,0.6972789168357849,0.6783060431480408,0.6938775777816772,0.7173965573310852,0.7254237532615662,0.6901099681854248,0.6542372703552246,0.7190074920654297,0.8299319744110107,0.5418000221252441,0.7857142686843872,0.5954909324645996,0.7993197441101074,0.5420827269554138,0.806779682636261,0.5306245684623718,0.7559322118759155,0.571192741394043
0.7653061151504517,0.6800739169120789,0.6836734414100647,0.7391570806503296,0.704081654548645,0.7202496528625488,0.7322033643722534,0.6603614687919617,0.7423728704452515,0.683784008026123,0.8163265585899353,0.5290064811706543,0.8741496801376343,0.4124166667461395,0.9013605713844299,0.35928991436958313,0.8338983058929443,0.4662107229232788,0.8915254473686218,0.3038197159767151,0.9081632494926453,0.332901269197464,0.8775510191917419,0.41818034648895264,0.9251700639724731,0.30887213349342346,0.9186440706253052,0.32093697786331177,0.8644067645072937,0.42428067326545715,0.6632652878761292,0.7314112782478333,0.6972789168357849,0.677538275718689,0.6870748400688171,0.7188493609428406,0.7186440825462341,0.6976986527442932,0.6474575996398926,0.7156682014465332,0.8299319744110107,0.5346153974533081,0.7551020383834839,0.5996937155723572,0.795918345451355,0.5343208312988281,0.7830508351325989,0.5350514054298401,0.7864406704902649,0.5680580735206604
0.761904776096344,0.6603084802627563,0.6904761791229248,0.7157465815544128,0.7142857313156128,0.7017819881439209,0.7322033643722534,0.657452404499054,0.7389830350875854,0.6810794472694397,0.8333333134651184,0.522785484790802,0.8877550959587097,0.38223719596862793,0.9013605713844299,0.367341011762619,0.8440678119659424,0.47171181440353394,0.9016948938369751,0.2875129282474518,0.918367326259613,0.32151713967323303,0.8809523582458496,0.4220835566520691,0.9217687249183655,0.3276849687099457,0.8983050584793091,0.3267989456653595,0.8610169291496277,0.4525829255580902,0.6734693646430969,0.7268996238708496,0.6938775777816772,0.681887149810791,0.6938775777816772,0.714164137840271,0.7186440825462341,0.6864533424377441,0.6542372703552246,0.7242663502693176,0.8061224222183228,0.5219301581382751,0.7857142686843872,0.5788518786430359,0.8027210831642151,0.5361582636833191,0.803389847278595,0.520723819732666,0.7728813290596008,0.556975781917572
0.7585033774375916,0.6544221639633179,0.7074829936027527,0.7177958488464355,0.6938775777816772,0.7122414708137512,0.7355931997299194,0.6513374447822571,0.7220339179039001,0.6679068803787231,0.8299319744110107,0.5198362469673157,0.8945578336715698,0.383146733045578,0.8775510191917419,0.3668099641799927,0.8406779766082764,0.4583447575569153,0.9118643999099731,0.2897551953792572,0.9115646481513977,0.328721821308136,0.8945578336715698,0.4102625548839569,0.9285714030265808,0.30444851517677307,0.9016948938369751,0.32793939113616943,0.8610169291496277,0.4173114597797394,0.6666666865348816,0.7428629994392395,0.6904761791229248,0.6725650429725647,0.704081654548645,0.7213536500930786,0.7254237532615662,0.6931406855583191,0.6576271057128906,0.721477746963501,0.8027210831642151,0.5464972257614136,0.7857142686843872,0.6179105639457703,0.7993197441101074,0.523952305316925,0.7830508351325989,0.5493645668029785,0.803389847278595,0.554140031337738
0.7517006993293762,0.6629881262779236,0.7108843326568604,0.704684317111969,0.7108843326568604,0.7078036069869995,0.7254237532615662,0.6595407724380493,0.7288135886192322,0.6810948252677917,0.7993197441101074,0.5181411504745483,0.8877550959587097,0.3985113501548767,0.8911564350128174,0.3566914200782776,0.8305084705352783,0.46939703822135925,0.9118643999099731,0.29726842045783997,0.9149659872055054,0.3172261118888855,0.9013605713844299,0.40579479932785034,0.9251700639724731,0.3036820888519287,0.9050847291946411,0.31988510489463806,0.8644067645072937,0.4230935871601105,0.6836734414100647,0.7301689982414246,0.6938775777816772,0.6820459961891174,0.6870748400688171,0.7183838486671448,0.7152542471885681,0.6860577464103699,0.6542372703552246,0.7098381519317627,0.8027210831642151,0.5287619233131409,0.7789115905761719,0.5893092751502991,0.7993197441101074,0.5278760194778442,0.7966101765632629,0.5376198291778564,0.7932203412055969,0.5414532423019409
0.7653061151504517,0.6444657444953918,0.6972789168357849,0.6982319355010986,0.7006802558898926,0.7030990123748779,0.7288135886192322,0.6597230434417725,0.7322033643722534,0.6588373780250549,0.8163265585899353,0.5226611495018005,0.8775510191917419,0.39595118165016174,0.8775510191917419,0.38489994406700134,0.8271186351776123,0.4698023498058319,0.9118643999099731,0.2941087484359741,0.9081632494926453,0.3118731677532196,0.8809523582458496,0.41848650574684143,0.9285714030265808,0.3086435794830322,0.9084745645523071,0.31093117594718933,0.8677965998649597,0.4398164451122284,0.680272102355957,0.7390010952949524,0.6904761791229248,0.6910481452941895,0.7006802558898926,0.7204224467277527,0.7084745764732361,0.693303644657135,0.6745762825012207,0.7267503142356873,0.8129251599311829,0.5335039496421814,0.7721088528633118,0.6014004349708557,0.795918345451355,0.5261593461036682,0.7932203412055969,0.5253767371177673,0.7898305058479309,0.5439226627349854
0.761904776096344,0.6556078791618347,0.7312925457954407,0.7102790474891663,0.7176870703697205,0.7163434624671936,0.7423728704452515,0.6247744560241699,0.7322033643722534,0.6822918653488159,0.8265306353569031,0.5132163166999817,0.8911564350128174,0.37567177414894104,0.8809523582458496,0.3610439896583557,0.8338983058929443,0.4596405029296875,0.9084745645523071,0.31144198775291443,0.9081632494926453,0.33145397901535034,0.8877550959587097,0.3996236324310303,0.9285714030265808,0.31247425079345703,0.9118643999099731,0.3165988326072693,0.8711864352226257,0.4211002290248871,0.6734693646430969,0.7265201210975647,0.6972789168357849,0.6692672967910767,0.704081654548645,0.7138293981552124,0.7220339179039001,0.6879881024360657,0.6610169410705566,0.718563973903656,0.8163265585899353,0.5293874144554138,0.7789115905761719,0.5827881097793579,0.8129251599311829,0.5157224535942078,0.810169517993927,0.5384113788604736,0.7898305058479309,0.5552894473075867
0.7517006993293762,0.669008731842041,0.6938775777816772,0.7081615924835205,0.7108843326568604,0.7080453634262085,0.7152542471885681,0.6574537754058838,0.7186440825462341,0.6942046284675598,0.8469387888908386,0.5085206627845764,0.9013605713844299,0.3826774060726166,0.8741496801376343,0.376818984746933,0.8338983058929443,0.4696475863456726,0.9084745645523071,0.29254427552223206,0.9081632494926453,0.3047371506690979,0.8911564350128174,0.41259732842445374,0.9285714030265808,0.3110450208187103,0.9050847291946411,0.3137558400630951,0.8644067645072937,0.4158977270126343,0.6938775777816772,0.7466093897819519,0.7006802558898926,0.6813870072364807,0.704081654548645,0.7183457612991333,0.7118644118309021,0.6865224838256836,0.6542372703552246,0.7088719010353088,0.7925170063972473,0.5523781776428223,0.7721088528633118,0.5925496816635132,0.8027210831642151,0.5290761590003967,0.800000011920929,0.5439600348472595,0.7932203412055969,0.5508984923362732
0.7517006993293762,0.6434816122055054,0.6870748400688171,0.727728545665741,0.7108843326568604,0.7024727463722229,0.7254237532615662,0.6567453742027283,0.7254237532615662,0.6808372139930725,0.8401360511779785,0.4901713728904724,0.8979591727256775,0.3839800953865051,0.8911564350128174,0.3594382703304291,0.8338983058929443,0.4446166455745697,0.9016948938369751,0.29249003529548645,0.9047619104385376,0.3122389018535614,0.8911564350128174,0.40699195861816406,0.9319728016853333,0.311312735080719,0.9254237413406372,0.30570247769355774,0.8610169291496277,0.4192150831222534,0.6836734414100647,0.7468581795692444,0.7006802558898926,0.6807591915130615,0.7074829936027527,0.7119067311286926,0.7084745764732361,0.6879361867904663,0.6508474349975586,0.7146763801574707,0.795918345451355,0.518733561038971,0.7653061151504517,0.6039931178092957,0.7993197441101074,0.5057883262634277,0.800000011920929,0.5225268602371216,0.803389847278595,0.5470848083496094
0.7551020383834839,0.6520370841026306,0.7210884094238281,0.7038577198982239,0.7142857313156128,0.706689715385437,0.7322033643722534,0.6591836214065552,0.7186440825462341,0.6785835027694702,0.8401360511779785,0.5062505006790161,0.8979591727256775,0.38102713227272034,0.884353756904602,0.346944123506546,0.8440678119659424,0.4530359208583832,0.9152542352676392,0.2869809567928314,0.9115646481513977,0.30521610379219055,0.9013605713844299,0.41163474321365356,0.9251700639724731,0.3034835457801819,0.9186440706253052,0.30709072947502136,0.8644067645072937,0.40980949997901917,0.6836734414100647,0.7413636445999146,0.7108843326568604,0.6756492853164673,0.704081654548645,0.7143025994300842,0.7220339179039001,0.6896459460258484,0.6542372703552246,0.7220937013626099,0.8129251599311829,0.5560110807418823,0.7687074542045593,0.590074360370636,0.795918345451355,0.527432918548584,0.800000011920929,0.5264273881912231,0.7762711644172668,0.5510867834091187
0.761904776096344,0.6436319351196289,0.7176870703697205,0.7168492078781128,0.7244898080825806,0.7127280831336975,0.7288135886192322,0.6641333699226379,0.7355931997299194,0.669264018535614,0.8265306353569031,0.50534987449646,0.9013605713844299,0.37436941266059875,0.8809523582458496,0.36858662962913513,0.8474576473236084,0.44646957516670227,0.9016948938369751,0.2731826901435852,0.9149659872055054,0.31709396839141846,0.8979591727256775,0.4010011851787567,0.9285714030265808,0.29133737087249756,0.9050847291946411,0.31296035647392273,0.8813559412956238,0.42307376861572266,0.6904761791229248,0.7274325489997864,0.6904761791229248,0.6789952516555786,0.7074829936027527,0.7109718322753906,0.7186440825462341,0.6787895560264587,0.6508474349975586,0.7136971950531006,0.8231292366981506,0.5306406617164612,0.7789115905761719,0.6067844033241272,0.7857142686843872,0.5215122699737549,0.7830508351325989,0.5235790014266968,0.7864406704902649,0.5490661263465881
0.7551020383834839,0.6574883460998535,0.7108843326568604,0.7108290791511536,0.7006802558898926,0.7169285416603088,0.7220339179039001,0.6400815844535828,0.7254237532615662,0.6835760474205017,0.853741466999054,0.5030658841133118,0.8945578336715698,0.3865572512149811,0.8877550959587097,0.351193368434906,0.8338983058929443,0.448365181684494,0.9118643999099731,0.27566811442375183,0.9115646481513977,0.3053973615169525,0.9081632494926453,0.3921213150024414,0.9319728016853333,0.29173532128334045,0.9152542352676392,0.2919156551361084,0.8610169291496277,0.42441755533218384,0.6836734414100647,0.7333347797393799,0.6972789168357849,0.6823513507843018,0.7006802558898926,0.713071346282959,0.7186440825462341,0.6842630505561829,0.6610169410705566,0.7236642837524414,0.7993197441101074,0.5522044897079468,0.7891156673431396,0.5847260355949402,0.795918345451355,0.5245675444602966,0.7830508351325989,0.5454400777816772,0.803389847278595,0.5502444505691528
0.7482993006706238,0.66448974609375,0.7074829936027527,0.7186524868011475,0.7176870703697205,0.7034633159637451,0.7525423765182495,0.6518509984016418,0.7322033643722534,0.6873434782028198,0.853741466999054,0.4820426404476166,0.8911564350128174,0.3673400580883026,0.8877550959587097,0.3622567057609558,0.8305084705352783,0.44762030243873596,0.9084745645523071,0.2833280861377716,0.9081632494926453,0.29800036549568176,0.8979591727256775,0.4113089442253113,0.9387755393981934,0.29713043570518494,0.9152542352676392,0.30423757433891296,0.8576270937919617,0.43500572443008423,0.6836734414100647,0.72517991065979,0.6904761791229248,0.6678162813186646,0.7006802558898926,0.7194266319274902,0.7186440825462341,0.6758866310119629,0.6542372703552246,0.713682234287262,0.8061224222183228,0.5238536596298218,0.7857142686843872,0.5873114466667175,0.7789115905761719,0.5255942940711975,0.806779682636261,0.5249965786933899,0.7966101765632629,0.5491507053375244
0.7517006993293762,0.6660248637199402,0.7244898080825806,0.6991292834281921,0.704081654548645,0.7252817153930664,0.7355931997299194,0.6652665734291077,0.7288135886192322,0.6770784258842468,0.853741466999054,0.5108082294464111,0.8877550959587097,0.3632607161998749,0.8911564350128174,0.34498828649520874,0.8542372584342957,0.43808987736701965,0.9254237413406372,0.27704980969429016,0.918367326259613,0.2944880723953247,0.9013605713844299,0.39527085423469543,0.9251700639724731,0.29496732354164124,0.9254237413406372,0.29619213938713074,0.8711864352226257,0.4166824221611023,0.6904761791229248,0.7269548177719116,0.6938775777816772,0.6817486882209778,0.7074829936027527,0.7123724222183228,0.7220339179039001,0.690046489238739,0.6610169410705566,0.7117630839347839,0.8163265585899353,0.5282943248748779,0.7755101919174194,0.5843259692192078,0.7925170063972473,0.5181248188018799,0.7966101765632629,0.5230026841163635,0.7966101765632629,0.5482781529426575
0.7482993006706238,0.6479156613349915,0.7006802558898926,0.695652186870575,0.6972789168357849,0.7206122875213623,0.7457627058029175,0.6576240062713623,0.7288135886192322,0.6766762137413025,0.8231292366981506,0.5208429098129272,0.8877550959587097,0.35986965894699097,0.9115646481513977,0.3639223277568817,0.8372881412506104,0.4567367434501648,0.9084745645523071,0.2861645221710205,0.9217687249183655,0.3043763041496277,0.8945578336715698,0.3984873592853546,0.9251700639724731,0.29774779081344604,0.9152542352676392,0.3051069974899292,0.8779661059379578,0.42622366547584534,0.6700680255889893,0.7263039946556091,0.6972789168357849,0.6833686828613281,0.704081654548645,0.7134812474250793,0.7152542471885681,0.6870104074478149,0.6508474349975586,0.7326816320419312,0.8095238208770752,0.5166312456130981,0.7687074542045593,0.5722793340682983,0.7823129296302795,0.5284162759780884,0.803389847278595,0.5327240824699402,0.8203389644622803,0.5227011442184448
0.7755101919174194,0.656010091304779,0.7108843326568604,0.7170510292053223,0.704081654548645,0.7137869000434875,0.7288135886192322,0.6563177108764648,0.7254237532615662,0.6954538226127625,0.8469387888908386,0.5101752281188965,0.8911564350128174,0.36453118920326233,0.8877550959587097,0.36901286244392395,0.8372881412506104,0.44632554054260254,0.9220339059829712,0.2825831472873688,0.9115646481513977,0.3159276843070984,0.9047619104385376,0.3767305612564087,0.9285714030265808,0.2901216447353363,0.9084745645523071,0.31174615025520325,0.8644067645072937,0.42325708270072937,0.6870748400688171,0.7414211630821228,0.6904761791229248,0.6723369359970093,0.7006802558898926,0.7092635631561279,0.7220339179039001,0.6849027276039124,0.6542372703552246,0.6994577646255493,0.819727897644043,0.5110313296318054,0.7755101919174194,0.5792686343193054,0.7925170063972473,0.5354403257369995,0.806779682636261,0.5280556082725525,0.7932203412055969,0.5446188449859619
0.7721088528633118,0.6162340641021729,0.6870748400688171,0.7234514951705933,0.7108843326568604,0.7110050916671753,0.7355931997299194,0.655845582485199,0.7220339179039001,0.6713695526123047,0.8503401279449463,0.49585914611816406,0.8911564350128174,0.3556539714336395,0.9047619104385376,0.35175785422325134,0.8542372584342957,0.4240054786205292,0.9084745645523071,0.2838398218154907,0.9217687249183655,0.29373928904533386,0.8979591727256775,0.37211164832115173,0.9217687249183655,0.30300164222717285,0.9186440706253052,0.2990737855434418,0.8779661059379578,0.410129189491272,0.6904761791229248,0.725563108921051,0.6870748400688171,0.6742573976516724,0.7006802558898926,0.7202010154724121,0.7220339179039001,0.6803419589996338,0.6508474349975586,0.7049014568328857,0.8129251599311829,0.5191788673400879,0.7891156673431396,0.5780876874923706,0.7891156673431396,0.5190787315368652,0.8203389644622803,0.509711503982544,0.7830508351325989,0.5520426630973816
0.761904776096344,0.6430312991142273,0.6972789168357849,0.7112681865692139,0.6938775777816772,0.7145187854766846,0.7322033643722534,0.6453824043273926,0.7288135886192322,0.6670878529548645,0.8333333134651184,0.5103139281272888,0.8741496801376343,0.3820773959159851,0.8979591727256775,0.35451561212539673,0.8406779766082764,0.45612654089927673,0.9220339059829712,0.2676517367362976,0.9149659872055054,0.3053971827030182,0.8911564350128174,0.38575613498687744,0.9319728016853333,0.28319665789604187,0.9152542352676392,0.29734236001968384,0.8779661059379578,0.4173343777656555,0.6904761791229248,0.7280305027961731,0.7074829936027527,0.6649516224861145,0.7142857313156128,0.7108778953552246,0.7288135886192322,0.6875790357589722,0.6508474349975586,0.7059546113014221,0.8231292366981506,0.5317708253860474,0.7891156673431396,0.5800575613975525,0.7891156673431396,0.5114041566848755,0.8169491291046143,0.5115655064582825,0.7762711644172668,0.5413022041320801
0.7482993006706238,0.6452769637107849,0.704081654548645,0.7306958436965942,0.6938775777816772,0.7007310390472412,0.7186440825462341,0.6526682376861572,0.7288135886192322,0.6800251603126526,0.8333333134651184,0.5170671939849854,0.8979591727256775,0.3514535129070282,0.8979591727256775,0.35392048954963684,0.8440678119659424,0.4601312577724457,0.9118643999099731,0.2833788990974426,0.9115646481513977,0.3026437759399414,0.8979591727256775,0.3930121064186096,0.9353741407394409,0.29361584782600403,0.9152542352676392,0.2988370358943939,0.8644067645072937,0.419408917427063,0.6632652878761292,0.7375021576881409,0.7006802558898926,0.675063967704773,0.704081654548645,0.7055846452713013,0.7288135886192322,0.674321711063385,0.6474575996398926,0.7207659482955933,0.819727897644043,0.5170823335647583,0.7857142686843872,0.5887382626533508,0.7925170063972473,0.5107556581497192,0.806779682636261,0.5197863578796387,0.7898305058479309,0.5534491539001465
0.761904776096344,0.6594149470329285,0.6938775777816772,0.7183290719985962,0.7142857313156128,0.7038782238960266,0.7254237532615662,0.6603289246559143,0.7186440825462341,0.6998782157897949,0.8571428656578064,0.4829065799713135,0.8809523582458496,0.3578396439552307,0.8775510191917419,0.3796960711479187,0.8338983058929443,0.4615749418735504,0.9186440706253052,0.28110167384147644,0.9081632494926453,0.3169970214366913,0.9013605713844299,0.37415167689323425,0.9353741407394409,0.28856733441352844,0.9152542352676392,0.3002217710018158,0.8745762705802917,0.40833595395088196,0.6836734414100647,0.7413718104362488,0.6836734414100647,0.6732187867164612,0.7006802558898926,0.7079575061798096,0.7254237532615662,0.6727698445320129,0.6508474349975586,0.7381196618080139,0.8095238208770752,0.5239460468292236,0.7687074542045593,0.5946110486984253,0.7925170063972473,0.5360759496688843,0.7898305058479309,0.5227481722831726,0.7796609997749329,0.5564537644386292
0.7448979616165161,0.650612473487854,0.7108843326568604,0.706648051738739,0.704081654548645,0.7106896638870239,0.7491525411605835,0.6578429937362671,0.7457627058029175,0.6731711626052856,0.8401360511779785,0.5016686916351318,0.8809523582458496,0.3602102994918823,0.9013605713844299,0.33791521191596985,0.8508474826812744,0.4445306956768036,0.9118643999099731,0.27857035398483276,0.9115646481513977,0.29601016640663147,0.8877550959587097,0.41157808899879456,0.9285714030265808,0.2944369614124298,0.9186440706253052,0.30008822679519653,0.8610169291496277,0.4345434606075287,0.7006802558898926,0.7124807834625244,0.7006802558898926,0.6799646615982056,0.704081654548645,0.7061368823051453,0.7322033643722534,0.6914104223251343,0.6576271057128906,0.7167291045188904,0.8129251599311829,0.5335566401481628,0.7823129296302795,0.5835168361663818,0.8027210831642151,0.5123555660247803,0.7932203412055969,0.5178429484367371,0.7898305058479309,0.5507220029830933
0.7414966225624084,0.6619114875793457,0.7006802558898926,0.7037704586982727,0.7108843326568604,0.7143481969833374,0.7288135886192322,0.6646086573600769,0.7322033643722534,0.6858476996421814,0.8367347121238708,0.4887924790382385,0.884353756904602,0.367428719997406,0.8911564350128174,0.3470618426799774,0.8440678119659424,0.43121016025543213,0.9118643999099731,0.2688402533531189,0.918367326259613,0.29409587383270264,0.9081632494926453,0.37587469816207886,0.9353741407394409,0.29352617263793945,0.9220339059829712,0.30955204367637634,0.8677965998649597,0.4110613763332367,0.6870748400688171,0.7377024292945862,0.6938775777816772,0.6812334060668945,0.6972789168357849,0.719249963760376,0.7220339179039001,0.6731390357017517,0.6542372703552246,0.7214304208755493,0.8027210831642151,0.5410699248313904,0.7755101919174194,0.5899441838264465,0.8027210831642151,0.5099105834960938,0.803389847278595,0.518290102481842,0.810169517993927,0.5484173893928528
0.7448979616165161,0.6765279173851013,0.7006802558898926,0.7153727412223816,0.7176870703697205,0.7102706432342529,0.7355931997299194,0.6443096995353699,0.7186440825462341,0.6839464902877808,0.8503401279449463,0.4851643145084381,0.8877550959587097,0.3564368486404419,0.9047619104385376,0.3411327600479126,0.8474576473236084,0.4428643584251404,0.9118643999099731,0.29035189747810364,0.9115646481513977,0.29708045721054077,0.9013605713844299,0.3916425406932831,0.9353741407394409,0.28533506393432617,0.9220339059829712,0.29425352811813354,0.8644067645072937,0.4173336327075958,0.680272102355957,0.7338593602180481,0.7006802558898926,0.6780335307121277,0.704081654548645,0.7143980264663696,0.7254237532615662,0.6749260425567627,0.6508474349975586,0.7185594439506531,0.8129251599311829,0.5147544741630554,0.7823129296302795,0.5875804424285889,0.8095238208770752,0.5137127637863159,0.803389847278595,0.5286550521850586,0.806779682636261,0.5481346845626831
0.7482993006706238,0.6443531513214111,0.7142857313156128,0.7141390442848206,0.7074829936027527,0.7097875475883484,0.7593220472335815,0.6437397599220276,0.7186440825462341,0.7012354731559753,0.8503401279449463,0.5059856176376343,0.8979591727256775,0.3549636900424957,0.9013605713844299,0.3472398519515991,0.8406779766082764,0.4406478703022003,0.9186440706253052,0.27909305691719055,0.9251700639724731,0.301343709230423,0.8979591727256775,0.38865816593170166,0.9251700639724731,0.30420535802841187,0.9186440706253052,0.2903686463832855,0.8677965998649597,0.4258662462234497,0.6870748400688171,0.7237785458564758,0.704081654548645,0.6675880551338196,0.7074829936027527,0.7154366374015808,0.7288135886192322,0.6753160357475281,0.6474575996398926,0.7086439728736877,0.8095238208770752,0.5214909911155701,0.7721088528633118,0.5817958116531372,0.7789115905761719,0.512304425239563,0.800000011920929,0.5217890739440918,0.7932203412055969,0.5372524857521057
0.7482993006706238,0.6557244658470154,0.7142857313156128,0.7098525166511536,0.704081654548645,0.6923722624778748,0.7186440825462341,0.6629040241241455,0.7322033643722534,0.6616699695587158,0.8299319744110107,0.49611005187034607,0.8911564350128174,0.3676028847694397,0.8911564350128174,0.35883817076683044,0.8474576473236084,0.4401407539844513,0.9050847291946411,0.28651654720306396,0.9149659872055054,0.3087363839149475,0.9047619104385376,0.3818579316139221,0.9319728016853333,0.2810816466808319,0.9118643999099731,0.3097797930240631,0.8711864352226257,0.4033593535423279,0.6904761791229248,0.7337204813957214,0.6904761791229248,0.6731816530227661,0.7074829936027527,0.7195919752120972,0.7254237532615662,0.6873835921287537,0.6508474349975586,0.7099846005439758,0.795918345451355,0.5222381353378296,0.7551020383834839,0.6021678447723389,0.8095238208770752,0.5097095370292664,0.7830508351325989,0.523177444934845,0.7898305058479309,0.567734956741333
0.7653061151504517,0.6570852994918823,0.7108843326568604,0.7078268527984619,0.7074829936027527,0.7095009088516235,0.7491525411605835,0.6417814493179321,0.7186440825462341,0.6769447922706604,0.853741466999054,0.49649161100387573,0.8979591727256775,0.3729950189590454,0.8979591727256775,0.34905993938446045,0.8576270937919617,0.44479525089263916,0.9084745645523071,0.2832062840461731,0.918367326259613,0.2974139451980591,0.8979591727256775,0.39137303829193115,0.9353741407394409,0.2818378210067749,0.9118643999099731,0.3032621741294861,0.8610169291496277,0.41620850563049316,0.6734693646430969,0.7172591686248779,0.6972789168357849,0.6767346262931824,0.6938775777816772,0.7209154367446899,0.7254237532615662,0.6823376417160034,0.6542372703552246,0.7143576145172119,0.819727897644043,0.5022207498550415,0.7585033774375916,0.5934596657752991,0.8095238208770752,0.5249382853507996,0.7898305058479309,0.527265191078186,0.7796609997749329,0.5428097248077393
0.7585033774375916,0.6553322672843933,0.7074829936027527,0.7380907535552979,0.7176870703697205,0.7032456994056702,0.7389830350875854,0.6523115038871765,0.7322033643722534,0.669613242149353,0.8435373902320862,0.5070006251335144,0.8809523582458496,0.37101200222969055,0.8979591727256775,0.3438864052295685,0.8440678119659424,0.44193100929260254,0.9186440706253052,0.2688828408718109,0.9115646481513977,0.3029014468193054,0.9013605713844299,0.3729512393474579,0.9319728016853333,0.2863868176937103,0.9220339059829712,0.29741406440734863,0.8711864352226257,0.41732415556907654,0.6904761791229248,0.7099338173866272,0.6870748400688171,0.6823804974555969,0.7074829936027527,0.7113468050956726,0.7152542471885681,0.6950207948684692,0.6610169410705566,0.7080988883972168,0.8129251599311829,0.5295042991638184,0.7823129296302795,0.5688687562942505,0.7993197441101074,0.5178244113922119,0.800000011920929,0.5304425358772278,0.800000011920929,0.5385041236877441
0.7551020383834839,0.6509038805961609,0.7074829936027527,0.7078191637992859,0.6904761791229248,0.709848165512085,0.7559322118759155,0.6591153144836426,0.7186440825462341,0.6750602722167969,0.853741466999054,0.48957523703575134,0.8877550959587097,0.38069474697113037,0.8877550959587097,0.3590276539325714,0.8372881412506104,0.4603121876716614,0.9050847291946411,0.271028995513916,0.9149659872055054,0.3027755916118622,0.9013605713844299,0.3809170424938202,0.9319728016853333,0.28923800587654114,0.9152542352676392,0.3046500086784363,0.8677965998649597,0.40769416093826294,0.6972789168357849,0.7309470176696777,0.6972789168357849,0.6799170970916748,0.7142857313156128,0.7009430527687073,0.7254237532615662,0.6791484355926514,0.6576271057128906,0.6949722170829773,0.8061224222183228,0.5274760723114014,0.7891156673431396,0.5958564877510071,0.8061224222183228,0.5132560729980469,0.806779682636261,0.5175279378890991,0.803389847278595,0.5565744042396545
0.7585033774375916,0.6448578834533691,0.6938775777816772,0.7173781991004944,0.704081654548645,0.7156743407249451,0.7220339179039001,0.6511854529380798,0.7152542471885681,0.6649397611618042,0.8435373902320862,0.5097219944000244,0.8979591727256775,0.3512154817581177,0.8911564350128174,0.34978893399238586,0.8576270937919617,0.4362148344516754,0.9220339059829712,0.27232545614242554,0.9149659872055054,0.29298579692840576,0.9081632494926453,0.3768411874771118,0.9251700639724731,0.2965380549430847,0.9186440706253052,0.2984398305416107,0.8711864352226257,0.41097161173820496,0.6768707633018494,0.7219758033752441,0.6938775777816772,0.6810991168022156,0.7074829936027527,0.708608865737915,0.7254237532615662,0.6904981732368469,0.6406779885292053,0.7218158841133118,0.8163265585899353,0.5194027423858643,0.7721088528633118,0.5877931714057922,0.8129251599311829,0.5098956823348999,0.8135592937469482,0.5108126997947693,0.7932203412055969,0.5503400564193726
0.7482993006706238,0.640419065952301,0.6904761791229248,0.7289990782737732,0.7074829936027527,0.7060749530792236,0.7389830350875854,0.6544127464294434,0.7220339179039001,0.6714686155319214,0.8401360511779785,0.4959951341152191,0.9013605713844299,0.3698766827583313,0.8911564350128174,0.34529978036880493,0.8305084705352783,0.4443029463291168,0.9118643999099731,0.2698100209236145,0.9251700639724731,0.30779194831848145,0.9081632494926453,0.3878432512283325,0.9285714030265808,0.3007839620113373,0.9186440706253052,0.3024616539478302,0.8677965998649597,0.4203716516494751,0.680272102355957,0.727737545967102,0.6904761791229248,0.6755306124687195,0.704081654548645,0.7228867411613464,0.7186440825462341,0.6750377416610718,0.6576271057128906,0.7047798037528992,0.8129251599311829,0.5208418369293213,0.7585033774375916,0.5737749934196472,0.7925170063972473,0.5156384706497192,0.7966101765632629,0.5055199265480042,0.7830508351325989,0.5537158250808716
0.7482993006706238,0.666049063205719,0.6972789168357849,0.7277216911315918,0.7006802558898926,0.6980671286582947,0.7457627058029175,0.6494835019111633,0.7355931997299194,0.6896227598190308,0.8401360511779785,0.4921964704990387,0.9013605713844299,0.3371073007583618,0.9047619104385376,0.3456258475780487,0.8542372584342957,0.42041775584220886,0.9118643999099731,0.28431981801986694,0.9115646481513977,0.2886984944343567,0.8945578336715698,0.37932777404785156,0.9353741407394409,0.290785551071167,0.9118643999099731,0.29239997267723083,0.8644067645072937,0.41311225295066833,0.6938775777816772,0.7335578799247742,0.6904761791229248,0.6753239035606384,0.7006802558898926,0.7096848487854004,0.7288135886192322,0.6816871166229248,0.6745762825012207,0.7056401968002319,0.8163265585899353,0.5088478922843933,0.7857142686843872,0.588258683681488,0.8027210831642151,0.5155162811279297,0.810169517993927,0.5208268165588379,0.7796609997749329,0.5513224005699158
0.7551020383834839,0.6427335143089294,0.704081654548645,0.7181453704833984,0.7006802558898926,0.7016289234161377,0.7355931997299194,0.6473955512046814,0.7423728704452515,0.6635727286338806,0.8401360511779785,0.5038445591926575,0.8945578336715698,0.35799744725227356,0.9047619104385376,0.3491704761981964,0.8576270937919617,0.4414973855018616,0.9254237413406372,0.26232442259788513,0.9217687249183655,0.2983120083808899,0.8979591727256775,0.3670700788497925,0.9251700639724731,0.28864407539367676,0.9118643999099731,0.3000435531139374,0.8745762705802917,0.4002090394496918,0.6734693646430969,0.7394225001335144,0.7006802558898926,0.6751139760017395,0.704081654548645,0.7217223644256592,0.7186440825462341,0.676608145236969,0.6542372703552246,0.7087192535400391,0.8095238208770752,0.5209886431694031,0.7687074542045593,0.5856055617332458,0.7857142686843872,0.5328366160392761,0.806779682636261,0.5105818510055542,0.800000011920929,0.5281826853752136
0.7517006993293762,0.6585753560066223,0.7074829936027527,0.6859710216522217,0.704081654548645,0.7182494401931763,0.7694915533065796,0.6485166549682617,0.7288135886192322,0.6799486875534058,0.8401360511779785,0.49363070726394653,0.8945578336715698,0.345802366733551,0.9047619104385376,0.34941697120666504,0.8474576473236084,0.4415702223777771,0.9050847291946411,0.27529945969581604,0.9251700639724731,0.29607632756233215,0.9047619104385376,0.39629948139190674,0.9319728016853333,0.29546332359313965,0.9220339059829712,0.3055761158466339,0.8677965998649597,0.42201361060142517,0.680272102355957,0.7142288088798523,0.6972789168357849,0.6722121238708496,0.7074829936027527,0.7142766714096069,0.7220339179039001,0.6748756766319275,0.6542372703552246,0.7098286151885986,0.8163265585899353,0.5296351313591003,0.795918345451355,0.5730432868003845,0.795918345451355,0.5157141089439392,0.810169517993927,0.5158906579017639,0.7728813290596008,0.5516411066055298
0.7448979616165161,0.6445645093917847,0.7142857313156128,0.7109352350234985,0.704081654548645,0.7183547019958496,0.7288135886192322,0.639854371547699,0.7322033643722534,0.6680291891098022,0.8469387888908386,0.502433180809021,0.9013605713844299,0.3579763174057007,0.8979591727256775,0.34514257311820984,0.8440678119659424,0.4372578263282776,0.9084745645523071,0.2635396420955658,0.9047619104385376,0.3110044300556183,0.9013605713844299,0.38708627223968506,0.9285714030265808,0.2846301198005676,0.9186440706253052,0.29438334703445435,0.8610169291496277,0.4137030243873596,0.6938775777816772,0.7242317795753479,0.6904761791229248,0.6834325194358826,0.7142857313156128,0.7078654766082764,0.7220339179039001,0.6877987384796143,0.6745762825012207,0.7116228938102722,0.8231292366981506,0.5230439901351929,0.7721088528633118,0.5875901579856873,0.7925170063972473,0.5196859240531921,0.800000011920929,0.5220749974250793,0.7762711644172668,0.5490175485610962
0.7448979616165161,0.6493993997573853,0.7074829936027527,0.7132232785224915,0.704081654548645,0.6942184567451477,0.7423728704452515,0.6513094902038574,0.7288135886192322,0.6730082035064697,0.8503401279449463,0.491842657327652,0.8911564350128174,0.34628820419311523,0.8911564350128174,0.35756003856658936,0.8440678119659424,0.4456711709499359,0.9084745645523071,0.28457164764404297,0.9149659872055054,0.3083650767803192,0.9081632494926453,0.3883160948753357,0.9251700639724731,0.303622305393219,0.9152542352676392,0.3011983335018158,0.8779661059379578,0.40392714738845825,0.6734693646430969,0.7337214946746826,0.6972789168357849,0.6712430715560913,0.7006802558898926,0.7102048397064209,0.7220339179039001,0.6864438056945801,0.6644067764282227,0.717129647731781,0.8095238208770752,0.5230943560600281,0.7585033774375916,0.6041697263717651,0.7789115905761719,0.5286380648612976,0.806779682636261,0.5148128867149353,0.7932203412055969,0.5404484868049622
0.7517006993293762,0.6552668213844299,0.704081654548645,0.7184264659881592,0.7176870703697205,0.707658052444458,0.7525423765182495,0.6526818871498108,0.7389830350875854,0.6959322094917297,0.8367347121238708,0.5009282827377319,0.8877550959587097,0.360539972782135,0.8945578336715698,0.3442233204841614,0.8508474826812744,0.4409009516239166,0.9050847291946411,0.2611141502857208,0.918367326259613,0.30960699915885925,0.9149659872055054,0.37898755073547363,0.9319728016853333,0.29512766003608704,0.9152542352676392,0.3016093075275421,0.8779661059379578,0.40352126955986023,0.680272102355957,0.7141687870025635,0.6938775777816772,0.6698877215385437,0.7006802558898926,0.7178459167480469,0.7355931997299194,0.6809659600257874,0.6508474349975586,0.7077977657318115,0.8061224222183228,0.5258690714836121,0.7721088528633118,0.5925601720809937,0.7789115905761719,0.5192187428474426,0.7966101765632629,0.5246040225028992,0.7932203412055969,0.5522052049636841
