Seed,Test,Sequence,Label,PR thr TSNE AP SP,ROC thr TSNE AP SP,Pred TSNE AP SP,PR pred TSNE AP SP,ROC pred TSNE AP SP,0.5 pred TSNE AP SP
305475974,1,VVVVV,1,0.34321978799999997,0.5588111376,0.8884389,1,1,1
305475974,1,FKFEF,1,0.34321978799999997,0.5588111376,0.7981472,1,1,1
305475974,1,VKVEV,1,0.34321978799999997,0.5588111376,0.31945124,0,0,0
305475974,1,KFFFE,1,0.34321978799999997,0.5588111376,0.86087966,1,1,1
305475974,1,KWMDF,1,0.34321978799999997,0.5588111376,0.17199235,0,0,0
305475974,1,WKPYY,0,0.34321978799999997,0.5588111376,0.30714568,0,0,0
305475974,1,PPPHY,0,0.34321978799999997,0.5588111376,0.23655295,0,0,0
305475974,2,KVKVK,0,0.34321978799999997,0.5588111376,0.19668159,0,0,0
305475974,2,PTPCY,0,0.34321978799999997,0.5588111376,0.15913776,0,0,0
305475974,3,SYCGY,1,0.34321978799999997,0.5588111376,0.13962722,0,0,0
305475974,3,FFEKF,1,0.34321978799999997,0.5588111376,0.8902012,1,1,1
305475974,3,KKFDD,0,0.34321978799999997,0.5588111376,0.19010161,0,0,0
305475974,3,DPDPD,0,0.34321978799999997,0.5588111376,0.08841468,0,0,0
305475974,4,VKVFF,1,0.34321978799999997,0.5588111376,0.9567462,1,1,1
305475974,4,KFAFD,1,0.34321978799999997,0.5588111376,0.51736945,1,0,1
305475974,4,RWLDY,1,0.34321978799999997,0.5588111376,0.057973586,0,0,0
305475974,4,KWEFY,1,0.34321978799999997,0.5588111376,0.58285433,1,1,1
305475974,4,FKIDF,1,0.34321978799999997,0.5588111376,0.44741076,1,0,0
305475974,4,VKVKV,0,0.34321978799999997,0.5588111376,0.37560558,1,0,0
305475974,5,RVSVD,0,0.34321978799999997,0.5588111376,0.11455256,0,0,0
369953070,1,KFFFE,1,0.34321978799999997,0.5588111376,0.87041444,1,1,1
369953070,1,SYCGY,1,0.34321978799999997,0.5588111376,0.17663337,0,0,0
369953070,1,RWLDY,1,0.34321978799999997,0.5588111376,0.052272793,0,0,0
369953070,1,DPDPD,0,0.34321978799999997,0.5588111376,0.025550738,0,0,0
369953070,2,FKFEF,1,0.34321978799999997,0.5588111376,0.9451034,1,1,1
369953070,2,VKVEV,1,0.34321978799999997,0.5588111376,0.29601806,0,0,0
369953070,2,KFAFD,1,0.34321978799999997,0.5588111376,0.44595307,1,0,0
369953070,3,VVVVV,1,0.34321978799999997,0.5588111376,0.96542686,1,1,1
369953070,3,KWEFY,1,0.34321978799999997,0.5588111376,0.4768996,1,0,0
369953070,3,FKIDF,1,0.34321978799999997,0.5588111376,0.4430022,1,0,0
369953070,3,RVSVD,0,0.34321978799999997,0.5588111376,0.11225558,0,0,0
369953070,3,VKVKV,0,0.34321978799999997,0.5588111376,0.41412115,1,0,0
369953070,3,WKPYY,0,0.34321978799999997,0.5588111376,0.604366,1,1,1
369953070,3,PTPCY,0,0.34321978799999997,0.5588111376,0.6217734,1,1,1
369953070,4,VKVFF,1,0.34321978799999997,0.5588111376,0.9241335,1,1,1
369953070,4,FFEKF,1,0.34321978799999997,0.5588111376,0.9195234,1,1,1
369953070,4,KWMDF,1,0.34321978799999997,0.5588111376,0.4444564,1,0,0
369953070,4,KKFDD,0,0.34321978799999997,0.5588111376,0.07786644,0,0,0
369953070,4,KVKVK,0,0.34321978799999997,0.5588111376,0.14265057,0,0,0
369953070,5,PPPHY,0,0.34321978799999997,0.5588111376,0.17034154,0,0,0
879273778,1,VVVVV,1,0.34321978799999997,0.5588111376,0.83919644,1,1,1
879273778,1,SYCGY,1,0.34321978799999997,0.5588111376,0.93258923,1,1,1
879273778,1,RVSVD,0,0.34321978799999997,0.5588111376,0.088361695,0,0,0
879273778,1,KVKVK,0,0.34321978799999997,0.5588111376,0.09032402,0,0,0
879273778,1,PTPCY,0,0.34321978799999997,0.5588111376,0.19335975,0,0,0
879273778,2,VKVFF,1,0.34321978799999997,0.5588111376,0.9333285,1,1,1
879273778,2,KFFFE,1,0.34321978799999997,0.5588111376,0.9425551,1,1,1
879273778,3,VKVEV,1,0.34321978799999997,0.5588111376,0.31188104,0,0,0
879273778,3,FFEKF,1,0.34321978799999997,0.5588111376,0.81230265,1,1,1
879273778,3,FKIDF,1,0.34321978799999997,0.5588111376,0.25222832,0,0,0
879273778,3,KWMDF,1,0.34321978799999997,0.5588111376,0.35041943,1,0,0
879273778,3,KKFDD,0,0.34321978799999997,0.5588111376,0.13268472,0,0,0
879273778,3,VKVKV,0,0.34321978799999997,0.5588111376,0.30931383,0,0,0
879273778,3,DPDPD,0,0.34321978799999997,0.5588111376,0.283327,0,0,0
879273778,3,PPPHY,0,0.34321978799999997,0.5588111376,0.34837446,1,0,0
879273778,4,RWLDY,1,0.34321978799999997,0.5588111376,0.09275078,0,0,0
879273778,4,KWEFY,1,0.34321978799999997,0.5588111376,0.23628253,0,0,0
879273778,4,WKPYY,0,0.34321978799999997,0.5588111376,0.17065334,0,0,0
879273778,5,FKFEF,1,0.34321978799999997,0.5588111376,0.89734286,1,1,1
879273778,5,KFAFD,1,0.34321978799999997,0.5588111376,0.4828134,1,0,0
965681145,1,VVVVV,1,0.34321978799999997,0.5588111376,0.90498817,1,1,1
965681145,1,FKIDF,1,0.34321978799999997,0.5588111376,0.6073801,1,1,1
965681145,1,DPDPD,0,0.34321978799999997,0.5588111376,0.54649293,1,0,1
965681145,2,FKFEF,1,0.34321978799999997,0.5588111376,0.86836374,1,1,1
965681145,2,KFFFE,1,0.34321978799999997,0.5588111376,0.9421537,1,1,1
965681145,2,KWEFY,1,0.34321978799999997,0.5588111376,0.69974124,1,1,1
965681145,2,KKFDD,0,0.34321978799999997,0.5588111376,0.18069603,0,0,0
965681145,2,PTPCY,0,0.34321978799999997,0.5588111376,0.2001993,0,0,0
965681145,3,VKVFF,1,0.34321978799999997,0.5588111376,0.92227966,1,1,1
965681145,3,FFEKF,1,0.34321978799999997,0.5588111376,0.9936954,1,1,1
965681145,3,RVSVD,0,0.34321978799999997,0.5588111376,0.1175273,0,0,0
965681145,3,PPPHY,0,0.34321978799999997,0.5588111376,0.192657,0,0,0
965681145,4,KFAFD,1,0.34321978799999997,0.5588111376,0.55249953,1,0,1
965681145,4,VKVKV,0,0.34321978799999997,0.5588111376,0.41488412,1,0,0
965681145,4,KVKVK,0,0.34321978799999997,0.5588111376,0.19006355,0,0,0
965681145,5,VKVEV,1,0.34321978799999997,0.5588111376,0.31053686,0,0,0
965681145,5,SYCGY,1,0.34321978799999997,0.5588111376,0.31890845,0,0,0
965681145,5,RWLDY,1,0.34321978799999997,0.5588111376,0.063540645,0,0,0
965681145,5,KWMDF,1,0.34321978799999997,0.5588111376,0.18021482,0,0,0
965681145,5,WKPYY,0,0.34321978799999997,0.5588111376,0.44047198,1,0,0
992391276,1,FKFEF,1,0.34321978799999997,0.5588111376,0.9375433,1,1,1
992391276,2,VKVFF,1,0.34321978799999997,0.5588111376,0.957773,1,1,1
992391276,2,KWEFY,1,0.34321978799999997,0.5588111376,0.6110095,1,1,1
992391276,2,FKIDF,1,0.34321978799999997,0.5588111376,0.73875064,1,1,1
992391276,2,KWMDF,1,0.34321978799999997,0.5588111376,0.40617153,1,0,0
992391276,2,RVSVD,0,0.34321978799999997,0.5588111376,0.2163047,0,0,0
992391276,2,PTPCY,0,0.34321978799999997,0.5588111376,0.13301714,0,0,0
992391276,3,KFAFD,1,0.34321978799999997,0.5588111376,0.9899601,1,1,1
992391276,3,SYCGY,1,0.34321978799999997,0.5588111376,0.96689045,1,1,1
992391276,3,DPDPD,0,0.34321978799999997,0.5588111376,0.73442996,1,1,1
992391276,4,VVVVV,1,0.34321978799999997,0.5588111376,0.87695956,1,1,1
992391276,4,KFFFE,1,0.34321978799999997,0.5588111376,0.94313127,1,1,1
992391276,4,FFEKF,1,0.34321978799999997,0.5588111376,0.93958163,1,1,1
992391276,4,KKFDD,0,0.34321978799999997,0.5588111376,0.07713796,0,0,0
992391276,4,PPPHY,0,0.34321978799999997,0.5588111376,0.16216971,0,0,0
992391276,5,VKVEV,1,0.34321978799999997,0.5588111376,0.30209392,0,0,0
992391276,5,RWLDY,1,0.34321978799999997,0.5588111376,0.077142626,0,0,0
992391276,5,VKVKV,0,0.34321978799999997,0.5588111376,0.3336777,0,0,0
992391276,5,KVKVK,0,0.34321978799999997,0.5588111376,0.1269384,0,0,0
992391276,5,WKPYY,0,0.34321978799999997,0.5588111376,0.25646415,0,0,0
