labels,sequence,PR thr TSNE AP SP,ROC thr TSNE AP SP,test 305475974,preds TSNE AP SP seed 305475974,test 369953070,preds TSNE AP SP seed 369953070,test 879273778,preds TSNE AP SP seed 879273778,test 965681145,preds TSNE AP SP seed 965681145,test 992391276,preds TSNE AP SP seed 992391276
1,GFFLGLDD,0.34321978799999997,0.5588111376,1,0.43496206,1,0.9673867,1,0.999835,1,0.9596854,1,0.8421211
1,NININI,0.34321978799999997,0.5588111376,1,0.9527456,1,0.99487865,1,0.93403554,1,0.5032424,1,0.7162048
1,ISDNL,0.34321978799999997,0.5588111376,1,0.9829528,1,0.7612574,1,0.4918245,1,0.9528829,1,0.06876794
1,FTISD,0.34321978799999997,0.5588111376,1,0.88797295,1,0.6329998,1,0.23510921,1,0.9812543,1,0.16542639
1,CKIKIQINMWQ,0.34321978799999997,0.5588111376,1,0.6050865,1,0.91967,1,0.9844052,1,0.94654447,1,0.99647576
1,AAAAAAK,0.34321978799999997,0.5588111376,1,0.45714262,1,0.8514803,1,0.99903506,1,0.68371814,1,0.14428477
1,CSISIQINM,0.34321978799999997,0.5588111376,1,0.97827697,1,0.94620705,1,0.99780387,1,0.9025919,1,0.9973481
1,GGGGGGGGDD,0.34321978799999997,0.5588111376,1,0.97344923,1,0.5633376,1,0.32259768,1,0.22640888,1,0.9717174
1,FAGFT,0.34321978799999997,0.5588111376,1,0.8878828,1,0.9866452,1,0.945887,1,0.98799145,1,0.35569474
1,WRWRWR,0.34321978799999997,0.5588111376,1,0.8345042,1,0.29522425,1,0.9997826,1,0.22043523,1,0.060579076
1,FFGALGLDGD,0.34321978799999997,0.5588111376,1,0.24839737,1,0.94262826,1,0.9993086,1,0.6392602,1,0.9860733
1,GAVILRR,0.34321978799999997,0.5588111376,1,0.95769393,1,0.99131006,1,0.99981415,1,0.9817973,1,0.52208346
1,LLLLLLKK,0.34321978799999997,0.5588111376,1,0.9960581,1,0.98429847,1,0.25949523,1,0.97457844,1,0.9778194
1,AEAEAKAKAEAEAKAK,0.34321978799999997,0.5588111376,1,0.9857464,1,0.9791535,1,0.92307365,1,0.027179915,1,0.99407154
1,NVQVVY,0.34321978799999997,0.5588111376,1,0.94040644,1,0.9667757,1,0.03885287,1,0.99653214,1,0.67387146
1,INHVGGTGGAIMAPVAVTRQLVGS,0.34321978799999997,0.5588111376,1,0.97144383,1,0.96771324,1,0.9330373,1,0.8988152,1,0.9977813
1,VVVVVVD,0.34321978799999997,0.5588111376,1,0.785136,1,0.9981652,1,0.99951965,1,0.9904976,1,0.96744484
1,PRFRFRFRF,0.34321978799999997,0.5588111376,1,0.21509293,1,0.9661771,1,0.98642886,1,0.54752153,1,0.9909399
1,NNVVNY,0.34321978799999997,0.5588111376,1,0.08340363,1,0.16992727,1,0.07457891,1,0.9989335,1,0.49272344
1,KYF,0.34321978799999997,0.5588111376,1,0.8791039,1,0.8626413,1,0.7785021,1,0.7496075,1,0.33552927
1,FFGPLGLKGK,0.34321978799999997,0.5588111376,1,0.54399073,1,0.90885425,1,0.6769957,1,0.410469,1,0.98918116
1,VKVKVKVRVPPTRVKVKVKV,0.34321978799999997,0.5588111376,1,0.90336096,1,0.9869541,1,0.9991137,1,0.35716558,1,0.8859443
1,GGGAAAVVVIIIKKK,0.34321978799999997,0.5588111376,1,0.2767653,1,0.9925804,1,0.9899613,1,0.99841136,1,0.9999361
1,LAVAGD,0.34321978799999997,0.5588111376,1,0.8266414,1,0.98797035,1,0.47110116,1,0.9999671,1,0.8220483
1,ILVAGS,0.34321978799999997,0.5588111376,1,0.6761944,1,0.9890409,1,0.9986066,1,0.9778035,1,0.9648433
1,LIVAGT,0.34321978799999997,0.5588111376,1,0.9839528,1,0.9992366,1,0.76698524,1,0.9543672,1,0.97230166
1,AIVAGT,0.34321978799999997,0.5588111376,1,0.6673967,1,0.99919903,1,0.18674023,1,0.53546464,1,0.9355403
1,MEMEMKMKMEMEMKMK,0.34321978799999997,0.5588111376,1,0.96961135,1,0.5378708,1,0.111647524,1,0.86287594,1,0.99883413
1,GYGYGYG,0.34321978799999997,0.5588111376,1,0.9579702,1,0.90119517,1,0.18064818,1,0.5764002,1,0.9045793
1,NYNNYN,0.34321978799999997,0.5588111376,1,0.8653652,1,0.16038348,1,0.79180974,1,0.2090509,1,0.41705316
1,AAKAAAKAAAKAAAKA,0.34321978799999997,0.5588111376,1,0.36479393,1,0.44956276,1,0.84377444,1,0.7540833,1,0.9884071
1,CKFKFQF,0.34321978799999997,0.5588111376,1,0.9798479,1,0.95774436,1,0.861411,1,0.9950465,1,0.9863215
1,CKIKQIINMWQ,0.34321978799999997,0.5588111376,1,0.7936883,1,0.9919841,1,0.71244514,1,0.4102378,1,0.99512804
1,MKIKIQI,0.34321978799999997,0.5588111376,1,0.53366,1,0.78440666,1,0.9992871,1,0.97625595,1,0.9034605
1,PPPPPPPPPPRRR,0.34321978799999997,0.5588111376,1,0.837673,1,0.9819051,1,0.9994065,1,0.4862589,1,0.9837093
1,RADFRADARADARADA,0.34321978799999997,0.5588111376,1,0.32377422,1,0.83596474,1,0.5132866,1,0.65584236,1,0.98168176
1,RATARAEFRATARAEA,0.34321978799999997,0.5588111376,1,0.16022715,1,0.8585722,1,0.99977386,1,0.49397656,1,0.9928577
1,YTVIIE,0.34321978799999997,0.5588111376,1,0.5480808,1,0.9043911,1,0.18759294,1,0.36414033,1,0.87311274
1,STVIIV,0.34321978799999997,0.5588111376,1,0.43275142,1,0.9243358,1,0.38807416,1,0.7502328,1,0.83008265
1,STVIII,0.34321978799999997,0.5588111376,1,0.49827883,1,0.40591776,1,0.2531802,1,0.22794433,1,0.90031916
1,STVIIF,0.34321978799999997,0.5588111376,1,0.8272446,1,0.4866767,1,0.15504968,1,0.115160845,1,0.9710908
1,STFIIE,0.34321978799999997,0.5588111376,1,0.47256482,1,0.26860464,1,0.13161314,1,0.29446864,1,0.6940724
1,STEIIE,0.34321978799999997,0.5588111376,1,0.54105633,1,0.43012828,1,0.21639593,1,0.94461507,1,0.28163633
1,SDVIIE,0.34321978799999997,0.5588111376,1,0.7743629,1,0.8785722,1,0.5265491,1,0.9102505,1,0.30518565
1,ITVIIE,0.34321978799999997,0.5588111376,1,0.19317679,1,0.37448063,1,0.7843444,1,0.69137776,1,0.9281381
1,ETVIIE,0.34321978799999997,0.5588111376,1,0.8884389,1,0.7986772,1,0.5325573,1,0.9356928,1,0.6004582
1,LLYYTE,0.34321978799999997,0.5588111376,1,0.7981472,1,0.9930342,1,0.5150205,1,0.4380232,1,0.4759389
1,KIVKWD,0.34321978799999997,0.5588111376,1,0.31945124,1,0.87041444,1,0.7706094,1,0.7064744,1,0.2519173
1,LVEALY,0.34321978799999997,0.5588111376,1,0.86087966,1,0.17663337,1,0.83919644,1,0.90498817,1,0.61609024
1,FKFEF,0.34321978799999997,0.5588111376,1,0.17199235,1,0.052272793,1,0.93258923,1,0.6073801,1,0.9375433
0,RITTR,0.34321978799999997,0.5588111376,1,0.35918024,1,0.28526217,1,0.36047387,1,0.31954804,1,0.06919899
0,VKVKVKVK,0.34321978799999997,0.5588111376,1,0.27400416,1,0.1603056,1,0.47842878,1,0.12444956,1,0.6828221
0,STVVIE,0.34321978799999997,0.5588111376,1,0.3783964,1,0.8484743,1,0.37281674,1,0.6674825,1,0.47385493
0,STVQIE,0.34321978799999997,0.5588111376,1,0.04677036,1,0.092573114,1,0.46707696,1,0.24700126,1,0.10245762
0,STVIVE,0.34321978799999997,0.5588111376,1,0.08342287,1,0.15142964,1,0.9995914,1,0.104273304,1,0.51179767
0,STVINE,0.34321978799999997,0.5588111376,1,0.25629082,1,0.31588626,1,0.21773614,1,0.062382072,1,0.2358283
0,STVIIP,0.34321978799999997,0.5588111376,1,0.08730001,1,0.3638495,1,0.17205659,1,0.2033944,1,0.5990666
0,STVGIE,0.34321978799999997,0.5588111376,1,0.4419331,1,0.83545965,1,0.1457689,1,0.83950335,1,0.1255611
0,STPIIE,0.34321978799999997,0.5588111376,1,0.31314662,1,0.7909395,1,0.11239348,1,0.6606818,1,0.2963083
0,STIIIE,0.34321978799999997,0.5588111376,1,0.0649349,1,0.13554646,1,0.11906541,1,0.36772317,1,0.737622
0,SPVIIE,0.34321978799999997,0.5588111376,1,0.11953744,1,0.06801811,1,0.12032878,1,0.9014834,1,0.71161854
0,PTVIIE,0.34321978799999997,0.5588111376,1,0.08436476,1,0.07568707,1,0.04729421,1,0.14420983,1,0.7076372
0,KTVIIE,0.34321978799999997,0.5588111376,1,0.069479905,1,0.72784656,1,0.2726139,1,0.1148514,1,0.60589606
0,WSFYLL,0.34321978799999997,0.5588111376,1,0.08278154,1,0.08769052,1,0.16202582,1,0.10273741,1,0.7092311
0,VYSRHP,0.34321978799999997,0.5588111376,1,0.33778593,1,0.30317143,1,0.07351818,1,0.06469279,1,0.65238965
0,QPKIVK,0.34321978799999997,0.5588111376,1,0.07251072,1,0.31062108,1,0.11203461,1,0.08484105,1,0.1462791
0,PSDIEV,0.34321978799999997,0.5588111376,1,0.052828394,1,0.05380864,1,0.17249657,1,0.4656233,1,0.07070632
0,LSFSKD,0.34321978799999997,0.5588111376,1,0.038888086,1,0.057042383,1,0.3164499,1,0.03529916,1,0.05665667
0,KVEHSD,0.34321978799999997,0.5588111376,1,0.5628331,1,0.053642314,1,0.28347623,1,0.6109062,1,0.3494765
0,FHPSDI,0.34321978799999997,0.5588111376,1,0.19274476,1,0.5625032,1,0.088361695,1,0.8936454,1,0.10278582
0,EVDLLK,0.34321978799999997,0.5588111376,1,0.90056396,1,0.6441204,1,0.09032402,1,0.62326294,1,0.28461248
0,LIAGFN,0.34321978799999997,0.5588111376,1,0.63689035,1,0.62671614,1,0.19335975,1,0.54649293,1,0.5964353
0,KDHFY,0.34321978799999997,0.5588111376,1,0.30714568,1,0.025550738,1,0.48922697,1,0.1543157,1,0.057256382
0,KDPYY,0.34321978799999997,0.5588111376,1,0.23655295,1,0.5834627,1,0.09336201,1,0.2347075,1,0.059770584
1,QEIARLEQEIARLEYEIARLE,0.34321978799999997,0.5588111376,2,0.20358056,2,0.113138884,2,0.1457086,2,0.49009076,2,0.9898665
1,NNQQNY,0.34321978799999997,0.5588111376,2,0.9397929,2,0.8827979,2,0.80657566,2,0.73021764,2,0.080688134
1,AILSS,0.34321978799999997,0.5588111376,2,0.6034885,2,0.91788775,2,0.20027034,2,0.7726766,2,0.6145467
1,EFFAAE,0.34321978799999997,0.5588111376,2,0.64108056,2,0.6429623,2,0.98715603,2,0.976623,2,0.7970432
1,GGGGGGGGGGDD,0.34321978799999997,0.5588111376,2,0.52966315,2,0.9976005,2,0.8450307,2,0.9793837,2,0.971555
1,CEIEIQINMWQ,0.34321978799999997,0.5588111376,2,0.9709653,2,0.2452467,2,0.44623908,2,0.791693,2,0.9938652
1,YYACAYY,0.34321978799999997,0.5588111376,2,0.95121557,2,0.26905972,2,0.89519644,2,0.9359047,2,0.89033633
1,CKFKFQFNMWQ,0.34321978799999997,0.5588111376,2,0.23601893,2,0.9799017,2,0.43818504,2,0.5748034,2,0.97935325
1,VQIVYK,0.34321978799999997,0.5588111376,2,0.8645188,2,0.99939036,2,0.851009,2,0.43228975,2,0.4691895
1,YVVFV,0.34321978799999997,0.5588111376,2,0.9848008,2,0.99029696,2,0.9827362,2,0.9296257,2,0.9600569
1,FFGAAGLDGD,0.34321978799999997,0.5588111376,2,0.9829791,2,0.99906504,2,0.9941441,2,0.8753461,2,0.99318624
1,AAVVLLLWEEEEEEE,0.34321978799999997,0.5588111376,2,0.98882157,2,0.8379692,2,0.9469204,2,0.4728594,2,0.97598404
1,FFGAAGLKGK,0.34321978799999997,0.5588111376,2,0.20271905,2,0.66098076,2,0.56346315,2,0.969828,2,0.9886654
1,NVVVVY,0.34321978799999997,0.5588111376,2,0.97486156,2,0.7127928,2,0.47325367,2,0.9688852,2,0.8862333
1,KLVFFAE,0.34321978799999997,0.5588111376,2,0.10451849,2,0.96156126,2,0.9726824,2,0.870182,2,0.9133376
1,FFGPLGLDGD,0.34321978799999997,0.5588111376,2,0.99091595,2,0.51923126,2,0.9896527,2,0.44612953,2,0.99364847
1,YVNAKQYYRILKRRY,0.34321978799999997,0.5588111376,2,0.9805057,2,0.57892585,2,0.99541175,2,0.8748786,2,0.993984
1,WVNAKQYWRILKRRW,0.34321978799999997,0.5588111376,2,0.9942912,2,0.1513538,2,0.9657155,2,0.96529895,2,0.9930091
1,KAKAQAN,0.34321978799999997,0.5588111376,2,0.51940864,2,0.22366504,2,0.5959762,2,0.53973806,2,0.15091464
1,KFKFQFNMWQ,0.34321978799999997,0.5588111376,2,0.5347956,2,0.38320512,2,0.87949157,2,0.5895723,2,0.967935
1,VKVRVRVRVPPTRVRVRVKV,0.34321978799999997,0.5588111376,2,0.18648322,2,0.84597844,2,0.98123753,2,0.96889085,2,0.9987399
1,VKVKVRVRVPPTRVRVKVKV,0.34321978799999997,0.5588111376,2,0.9877874,2,0.9999586,2,0.7966999,2,0.9940688,2,0.9965617
1,KKKIIIVVVAAAGGG,0.34321978799999997,0.5588111376,2,0.9749119,2,0.29911187,2,0.9617337,2,0.99819845,2,0.99989545
1,KKKAAAIIIGGGVVV,0.34321978799999997,0.5588111376,2,0.949944,2,0.5874402,2,0.91413736,2,0.6387741,2,0.999822
1,LIVAGD,0.34321978799999997,0.5588111376,2,0.9987608,2,0.2904084,2,0.9993083,2,0.83540183,2,0.8174837
1,SYSYSYS,0.34321978799999997,0.5588111376,2,0.9735876,2,0.9568494,2,0.9997982,2,0.90646076,2,0.4997162
1,QYQQYQ,0.34321978799999997,0.5588111376,2,0.75610054,2,0.16409546,2,0.99729466,2,0.34294662,2,0.27513617
1,LFF,0.34321978799999997,0.5588111376,2,0.7751765,2,0.17909995,2,0.72278655,2,0.95610946,2,0.90086174
1,CKIKQII,0.34321978799999997,0.5588111376,2,0.954454,2,0.6300922,2,0.7544489,2,0.5338247,2,0.6770284
1,PPPPPPPPPPRKKRRQRRR,0.34321978799999997,0.5588111376,2,0.9850395,2,0.99959016,2,0.88578135,2,0.9747121,2,0.9854524
1,MKFKFQF,0.34321978799999997,0.5588111376,2,0.9900564,2,0.30679816,2,0.73988444,2,0.96784455,2,0.9516615
1,RATARAEARATARAEA,0.34321978799999997,0.5588111376,2,0.54923344,2,0.8285764,2,0.79810655,2,0.9733335,2,0.9235886
1,NFGSVQ,0.34321978799999997,0.5588111376,2,0.6894833,2,0.3495932,2,0.31417406,2,0.7762012,2,0.4960192
1,YFCFY,0.34321978799999997,0.5588111376,2,0.30691123,2,0.16543064,2,0.993321,2,0.36366764,2,0.9803727
1,WTVIIE,0.34321978799999997,0.5588111376,2,0.2670737,2,0.59925985,2,0.18581116,2,0.1817072,2,0.7657586
1,TTVIIE,0.34321978799999997,0.5588111376,2,0.6845971,2,0.579813,2,0.98491573,2,0.22942476,2,0.4793979
1,STVYIE,0.34321978799999997,0.5588111376,2,0.5736819,2,0.7655933,2,0.9804815,2,0.46945667,2,0.22465922
1,STVTIE,0.34321978799999997,0.5588111376,2,0.810339,2,0.88587475,2,0.9530761,2,0.7590834,2,0.18540509
1,STVIYE,0.34321978799999997,0.5588111376,2,0.82589537,2,0.39529914,2,0.9950392,2,0.6387747,2,0.25126067
1,STVIIT,0.34321978799999997,0.5588111376,2,0.67356765,2,0.1956396,2,0.8310146,2,0.766509,2,0.50062186
1,STVIIS,0.34321978799999997,0.5588111376,2,0.6234771,2,0.77161205,2,0.16332875,2,0.19519359,2,0.51178443
1,STVIIQ,0.34321978799999997,0.5588111376,2,0.5767595,2,0.490799,2,0.5397603,2,0.5744515,2,0.41141048
1,STVIIM,0.34321978799999997,0.5588111376,2,0.1495587,2,0.27291855,2,0.796248,2,0.83906853,2,0.7719125
1,STVIIE,0.34321978799999997,0.5588111376,2,0.39728147,2,0.892536,2,0.47230434,2,0.89948964,2,0.3886484
1,STNIIE,0.34321978799999997,0.5588111376,2,0.8207342,2,0.26387617,2,0.8929047,2,0.52618665,2,0.21485977
1,SFVIIE,0.34321978799999997,0.5588111376,2,0.89292985,2,0.6700137,2,0.16824582,2,0.9313026,2,0.94475746
1,VKVFF,0.34321978799999997,0.5588111376,2,0.6207298,2,0.97497654,2,0.22145924,2,0.86836374,2,0.957773
1,KWEFY,0.34321978799999997,0.5588111376,2,0.9344053,2,0.9451034,2,0.99083275,2,0.9421537,2,0.6110095
1,FKIDF,0.34321978799999997,0.5588111376,2,0.990229,2,0.29601806,2,0.9333285,2,0.69974124,2,0.73875064
1,KWMDF,0.34321978799999997,0.5588111376,2,0.38484135,2,0.44595307,2,0.9425551,2,0.7711295,2,0.40617153
0,QIMRW,0.34321978799999997,0.5588111376,2,0.3083175,2,0.37946084,2,0.25812715,2,0.31346443,2,0.5401722
0,RITWI,0.34321978799999997,0.5588111376,2,0.3366702,2,0.29786626,2,0.7630161,2,0.7709504,2,0.3392453
0,TGTHTSTDT,0.34321978799999997,0.5588111376,2,0.49464083,2,0.47658065,2,0.4186254,2,0.12352954,2,0.24028793
0,AGAHASADA,0.34321978799999997,0.5588111376,2,0.604949,2,0.44378862,2,0.20305797,2,0.19269806,2,0.53215796
0,KIKQII,0.34321978799999997,0.5588111376,2,0.46965718,2,0.17216508,2,0.1918573,2,0.12953267,2,0.5097769
0,STVIEE,0.34321978799999997,0.5588111376,2,0.4515624,2,0.17266479,2,0.12662555,2,0.18796492,2,0.18519925
0,STVDIE,0.34321978799999997,0.5588111376,2,0.24198613,2,0.17514117,2,0.6580455,2,0.513901,2,0.094747774
0,STTIIE,0.34321978799999997,0.5588111376,2,0.6197527,2,0.16952582,2,0.51608473,2,0.21404397,2,0.16354808
0,STAIIE,0.34321978799999997,0.5588111376,2,0.19464508,2,0.21718022,2,0.8430221,2,0.29627427,2,0.24338429
0,KTVLIE,0.34321978799999997,0.5588111376,2,0.24576326,2,0.61117184,2,0.43628988,2,0.5342349,2,0.31835765
0,VTLSQP,0.34321978799999997,0.5588111376,2,0.19392404,2,0.31458616,2,0.09181561,2,0.4607968,2,0.39931497
0,SDLSFS,0.34321978799999997,0.5588111376,2,0.19379915,2,0.45031217,2,0.13336407,2,0.05843965,2,0.1675121
0,NGKSNF,0.34321978799999997,0.5588111376,2,0.63648415,2,0.15049262,2,0.17968675,2,0.09796116,2,0.07369872
0,IQVYSR,0.34321978799999997,0.5588111376,2,0.3755812,2,0.11574481,2,0.26988345,2,0.38465592,2,0.5467283
0,IEKVEH,0.34321978799999997,0.5588111376,2,0.17454912,2,0.05766102,2,0.070152156,2,0.30264652,2,0.463491
0,DLLKNG,0.34321978799999997,0.5588111376,2,0.21024561,2,0.13647018,2,0.15505996,2,0.10355341,2,0.2509369
0,DIEVDL,0.34321978799999997,0.5588111376,2,0.17405316,2,0.10991021,2,0.38053587,2,0.2584647,2,0.55603266
0,YQLENY,0.34321978799999997,0.5588111376,2,0.09193586,2,0.16681334,2,0.16120249,2,0.5767547,2,0.14940181
0,SLYQLE,0.34321978799999997,0.5588111376,2,0.76156914,2,0.08505053,2,0.6188198,2,0.17413636,2,0.20186146
0,HLVEAL,0.34321978799999997,0.5588111376,2,0.19668159,2,0.085457936,2,0.41352656,2,0.9213206,2,0.36270836
0,FVNQHL,0.34321978799999997,0.5588111376,2,0.15913776,2,0.100962386,2,0.70671356,2,0.1577501,2,0.71813786
0,RVSVD,0.34321978799999997,0.5588111376,2,0.08387541,2,0.3549796,2,0.045766592,2,0.18069603,2,0.2163047
0,PTPCY,0.34321978799999997,0.5588111376,2,0.16317688,2,0.4834751,2,0.14254254,2,0.2001993,2,0.13301714
0,YEPYK,0.34321978799999997,0.5588111376,2,0.088155046,2,0.11252798,2,0.10644332,2,0.33827937,2,0.21236844
1,YVIFL,0.34321978799999997,0.5588111376,3,0.9677696,3,0.9806849,3,0.6340108,3,0.99829274,3,0.894525
1,CEIEIQINM,0.34321978799999997,0.5588111376,3,0.20063154,3,0.9107565,3,0.863642,3,0.98605204,3,0.99614024
1,KFFAAK,0.34321978799999997,0.5588111376,3,0.9895163,3,0.80012,3,0.97721606,3,0.6018626,3,0.57466537
1,GGVVIA,0.34321978799999997,0.5588111376,3,0.27756786,3,0.98000777,3,0.6340851,3,0.88878816,3,0.38027486
1,NFGAIL,0.34321978799999997,0.5588111376,3,0.981624,3,0.60616624,3,0.11312235,3,0.1239641,3,0.6362417
1,CKAKAQANM,0.34321978799999997,0.5588111376,3,0.98646754,3,0.95451605,3,0.8509125,3,0.2173947,3,0.21452712
1,LDFPI,0.34321978799999997,0.5588111376,3,0.3064676,3,0.98232883,3,0.76556855,3,0.99712867,3,0.26023963
1,FFVLK,0.34321978799999997,0.5588111376,3,0.3196665,3,0.99331146,3,0.4736688,3,0.29060093,3,0.8044077
1,CSISIQI,0.34321978799999997,0.5588111376,3,0.13688251,3,0.94125885,3,0.38951135,3,0.88086855,3,0.9949258
1,GFFLG,0.34321978799999997,0.5588111376,3,0.9828703,3,0.87608784,3,0.83075994,3,0.34135848,3,0.54480624
1,FFALGLAGKK,0.34321978799999997,0.5588111376,3,0.5877585,3,0.9153692,3,0.50990385,3,0.9927527,3,0.9941326
1,AAAAAAD,0.34321978799999997,0.5588111376,3,0.9538216,3,0.9720063,3,0.9864818,3,0.9795658,3,0.095998816
1,GFFL,0.34321978799999997,0.5588111376,3,0.98896694,3,0.73731506,3,0.99794805,3,0.22600599,3,0.50168496
1,FFGPAGLDGD,0.34321978799999997,0.5588111376,3,0.98897606,3,0.8078099,3,0.6131965,3,0.83062255,3,0.99584705
1,AAAAAAAAAAAARR,0.34321978799999997,0.5588111376,3,0.9668832,3,0.9998035,3,0.5089409,3,0.9989072,3,0.98531365
1,VVVVVVDD,0.34321978799999997,0.5588111376,3,0.8302131,3,0.98877704,3,0.56755084,3,0.9933926,3,0.9989323
1,GNNQQNY,0.34321978799999997,0.5588111376,3,0.93671846,3,0.80848503,3,0.9950633,3,0.23554264,3,0.24338838
1,FFPLGLAGKK,0.34321978799999997,0.5588111376,3,0.4748011,3,0.7545274,3,0.98491687,3,0.99571896,3,0.99844605
1,FFSGHFDFF,0.34321978799999997,0.5588111376,3,0.9495212,3,0.99547493,3,0.99452645,3,0.9807693,3,0.9947792
1,GFIL,0.34321978799999997,0.5588111376,3,0.98394525,3,0.7904402,3,0.97892225,3,0.70343786,3,0.55748105
1,RADARADARADARADA,0.34321978799999997,0.5588111376,3,0.24187241,3,0.83585614,3,0.9374607,3,0.104410976,3,0.9875886
1,LIVGD,0.34321978799999997,0.5588111376,3,0.96653306,3,0.99989927,3,0.93277115,3,0.9574495,3,0.9831588
1,KAKAQA,0.34321978799999997,0.5588111376,3,0.97803724,3,0.77981734,3,0.9888562,3,0.9984087,3,0.07411797
1,KAKAQANMWQ,0.34321978799999997,0.5588111376,3,0.9994852,3,0.9115565,3,0.97530484,3,0.99474394,3,0.23042771
1,KIKIQINMWQ,0.34321978799999997,0.5588111376,3,0.9190232,3,0.8501948,3,0.9049674,3,0.65908676,3,0.99368525
1,VRVRVRVRVPPTRVRVRVRV,0.34321978799999997,0.5588111376,3,0.92292213,3,0.73848504,3,0.9903427,3,0.5836011,3,0.99895334
1,KKKGGGAAAVVVIII,0.34321978799999997,0.5588111376,3,0.8100806,3,0.9696336,3,0.89605093,3,0.47352254,3,0.9998392
1,VVVGGGIIIAAAKKK,0.34321978799999997,0.5588111376,3,0.55527943,3,0.69539905,3,0.7288349,3,0.716863,3,0.9998693
1,IIIVVVAAAGGGKKK,0.34321978799999997,0.5588111376,3,0.6142564,3,0.9629737,3,0.96199936,3,0.34727392,3,0.9998896
1,LIVAGS,0.34321978799999997,0.5588111376,3,0.7912741,3,0.99962974,3,0.98860663,3,0.6413097,3,0.91980666
1,CKIKQIINM,0.34321978799999997,0.5588111376,3,0.36551484,3,0.9857379,3,0.9905856,3,0.7606599,3,0.8928993
1,KASAKAEAKAEAKASA,0.34321978799999997,0.5588111376,3,0.9455283,3,0.7957073,3,0.28743666,3,0.99188864,3,0.9813135
1,QMAVHV,0.34321978799999997,0.5588111376,3,0.63881755,3,0.88494587,3,0.6873847,3,0.99432385,3,0.26246646
1,STVWIE,0.34321978799999997,0.5588111376,3,0.837961,3,0.3444367,3,0.83726996,3,0.977975,3,0.2695273
1,STVLIE,0.34321978799999997,0.5588111376,3,0.919743,3,0.7753398,3,0.5929145,3,0.98351216,3,0.3343454
1,STVIIW,0.34321978799999997,0.5588111376,3,0.8973333,3,0.6586156,3,0.81614804,3,0.5725387,3,0.65404814
1,STVIIL,0.34321978799999997,0.5588111376,3,0.42295775,3,0.5522409,3,0.8813759,3,0.9978799,3,0.70038396
1,STVIID,0.34321978799999997,0.5588111376,3,0.818069,3,0.263661,3,0.8672525,3,0.9943286,3,0.42108402
1,STVFIE,0.34321978799999997,0.5588111376,3,0.4246481,3,0.34420252,3,0.86449635,3,0.51558447,3,0.84903777
1,STVEIE,0.34321978799999997,0.5588111376,3,0.5315885,3,0.94113714,3,0.6640997,3,0.34442306,3,0.10487036
1,STSIIE,0.34321978799999997,0.5588111376,3,0.4207752,3,0.38478288,3,0.67799187,3,0.76390266,3,0.1790143
1,STQIIE,0.34321978799999997,0.5588111376,3,0.69990927,3,0.48064455,3,0.42299995,3,0.88412327,3,0.13895114
1,SNVIIE,0.34321978799999997,0.5588111376,3,0.87056834,3,0.66078997,3,0.6828552,3,0.6582241,3,0.8093227
1,QTVIIE,0.34321978799999997,0.5588111376,3,0.9564586,3,0.15828608,3,0.7476263,3,0.9358032,3,0.3355562
1,MTVIIE,0.34321978799999997,0.5588111376,3,0.28668994,3,0.068537876,3,0.24019939,3,0.32851595,3,0.9303322
1,FTVIIE,0.34321978799999997,0.5588111376,3,0.016617613,3,0.7111897,3,0.31311214,3,0.1483474,3,0.92366415
1,ATVIIE,0.34321978799999997,0.5588111376,3,0.8053541,3,0.96542686,3,0.31188104,3,0.21568513,3,0.5195015
1,AAVVLLLW,0.34321978799999997,0.5588111376,3,0.99615806,3,0.4768996,3,0.81230265,3,0.99913657,3,0.9517121
1,KFAFD,0.34321978799999997,0.5588111376,3,0.13962722,3,0.4430022,3,0.25222832,3,0.92227966,3,0.9899601
1,SYCGY,0.34321978799999997,0.5588111376,3,0.8902012,3,0.5771365,3,0.35041943,3,0.9936954,3,0.96689045
0,PLVKA,0.34321978799999997,0.5588111376,3,0.38157263,3,0.32260507,3,0.64762264,3,0.07506832,3,0.25409493
0,STYIIE,0.34321978799999997,0.5588111376,3,0.6313713,3,0.76608205,3,0.062765494,3,0.3655864,3,0.35099894
0,STVITE,0.34321978799999997,0.5588111376,3,0.05167185,3,0.20051363,3,0.7266005,3,0.23158437,3,0.20219347
0,STVISE,0.34321978799999997,0.5588111376,3,0.14528656,3,0.22465633,3,0.15076946,3,0.35182467,3,0.20475884
0,STVIME,0.34321978799999997,0.5588111376,3,0.30053276,3,0.09672915,3,0.09780183,3,0.16639982,3,0.35018772
0,STVAIE,0.34321978799999997,0.5588111376,3,0.13533959,3,0.1578718,3,0.37537315,3,0.30514655,3,0.18327092
0,KTVIYE,0.34321978799999997,0.5588111376,3,0.64438874,3,0.6607462,3,0.20817411,3,0.4046632,3,0.35392308
0,YVSGFH,0.34321978799999997,0.5588111376,3,0.38580358,3,0.13298593,3,0.21818331,3,0.15833643,3,0.4745806
0,RVNHVT,0.34321978799999997,0.5588111376,3,0.9348681,3,0.21657464,3,0.5672518,3,0.23363872,3,0.09048868
0,RTPKIQ,0.34321978799999997,0.5588111376,3,0.41281205,3,0.641837,3,0.11328422,3,0.20129591,3,0.0599676
0,PTEKDE,0.34321978799999997,0.5588111376,3,0.3875805,3,0.08407584,3,0.05458654,3,0.24892266,3,0.05943359
0,PKIQVY,0.34321978799999997,0.5588111376,3,0.048090577,3,0.059014805,3,0.13354619,3,0.37847325,3,0.48442534
0,NGERIE,0.34321978799999997,0.5588111376,3,0.11023465,3,0.16186245,3,0.05435821,3,0.18409215,3,0.14722694
0,KSNFLN,0.34321978799999997,0.5588111376,3,0.18641034,3,0.096815795,3,0.09752098,3,0.6460581,3,0.12751234
0,FTPTEK,0.34321978799999997,0.5588111376,3,0.05659043,3,0.14555854,3,0.039978236,3,0.11369946,3,0.13875185
0,EKDEYA,0.34321978799999997,0.5588111376,3,0.2509319,3,0.2449095,3,0.41807455,3,0.10140669,3,0.08591487
0,EHSDLS,0.34321978799999997,0.5588111376,3,0.3192304,3,0.82478076,3,0.3358532,3,0.52630293,3,0.054910302
0,AENGKS,0.34321978799999997,0.5588111376,3,0.5864154,3,0.11225558,3,0.03239536,3,0.12430271,3,0.067792885
0,SHLVEA,0.34321978799999997,0.5588111376,3,0.60793746,3,0.41412115,3,0.10441872,3,0.074597895,3,0.09272098
0,GERGFF,0.34321978799999997,0.5588111376,3,0.19695735,3,0.604366,3,0.55071366,3,0.18553689,3,0.07258583
0,NLGPVL,0.34321978799999997,0.5588111376,3,0.19010161,3,0.6217734,3,0.13268472,3,0.101266995,3,0.9823689
0,DPDPD,0.34321978799999997,0.5588111376,3,0.08841468,3,0.376117,3,0.30931383,3,0.1175273,3,0.73442996
0,EPYYK,0.34321978799999997,0.5588111376,3,0.2476708,3,0.3160543,3,0.283327,3,0.192657,3,0.253758
0,YDPKY,0.34321978799999997,0.5588111376,3,0.010640225,3,0.45693126,3,0.34837446,3,0.17980228,3,0.22059342
1,FFKLVFF,0.34321978799999997,0.5588111376,4,0.99979496,4,0.3654435,4,0.9962416,4,0.05571099,4,0.9995527
1,VVEE,0.34321978799999997,0.5588111376,4,0.8564453,4,0.92061836,4,0.9761252,4,0.999325,4,0.39518988
1,KLVFF,0.34321978799999997,0.5588111376,4,0.5642807,4,0.5962862,4,0.947085,4,0.75642234,4,0.8086977
1,SFSFSF,0.34321978799999997,0.5588111376,4,0.8273833,4,0.76808214,4,0.99879205,4,0.99452084,4,0.9352588
1,YFTEF,0.34321978799999997,0.5588111376,4,0.6802724,4,0.3575977,4,0.17199008,4,0.7379634,4,0.9190257
1,FKFEFKFEFKFE,0.34321978799999997,0.5588111376,4,0.26619357,4,0.6275066,4,0.9937555,4,0.8998705,4,0.99991786
1,VEVE,0.34321978799999997,0.5588111376,4,0.7499257,4,0.89332885,4,0.6861148,4,0.99661064,4,0.36950943
1,YVVFL,0.34321978799999997,0.5588111376,4,0.9692749,4,0.9978332,4,0.97701305,4,0.9556806,4,0.97156346
1,VVVVVVK,0.34321978799999997,0.5588111376,4,0.9996607,4,0.9953564,4,0.87863153,4,0.9120719,4,0.9580649
1,SSTSAA,0.34321978799999997,0.5588111376,4,0.9998109,4,0.37634826,4,0.43703902,4,0.9637164,4,0.03423182
1,FFVDF,0.34321978799999997,0.5588111376,4,0.97609454,4,0.20755653,4,0.9976634,4,0.5801375,4,0.9728378
1,VVVVVVKK,0.34321978799999997,0.5588111376,4,0.9783915,4,0.9185741,4,0.9927928,4,0.96807945,4,0.9653855
1,FFPLGLAGDD,0.34321978799999997,0.5588111376,4,0.9810952,4,0.9875442,4,0.9671748,4,0.9836882,4,0.99959886
1,FGAIL,0.34321978799999997,0.5588111376,4,0.7056444,4,0.41842347,4,0.86557573,4,0.97750795,4,0.5538525
1,RFRFRFRF,0.34321978799999997,0.5588111376,4,0.98381734,4,0.94380945,4,0.99760085,4,0.9471151,4,0.9710899
1,FGFDP,0.34321978799999997,0.5588111376,4,0.9977459,4,0.72180504,4,0.9842265,4,0.99660677,4,0.16616082
1,GAIL,0.34321978799999997,0.5588111376,4,0.6997648,4,0.86261815,4,0.98905826,4,0.32002828,4,0.16321471
1,KFKFQFN,0.34321978799999997,0.5588111376,4,0.21574989,4,0.9974992,4,0.85076755,4,0.8337637,4,0.9507176
1,ILVAGD,0.34321978799999997,0.5588111376,4,0.9807453,4,0.09830247,4,0.70036507,4,0.6185005,4,0.925613
1,AIVAGD,0.34321978799999997,0.5588111376,4,0.95093274,4,0.75053924,4,0.9276571,4,0.19124007,4,0.89083105
1,LIVAGK,0.34321978799999997,0.5588111376,4,0.99064,4,0.33434686,4,0.18927582,4,0.8971184,4,0.81019145
1,IVD,0.34321978799999997,0.5588111376,4,0.9985394,4,0.9970827,4,0.6766856,4,0.9998373,4,0.2120629
1,IID,0.34321978799999997,0.5588111376,4,0.9997323,4,0.84326696,4,0.83734334,4,0.99995506,4,0.4185929
1,QYQYQYQ,0.34321978799999997,0.5588111376,4,0.99993974,4,0.99682057,4,0.960318,4,0.7296945,4,0.8853159
1,CKAKAQA,0.34321978799999997,0.5588111376,4,0.9997001,4,0.9956148,4,0.99240017,4,0.820813,4,0.17594771
1,CKFKFQFNM,0.34321978799999997,0.5588111376,4,0.78028834,4,0.9558408,4,0.8455281,4,0.4048412,4,0.9965594
1,CKIKIQIN,0.34321978799999997,0.5588111376,4,0.61820745,4,0.81426215,4,0.99279106,4,0.99971485,4,0.9448963
1,RADARADFRADARADA,0.34321978799999997,0.5588111376,4,0.59065163,4,0.851321,4,0.95803285,4,0.89006686,4,0.9912923
1,SAEAKAEAKAEASAEA,0.34321978799999997,0.5588111376,4,0.28533328,4,0.43399268,4,0.998344,4,0.20836806,4,0.9966639
1,SYVIIE,0.34321978799999997,0.5588111376,4,0.24691345,4,0.9934636,4,0.90808254,4,0.6065305,4,0.76412493
1,SVVIIE,0.34321978799999997,0.5588111376,4,0.7241109,4,0.71397454,4,0.94675475,4,0.99323756,4,0.71019197
1,STVIIN,0.34321978799999997,0.5588111376,4,0.99944997,4,0.96453506,4,0.28697976,4,0.99486864,4,0.38429445
1,STVIIA,0.34321978799999997,0.5588111376,4,0.9997067,4,0.9610931,4,0.10494609,4,0.79051703,4,0.5499997
1,STVIFE,0.34321978799999997,0.5588111376,4,0.43820882,4,0.9289338,4,0.3328352,4,0.77797693,4,0.5418562
1,STLIIE,0.34321978799999997,0.5588111376,4,0.9278451,4,0.882642,4,0.7918987,4,0.88545185,4,0.32146257
1,SQVIIE,0.34321978799999997,0.5588111376,4,0.16165145,4,0.845696,4,0.83224666,4,0.3799824,4,0.2399703
1,SLVIIE,0.34321978799999997,0.5588111376,4,0.14357162,4,0.9518849,4,0.44264203,4,0.5290152,4,0.6050428
1,SIVIIE,0.34321978799999997,0.5588111376,4,0.8152482,4,0.6079709,4,0.87738717,4,0.43695667,4,0.84349436
1,SEVIIE,0.34321978799999997,0.5588111376,4,0.96408737,4,0.14793769,4,0.8741667,4,0.4782304,4,0.45027784
1,SAVIIE,0.34321978799999997,0.5588111376,4,0.9688483,4,0.6278938,4,0.36210677,4,0.7563887,4,0.47506848
1,NTVIIE,0.34321978799999997,0.5588111376,4,0.42313704,4,0.46516407,4,0.68065435,4,0.59212244,4,0.552836
1,LTVIIE,0.34321978799999997,0.5588111376,4,0.8226535,4,0.60113794,4,0.11424745,4,0.24540384,4,0.6589597
1,GTVIIE,0.34321978799999997,0.5588111376,4,0.61740863,4,0.22675003,4,0.6098574,4,0.6625011,4,0.35653213
1,FYLLYY,0.34321978799999997,0.5588111376,4,0.3705218,4,0.9738146,4,0.6306119,4,0.5876365,4,0.9980003
1,LYQLEN,0.34321978799999997,0.5588111376,4,0.5342387,4,0.65815526,4,0.49516898,4,0.28120667,4,0.11433205
1,KKSLSLSLSLSLSLKK,0.34321978799999997,0.5588111376,4,0.9567462,4,0.8039864,4,0.93406713,4,0.54906535,4,0.9956685
1,VVVVV,0.34321978799999997,0.5588111376,4,0.51736945,4,0.38884366,4,0.999747,4,0.7081203,4,0.87695956
1,KFFFE,0.34321978799999997,0.5588111376,4,0.057973586,4,0.9241335,4,0.9230443,4,0.12225191,4,0.94313127
1,FFEKF,0.34321978799999997,0.5588111376,4,0.58285433,4,0.9195234,4,0.09275078,4,0.6019083,4,0.93958163
1,KFFDY,0.34321978799999997,0.5588111376,4,0.44741076,4,0.4444564,4,0.23628253,4,0.55249953,4,0.81210256
0,KAAGG,0.34321978799999997,0.5588111376,4,0.16022189,4,0.427489,4,0.48507327,4,0.09306022,4,0.2759724
0,PFTTR,0.34321978799999997,0.5588111376,4,0.99753165,4,0.34093583,4,0.124804705,4,0.5003147,4,0.48321033
0,TTSGHTDTT,0.34321978799999997,0.5588111376,4,0.49093264,4,0.85380226,4,0.4499219,4,0.990452,4,0.06904968
0,AASGHADAA,0.34321978799999997,0.5588111376,4,0.38960344,4,0.4189298,4,0.81129414,4,0.41397643,4,0.15984488
0,KIKIQI,0.34321978799999997,0.5588111376,4,0.44815236,4,0.45059314,4,0.46607858,4,0.36652032,4,0.6660558
0,VKVKVKVKVDPPTKVEVKVKV,0.34321978799999997,0.5588111376,4,0.19281468,4,0.116945595,4,0.11163336,4,0.11310313,4,0.99983567
0,STVIWE,0.34321978799999997,0.5588111376,4,0.15943432,4,0.45048922,4,0.12774129,4,0.11653736,4,0.2925124
0,STVIQE,0.34321978799999997,0.5588111376,4,0.73633957,4,0.21899389,4,0.66160893,4,0.57465315,4,0.09054355
0,STGIIE,0.34321978799999997,0.5588111376,4,0.5498082,4,0.29246232,4,0.4579993,4,0.5581033,4,0.10487328
0,STDIIE,0.34321978799999997,0.5588111376,4,0.52266574,4,0.2261222,4,0.16583584,4,0.19273448,4,0.07355809
0,KTVIIT,0.34321978799999997,0.5588111376,4,0.9856963,4,0.6471217,4,0.13594428,4,0.101487786,4,0.5251401
0,LKNGER,0.34321978799999997,0.5588111376,4,0.21915172,4,0.020965988,4,0.09189995,4,0.16619104,4,0.07209703
0,IQRTPK,0.34321978799999997,0.5588111376,4,0.10416413,4,0.1463288,4,0.557671,4,0.13915126,4,0.09587079
0,HPAENG,0.34321978799999997,0.5588111376,4,0.48834768,4,0.36875558,4,0.777528,4,0.086214684,4,0.09818405
0,FSKDWS,0.34321978799999997,0.5588111376,4,0.17299193,4,0.12322161,4,0.050932948,4,0.1437982,4,0.099623464
0,ERIEKV,0.34321978799999997,0.5588111376,4,0.11094004,4,0.078969054,4,0.116237104,4,0.09390062,4,0.09005595
0,FYTPKT,0.34321978799999997,0.5588111376,4,0.21823686,4,0.16655225,4,0.12640113,4,0.07308413,4,0.53798354
0,FFYTPK,0.34321978799999997,0.5588111376,4,0.10015807,4,0.44788346,4,0.17980683,4,0.18471119,4,0.96295613
0,ERGFFY,0.34321978799999997,0.5588111376,4,0.09111086,4,0.2002579,4,0.11411407,4,0.09205809,4,0.19788617
0,EALYLV,0.34321978799999997,0.5588111376,4,0.048941255,4,0.9825135,4,0.23850901,4,0.63508624,4,0.72615445
0,KKFDD,0.34321978799999997,0.5588111376,4,0.08434779,4,0.07786644,4,0.083480366,4,0.16982758,4,0.07713796
0,PPPHY,0.34321978799999997,0.5588111376,4,0.69554216,4,0.14265057,4,0.9928346,4,0.41488412,4,0.16216971
0,YTEYK,0.34321978799999997,0.5588111376,4,0.37560558,4,0.042957183,4,0.17065334,4,0.19006355,4,0.110125415
1,AEAEAEAEAKAKAKAK,0.34321978799999997,0.5588111376,5,0.9947274,5,0.9404609,5,0.97058403,5,0.7173703,5,0.9986538
1,GGGGDD,0.34321978799999997,0.5588111376,5,0.71752495,5,0.9994726,5,0.65294343,5,0.21262787,5,0.08884146
1,CEIEIQI,0.34321978799999997,0.5588111376,5,0.9899855,5,0.13064271,5,0.64967334,5,0.9794478,5,0.88066185
1,FKFEFKFE,0.34321978799999997,0.5588111376,5,0.43782488,5,0.99153507,5,0.37756196,5,0.95397455,5,0.99826586
1,QQEFQWQFRQQ,0.34321978799999997,0.5588111376,5,0.07113939,5,0.84590566,5,0.9828944,5,0.99721825,5,0.9698075
1,WRWRWRWR,0.34321978799999997,0.5588111376,5,0.9689404,5,0.7535914,5,0.99519473,5,0.6744034,5,0.89483887
1,CKAKAQANMWQ,0.34321978799999997,0.5588111376,5,0.9942614,5,0.18690969,5,0.23705715,5,0.6952289,5,0.6373558
1,AAVVLLLWEE,0.34321978799999997,0.5588111376,5,0.9995998,5,0.934423,5,0.87660897,5,0.774392,5,0.9765713
1,RARADADARARADADA,0.34321978799999997,0.5588111376,5,0.99588066,5,0.6351602,5,0.9580335,5,0.99468696,5,0.95994985
1,ITSVV,0.34321978799999997,0.5588111376,5,0.26830456,5,0.12856485,5,0.96705294,5,0.47589108,5,0.5815624
1,WRWRWRWRWR,0.34321978799999997,0.5588111376,5,0.4949439,5,0.97819,5,0.6363159,5,0.75083834,5,0.9787462
1,FFGALGLKGK,0.34321978799999997,0.5588111376,5,0.7644822,5,0.25029266,5,0.7067263,5,0.9620869,5,0.9865286
1,NVVQIY,0.34321978799999997,0.5588111376,5,0.5967657,5,0.94435716,5,0.7949839,5,0.979751,5,0.56572187
1,DFY,0.34321978799999997,0.5588111376,5,0.69245833,5,0.98278356,5,0.65944934,5,0.98272854,5,0.2833066
1,FGFHFSFDF,0.34321978799999997,0.5588111376,5,0.9338221,5,0.06465291,5,0.9249732,5,0.9913354,5,0.9976859
1,IKVAV,0.34321978799999997,0.5588111376,5,0.9936039,5,0.3363768,5,0.33506078,5,0.9824514,5,0.6051716
1,GGGGGGDD,0.34321978799999997,0.5588111376,5,0.52614045,5,0.99631506,5,0.94059473,5,0.9880593,5,0.35536665
1,IIIK,0.34321978799999997,0.5588111376,5,0.3113634,5,0.99254876,5,0.8511953,5,0.25111234,5,0.87697345
1,LLLLLLDD,0.34321978799999997,0.5588111376,5,0.8912963,5,0.44157165,5,0.9755005,5,0.7029071,5,0.92298806
1,IIIIIIKK,0.34321978799999997,0.5588111376,5,0.7432497,5,0.1072688,5,0.13304016,5,0.30083486,5,0.99986714
1,KFG,0.34321978799999997,0.5588111376,5,0.9999057,5,0.93923944,5,0.14057457,5,0.9998899,5,0.21052703
1,KFKFQF,0.34321978799999997,0.5588111376,5,0.9921891,5,0.97201234,5,0.9870836,5,0.9148199,5,0.94267714
1,KIKIQINM,0.34321978799999997,0.5588111376,5,0.9498863,5,0.9968853,5,0.9852959,5,0.93881357,5,0.9922434
1,KLDLKLDLKLDL,0.34321978799999997,0.5588111376,5,0.872827,5,0.771905,5,0.5461137,5,0.9962566,5,0.703291
1,FFGPAGLKGK,0.34321978799999997,0.5588111376,5,0.7615243,5,0.70868576,5,0.21417241,5,0.83998543,5,0.94406974
1,LIVAAD,0.34321978799999997,0.5588111376,5,0.960443,5,0.7958044,5,0.3732129,5,0.88456345,5,0.7398772
1,LIVAGE,0.34321978799999997,0.5588111376,5,0.78905964,5,0.78934103,5,0.20751053,5,0.9166361,5,0.73685426
1,AIVAGS,0.34321978799999997,0.5588111376,5,0.3769086,5,0.28308728,5,0.84593254,5,0.72752535,5,0.686552
1,LIVAD,0.34321978799999997,0.5588111376,5,0.5054129,5,0.9913284,5,0.8570842,5,0.8796341,5,0.6152633
1,IVAD,0.34321978799999997,0.5588111376,5,0.99765396,5,0.9994766,5,0.948755,5,0.98864037,5,0.29086247
1,NYNYNYN,0.34321978799999997,0.5588111376,5,0.9935307,5,0.97466606,5,0.94032323,5,0.87808573,5,0.95744926
1,SYSSYS,0.34321978799999997,0.5588111376,5,0.99536157,5,0.7220389,5,0.80078626,5,0.90378284,5,0.14954896
1,CKIKIQI,0.34321978799999997,0.5588111376,5,0.8869852,5,0.99473816,5,0.89180434,5,0.9941164,5,0.654659
1,KIKQIINM,0.34321978799999997,0.5588111376,5,0.9752283,5,0.63236284,5,0.75410044,5,0.8196648,5,0.9899685
1,KIKQIINMWQ,0.34321978799999997,0.5588111376,5,0.950185,5,0.99931437,5,0.5287265,5,0.6191837,5,0.9974412
1,YTIAALLSPYS,0.34321978799999997,0.5588111376,5,0.9924534,5,0.24883373,5,0.6717813,5,0.32323033,5,0.9971416
1,VTVIIE,0.34321978799999997,0.5588111376,5,0.9900357,5,0.3730546,5,0.15677162,5,0.7371349,5,0.88344693
1,STVNIE,0.34321978799999997,0.5588111376,5,0.86679786,5,0.41280708,5,0.38448748,5,0.17386697,5,0.16308954
1,STVIIY,0.34321978799999997,0.5588111376,5,0.8971002,5,0.7952189,5,0.34656572,5,0.3754125,5,0.7859608
1,SSVIIE,0.34321978799999997,0.5588111376,5,0.18591078,5,0.4040483,5,0.9046514,5,0.3058542,5,0.4301116
1,SMVIIE,0.34321978799999997,0.5588111376,5,0.3220932,5,0.10183612,5,0.2823933,5,0.48965278,5,0.9713328
1,SGVIIE,0.34321978799999997,0.5588111376,5,0.3184846,5,0.8793035,5,0.64377016,5,0.4338567,5,0.438811
1,DTVIIE,0.34321978799999997,0.5588111376,5,0.66326976,5,0.37052098,5,0.786876,5,0.98978,5,0.25587413
1,NHVTLS,0.34321978799999997,0.5588111376,5,0.6742452,5,0.99375486,5,0.9475431,5,0.7889009,5,0.15947504
1,KDWSFY,0.34321978799999997,0.5588111376,5,0.46336788,5,0.49102122,5,0.37803277,5,0.66016674,5,0.071663365
1,VEALYL,0.34321978799999997,0.5588111376,5,0.12302028,5,0.99364233,5,0.56639653,5,0.31053686,5,0.6457085
1,FLVHSS,0.34321978799999997,0.5588111376,5,0.29472336,5,0.4493112,5,0.89734286,5,0.31890845,5,0.66803235
1,VKVEV,0.34321978799999997,0.5588111376,5,0.56545705,5,0.9800221,5,0.4828134,5,0.063540645,5,0.30209392
1,RWLDY,0.34321978799999997,0.5588111376,5,0.37105,5,0.2160394,5,0.708324,5,0.18021482,5,0.077142626
0,SWVIIE,0.34321978799999997,0.5588111376,5,0.29455814,5,0.23264554,5,0.24889079,5,0.2470181,5,0.8495781
0,STVSIE,0.34321978799999997,0.5588111376,5,0.7056734,5,0.24079864,5,0.21986486,5,0.25794372,5,0.15303287
0,STVPIE,0.34321978799999997,0.5588111376,5,0.83720326,5,0.57378274,5,0.36478806,5,0.75300074,5,0.16856717
0,STVMIE,0.34321978799999997,0.5588111376,5,0.14002426,5,0.5328496,5,0.6706979,5,0.6078354,5,0.48934436
0,STVIPE,0.34321978799999997,0.5588111376,5,0.34945005,5,0.9961093,5,0.15775101,5,0.84692717,5,0.22076723
0,STVILE,0.34321978799999997,0.5588111376,5,0.14920014,5,0.96657664,5,0.20642619,5,0.4106282,5,0.45359883
0,STVIGE,0.34321978799999997,0.5588111376,5,0.3325954,5,0.13259079,5,0.42254052,5,0.15050603,5,0.25497678
0,STVIDE,0.34321978799999997,0.5588111376,5,0.09614174,5,0.9480978,5,0.24707538,5,0.39283004,5,0.15305543
0,STVIAE,0.34321978799999997,0.5588111376,5,0.08091045,5,0.108936,5,0.73027146,5,0.2026475,5,0.26869014
0,STMIIE,0.34321978799999997,0.5588111376,5,0.647981,5,0.9727357,5,0.6014517,5,0.20750272,5,0.73751354
0,KTVIVE,0.34321978799999997,0.5588111376,5,0.10196021,5,0.08588928,5,0.6868774,5,0.586463,5,0.37298766
0,YYTEFT,0.34321978799999997,0.5588111376,5,0.24430905,5,0.46880335,5,0.5542223,5,0.91718644,5,0.95031226
0,VKWDRD,0.34321978799999997,0.5588111376,5,0.14690375,5,0.55850464,5,0.42841733,5,0.40783095,5,0.10510653
0,TEFTPT,0.34321978799999997,0.5588111376,5,0.09826994,5,0.37113658,5,0.39005226,5,0.08803897,5,0.29911765
0,SRHPAE,0.34321978799999997,0.5588111376,5,0.14656088,5,0.8806431,5,0.1872451,5,0.05812366,5,0.03773437
0,SGFHPS,0.34321978799999997,0.5588111376,5,0.084106214,5,0.051513717,5,0.043646246,5,0.30712578,5,0.08192873
0,LSQPKI,0.34321978799999997,0.5588111376,5,0.06776592,5,0.14681222,5,0.15252174,5,0.38378066,5,0.13828836
0,KWDRDM,0.34321978799999997,0.5588111376,5,0.2840648,5,0.15039471,5,0.07051364,5,0.18724675,5,0.07136083
0,RGFFYT,0.34321978799999997,0.5588111376,5,0.09872535,5,0.37622494,5,0.3513502,5,0.22095995,5,0.2780824
0,GSHLVE,0.34321978799999997,0.5588111376,5,0.12658335,5,0.068061985,5,0.21634622,5,0.55024683,5,0.07995811
0,GFFYTP,0.34321978799999997,0.5588111376,5,0.19388406,5,0.09116525,5,0.10273326,5,0.98684335,5,0.93855727
0,VKVKV,0.34321978799999997,0.5588111376,5,0.93106985,5,0.9979286,5,0.51482815,5,0.44047198,5,0.3336777
0,KVKVK,0.34321978799999997,0.5588111376,5,0.11455256,5,0.83077025,5,0.8861615,5,0.03911944,5,0.1269384
0,WKPYY,0.34321978799999997,0.5588111376,5,0.23797628,5,0.17034154,5,0.3605498,5,0.121742,5,0.25646415
