labels,sequence,PR thr SP,ROC thr SP,test 305475974,preds SP seed 305475974,test 369953070,preds SP seed 369953070,test 879273778,preds SP seed 879273778,test 965681145,preds SP seed 965681145,test 992391276,preds SP seed 992391276
1,GFFLGLDD,0.31960518800000004,0.5674178616000001,1,0.9673282,1,0.99295527,1,0.992583,1,0.99453616,1,0.9736063
1,NININI,0.31960518800000004,0.5674178616000001,1,0.9452247,1,0.9869822,1,0.9867766,1,0.9921896,1,0.7768394
1,ISDNL,0.31960518800000004,0.5674178616000001,1,0.9936923,1,0.39109787,1,0.9571929,1,0.999621,1,0.09331351
1,FTISD,0.31960518800000004,0.5674178616000001,1,0.91531223,1,0.99614173,1,0.49115652,1,0.9994731,1,0.32556352
1,CKIKIQINMWQ,0.31960518800000004,0.5674178616000001,1,0.9779406,1,0.90574914,1,0.9966498,1,0.99915594,1,0.9745268
1,AAAAAAK,0.31960518800000004,0.5674178616000001,1,0.8591703,1,0.46037012,1,0.9994099,1,0.9982062,1,0.8297845
1,CSISIQINM,0.31960518800000004,0.5674178616000001,1,0.9797443,1,0.7822218,1,0.99975514,1,0.9964605,1,0.9908524
1,GGGGGGGGDD,0.31960518800000004,0.5674178616000001,1,0.99187106,1,0.9684282,1,0.93041265,1,0.91473913,1,0.8895489
1,FAGFT,0.31960518800000004,0.5674178616000001,1,0.9680916,1,0.9991722,1,0.96821874,1,0.9996777,1,0.9035017
1,WRWRWR,0.31960518800000004,0.5674178616000001,1,0.969919,1,0.30498737,1,0.99939674,1,0.9949673,1,0.77374893
1,FFGALGLDGD,0.31960518800000004,0.5674178616000001,1,0.08752558,1,0.99925935,1,0.96991485,1,0.6796721,1,0.9946045
1,GAVILRR,0.31960518800000004,0.5674178616000001,1,0.96004426,1,0.9978245,1,0.99734217,1,0.9995814,1,0.8889767
1,LLLLLLKK,0.31960518800000004,0.5674178616000001,1,0.9666855,1,0.9997043,1,0.12984666,1,0.99958575,1,0.9916852
1,AEAEAKAKAEAEAKAK,0.31960518800000004,0.5674178616000001,1,0.97500104,1,0.9990996,1,0.9878617,1,0.030671727,1,0.9185682
1,NVQVVY,0.31960518800000004,0.5674178616000001,1,0.92028505,1,0.99707085,1,0.121152714,1,0.9959946,1,0.51818883
1,INHVGGTGGAIMAPVAVTRQLVGS,0.31960518800000004,0.5674178616000001,1,0.98808634,1,0.9985434,1,0.97791976,1,0.9059862,1,0.98922586
1,VVVVVVD,0.31960518800000004,0.5674178616000001,1,0.9145245,1,0.99889076,1,0.99622095,1,0.9843121,1,0.9876318
1,PRFRFRFRF,0.31960518800000004,0.5674178616000001,1,0.85452807,1,0.96795744,1,0.9875507,1,0.93320346,1,0.960804
1,NNVVNY,0.31960518800000004,0.5674178616000001,1,0.15536037,1,0.9721724,1,0.5986944,1,0.99878544,1,0.083153546
1,KYF,0.31960518800000004,0.5674178616000001,1,0.79109985,1,0.9191366,1,0.87617445,1,0.9286392,1,0.336663
1,FFGPLGLKGK,0.31960518800000004,0.5674178616000001,1,0.12784576,1,0.9992,1,0.82611334,1,0.26588345,1,0.99453664
1,VKVKVKVRVPPTRVKVKVKV,0.31960518800000004,0.5674178616000001,1,0.97933143,1,0.9095595,1,0.9892051,1,0.5140422,1,0.9258288
1,GGGAAAVVVIIIKKK,0.31960518800000004,0.5674178616000001,1,0.9684469,1,0.88092595,1,0.9949877,1,0.9949626,1,0.9946614
1,LAVAGD,0.31960518800000004,0.5674178616000001,1,0.9823767,1,0.7125331,1,0.5077062,1,0.9746524,1,0.948817
1,ILVAGS,0.31960518800000004,0.5674178616000001,1,0.9664521,1,0.6948903,1,0.99369866,1,0.9997261,1,0.9749535
1,LIVAGT,0.31960518800000004,0.5674178616000001,1,0.9934409,1,0.9716458,1,0.9664394,1,0.9991481,1,0.9653556
1,AIVAGT,0.31960518800000004,0.5674178616000001,1,0.8901102,1,0.9997948,1,0.22428642,1,0.9067073,1,0.9063801
1,MEMEMKMKMEMEMKMK,0.31960518800000004,0.5674178616000001,1,0.8403559,1,0.97155905,1,0.22269893,1,0.99001575,1,0.9840789
1,GYGYGYG,0.31960518800000004,0.5674178616000001,1,0.963364,1,0.4705962,1,0.5911615,1,0.97688645,1,0.8021757
1,NYNNYN,0.31960518800000004,0.5674178616000001,1,0.839054,1,0.7820069,1,0.1742396,1,0.9776238,1,0.13181478
1,AAKAAAKAAAKAAAKA,0.31960518800000004,0.5674178616000001,1,0.12770945,1,0.8906307,1,0.9982648,1,0.9992574,1,0.94006574
1,CKFKFQF,0.31960518800000004,0.5674178616000001,1,0.91834295,1,0.9902375,1,0.9880061,1,0.9982652,1,0.97892004
1,CKIKQIINMWQ,0.31960518800000004,0.5674178616000001,1,0.8201169,1,0.9358771,1,0.9850197,1,0.18793383,1,0.68526465
1,MKIKIQI,0.31960518800000004,0.5674178616000001,1,0.7706655,1,0.96573263,1,0.99656737,1,0.9995765,1,0.9555445
1,PPPPPPPPPPRRR,0.31960518800000004,0.5674178616000001,1,0.95232713,1,0.5369515,1,0.99229664,1,0.47900936,1,0.4097968
1,RADFRADARADARADA,0.31960518800000004,0.5674178616000001,1,0.21570848,1,0.74648494,1,0.3476318,1,0.92865497,1,0.9262248
1,RATARAEFRATARAEA,0.31960518800000004,0.5674178616000001,1,0.1285736,1,0.9049453,1,0.99683094,1,0.8611247,1,0.9409106
1,YTVIIE,0.31960518800000004,0.5674178616000001,1,0.7295448,1,0.7532445,1,0.20841263,1,0.98784316,1,0.92400175
1,STVIIV,0.31960518800000004,0.5674178616000001,1,0.70933664,1,0.9470788,1,0.60390013,1,0.95159006,1,0.9130464
1,STVIII,0.31960518800000004,0.5674178616000001,1,0.590392,1,0.39991346,1,0.6965809,1,0.24097058,1,0.9504432
1,STVIIF,0.31960518800000004,0.5674178616000001,1,0.9305972,1,0.567234,1,0.079313815,1,0.05595132,1,0.9598399
1,STFIIE,0.31960518800000004,0.5674178616000001,1,0.17701362,1,0.52012575,1,0.071329184,1,0.9418574,1,0.7786811
1,STEIIE,0.31960518800000004,0.5674178616000001,1,0.51311004,1,0.35143188,1,0.066731535,1,0.99809223,1,0.11215715
1,SDVIIE,0.31960518800000004,0.5674178616000001,1,0.6997725,1,0.9984854,1,0.50158924,1,0.99732786,1,0.5768897
1,ITVIIE,0.31960518800000004,0.5674178616000001,1,0.89268494,1,0.39476997,1,0.9449505,1,0.9587298,1,0.9800075
1,ETVIIE,0.31960518800000004,0.5674178616000001,1,0.9876239,1,0.457418,1,0.56312907,1,0.99906445,1,0.48581865
1,LLYYTE,0.31960518800000004,0.5674178616000001,1,0.86325306,1,0.9454583,1,0.224909,1,0.968011,1,0.67299086
1,KIVKWD,0.31960518800000004,0.5674178616000001,1,0.08622376,1,0.74740046,1,0.80825716,1,0.9648181,1,0.3200775
1,LVEALY,0.31960518800000004,0.5674178616000001,1,0.5280587,1,0.7187783,1,0.98119926,1,0.96295637,1,0.6515817
1,FKFEF,0.31960518800000004,0.5674178616000001,1,0.67026097,1,0.1838879,1,0.8683894,1,0.999566,1,0.9671222
0,RITTR,0.31960518800000004,0.5674178616000001,1,0.20989713,1,0.42426533,1,0.34302023,1,0.080943875,1,0.23658332
0,VKVKVKVK,0.31960518800000004,0.5674178616000001,1,0.45653886,1,0.4790969,1,0.89319,1,0.06656172,1,0.7727849
0,STVVIE,0.31960518800000004,0.5674178616000001,1,0.46418792,1,0.39572942,1,0.7699864,1,0.32886523,1,0.6060405
0,STVQIE,0.31960518800000004,0.5674178616000001,1,0.20432462,1,0.26162252,1,0.96882504,1,0.038030967,1,0.30356997
0,STVIVE,0.31960518800000004,0.5674178616000001,1,0.10024553,1,0.016235344,1,0.99051785,1,0.49937227,1,0.44260034
0,STVINE,0.31960518800000004,0.5674178616000001,1,0.3028225,1,0.3313469,1,0.17611945,1,0.5878846,1,0.07588676
0,STVIIP,0.31960518800000004,0.5674178616000001,1,0.2187388,1,0.05205287,1,0.053189404,1,0.063261524,1,0.4937088
0,STVGIE,0.31960518800000004,0.5674178616000001,1,0.07063228,1,0.12852125,1,0.15536875,1,0.80286205,1,0.32145512
0,STPIIE,0.31960518800000004,0.5674178616000001,1,0.04406141,1,0.9933607,1,0.0774453,1,0.9667407,1,0.09126029
0,STIIIE,0.31960518800000004,0.5674178616000001,1,0.05281326,1,0.021417145,1,0.07188403,1,0.72572035,1,0.7953657
0,SPVIIE,0.31960518800000004,0.5674178616000001,1,0.27140042,1,0.3030743,1,0.34451962,1,0.6717145,1,0.6398181
0,PTVIIE,0.31960518800000004,0.5674178616000001,1,0.08304544,1,0.53944314,1,0.3818104,1,0.0605241,1,0.7362736
0,KTVIIE,0.31960518800000004,0.5674178616000001,1,0.036403153,1,0.10525156,1,0.05153129,1,0.023454355,1,0.42191124
0,WSFYLL,0.31960518800000004,0.5674178616000001,1,0.11795506,1,0.1618561,1,0.18971072,1,0.03598585,1,0.97463924
0,VYSRHP,0.31960518800000004,0.5674178616000001,1,0.8967649,1,0.004099108,1,0.20343101,1,0.8977519,1,0.115512095
0,QPKIVK,0.31960518800000004,0.5674178616000001,1,0.044049412,1,0.02896607,1,0.0505908,1,0.037572797,1,0.12973605
0,PSDIEV,0.31960518800000004,0.5674178616000001,1,0.025510333,1,0.044711392,1,0.06628707,1,0.99153805,1,0.2481779
0,LSFSKD,0.31960518800000004,0.5674178616000001,1,0.101296574,1,0.021120647,1,0.09369995,1,0.029129421,1,0.34522057
0,KVEHSD,0.31960518800000004,0.5674178616000001,1,0.8633349,1,0.050133158,1,0.16109805,1,0.12146894,1,0.17195308
0,FHPSDI,0.31960518800000004,0.5674178616000001,1,0.5613566,1,0.9440547,1,0.28519234,1,0.36238906,1,0.10558873
0,EVDLLK,0.31960518800000004,0.5674178616000001,1,0.08555686,1,0.10669945,1,0.2464764,1,0.9995536,1,0.19769062
0,LIAGFN,0.31960518800000004,0.5674178616000001,1,0.04524982,1,0.9984324,1,0.089063786,1,0.018662143,1,0.970486
0,KDHFY,0.31960518800000004,0.5674178616000001,1,0.028979274,1,0.022668999,1,0.09260477,1,0.01828452,1,0.06429638
0,KDPYY,0.31960518800000004,0.5674178616000001,1,0.029523917,1,0.007995309,1,0.049336355,1,0.018458232,1,0.042358465
1,QEIARLEQEIARLEYEIARLE,0.31960518800000004,0.5674178616000001,2,0.124835685,2,0.70154434,2,0.25231698,2,0.7256856,2,0.97169346
1,NNQQNY,0.31960518800000004,0.5674178616000001,2,0.95972437,2,0.95416075,2,0.9864503,2,0.9942148,2,0.04969007
1,AILSS,0.31960518800000004,0.5674178616000001,2,0.99612224,2,0.96524364,2,0.2634749,2,0.8308999,2,0.93509024
1,EFFAAE,0.31960518800000004,0.5674178616000001,2,0.83770967,2,0.31152835,2,0.9953382,2,0.99879736,2,0.9748784
1,GGGGGGGGGGDD,0.31960518800000004,0.5674178616000001,2,0.9329118,2,0.98536783,2,0.9846759,2,0.998716,2,0.998068
1,CEIEIQINMWQ,0.31960518800000004,0.5674178616000001,2,0.8413967,2,0.17775488,2,0.9807655,2,0.98708576,2,0.99717695
1,YYACAYY,0.31960518800000004,0.5674178616000001,2,0.9104363,2,0.9096846,2,0.99628633,2,0.96314305,2,0.99802107
1,CKFKFQFNMWQ,0.31960518800000004,0.5674178616000001,2,0.08084157,2,0.88641626,2,0.26965085,2,0.7003615,2,0.99681103
1,VQIVYK,0.31960518800000004,0.5674178616000001,2,0.7178938,2,0.9973772,2,0.93521047,2,0.2451834,2,0.161065
1,YVVFV,0.31960518800000004,0.5674178616000001,2,0.77974945,2,0.998218,2,0.9531917,2,0.9913058,2,0.93024427
1,FFGAAGLDGD,0.31960518800000004,0.5674178616000001,2,0.99146706,2,0.98961973,2,0.98931855,2,0.99364775,2,0.9982767
1,AAVVLLLWEEEEEEE,0.31960518800000004,0.5674178616000001,2,0.99203235,2,0.7320343,2,0.9840922,2,0.98881656,2,0.9967147
1,FFGAAGLKGK,0.31960518800000004,0.5674178616000001,2,0.5765337,2,0.9065544,2,0.9713697,2,0.99454296,2,0.99773586
1,NVVVVY,0.31960518800000004,0.5674178616000001,2,0.9984434,2,0.975489,2,0.41356832,2,0.87417114,2,0.9910682
1,KLVFFAE,0.31960518800000004,0.5674178616000001,2,0.048239272,2,0.99413633,2,0.9776275,2,0.9980564,2,0.9429253
1,FFGPLGLDGD,0.31960518800000004,0.5674178616000001,2,0.95551336,2,0.968143,2,0.97726494,2,0.9766456,2,0.99856013
1,YVNAKQYYRILKRRY,0.31960518800000004,0.5674178616000001,2,0.9751328,2,0.7799026,2,0.99690247,2,0.98161525,2,0.83781755
1,WVNAKQYWRILKRRW,0.31960518800000004,0.5674178616000001,2,0.98217,2,0.04525848,2,0.94516814,2,0.9985592,2,0.96265334
1,KAKAQAN,0.31960518800000004,0.5674178616000001,2,0.9433117,2,0.5245467,2,0.7326603,2,0.23424876,2,0.2365342
1,KFKFQFNMWQ,0.31960518800000004,0.5674178616000001,2,0.94309956,2,0.5873974,2,0.8993308,2,0.33462608,2,0.9934892
1,VKVRVRVRVPPTRVRVRVKV,0.31960518800000004,0.5674178616000001,2,0.33990124,2,0.99634856,2,0.96972066,2,0.99244934,2,0.8976931
1,VKVKVRVRVPPTRVRVKVKV,0.31960518800000004,0.5674178616000001,2,0.9948672,2,0.9585076,2,0.9335541,2,0.9028043,2,0.7800185
1,KKKIIIVVVAAAGGG,0.31960518800000004,0.5674178616000001,2,0.8482618,2,0.9081748,2,0.94773614,2,0.9283585,2,0.9458507
1,KKKAAAIIIGGGVVV,0.31960518800000004,0.5674178616000001,2,0.81304896,2,0.9081236,2,0.97280025,2,0.98139495,2,0.75524676
1,LIVAGD,0.31960518800000004,0.5674178616000001,2,0.4786159,2,0.71747714,2,0.8225213,2,0.98655945,2,0.9883115
1,SYSYSYS,0.31960518800000004,0.5674178616000001,2,0.99884194,2,0.24372542,2,0.9995579,2,0.9894365,2,0.2620405
1,QYQQYQ,0.31960518800000004,0.5674178616000001,2,0.9516162,2,0.09176298,2,0.95814866,2,0.8528812,2,0.14887956
1,LFF,0.31960518800000004,0.5674178616000001,2,0.8971947,2,0.8707458,2,0.99007475,2,0.9990918,2,0.9511025
1,CKIKQII,0.31960518800000004,0.5674178616000001,2,0.9864413,2,0.93089366,2,0.9906346,2,0.4216806,2,0.8753469
1,PPPPPPPPPPRKKRRQRRR,0.31960518800000004,0.5674178616000001,2,0.89347184,2,0.9974166,2,0.9853734,2,0.9936228,2,0.69314015
1,MKFKFQF,0.31960518800000004,0.5674178616000001,2,0.9604882,2,0.2979101,2,0.98584914,2,0.9893853,2,0.99154574
1,RATARAEARATARAEA,0.31960518800000004,0.5674178616000001,2,0.4418174,2,0.81291705,2,0.5100839,2,0.9955565,2,0.93729186
1,NFGSVQ,0.31960518800000004,0.5674178616000001,2,0.8990882,2,0.67542905,2,0.34151682,2,0.96273583,2,0.6182132
1,YFCFY,0.31960518800000004,0.5674178616000001,2,0.15067823,2,0.086652875,2,0.9839626,2,0.11053963,2,0.92824566
1,WTVIIE,0.31960518800000004,0.5674178616000001,2,0.0885849,2,0.5653174,2,0.40134484,2,0.11940113,2,0.9241318
1,TTVIIE,0.31960518800000004,0.5674178616000001,2,0.85993946,2,0.3660458,2,0.9815713,2,0.08011346,2,0.5701561
1,STVYIE,0.31960518800000004,0.5674178616000001,2,0.7997868,2,0.94422674,2,0.9452324,2,0.12546684,2,0.107460275
1,STVTIE,0.31960518800000004,0.5674178616000001,2,0.92990077,2,0.98437554,2,0.9792027,2,0.96440697,2,0.071327135
1,STVIYE,0.31960518800000004,0.5674178616000001,2,0.8917622,2,0.8339309,2,0.98600566,2,0.92477584,2,0.044688363
1,STVIIT,0.31960518800000004,0.5674178616000001,2,0.8787913,2,0.1521239,2,0.9304094,2,0.9560551,2,0.21659796
1,STVIIS,0.31960518800000004,0.5674178616000001,2,0.28566274,2,0.94474083,2,0.056573693,2,0.11875867,2,0.20917681
1,STVIIQ,0.31960518800000004,0.5674178616000001,2,0.2982323,2,0.73097765,2,0.92430085,2,0.71043473,2,0.12955342
1,STVIIM,0.31960518800000004,0.5674178616000001,2,0.2718841,2,0.9496272,2,0.938484,2,0.97636837,2,0.780966
1,STVIIE,0.31960518800000004,0.5674178616000001,2,0.45318225,2,0.96833706,2,0.9111421,2,0.979121,2,0.48895967
1,STNIIE,0.31960518800000004,0.5674178616000001,2,0.6372319,2,0.016569246,2,0.96750426,2,0.78664863,2,0.11368535
1,SFVIIE,0.31960518800000004,0.5674178616000001,2,0.9181801,2,0.753508,2,0.046009757,2,0.99606115,2,0.9158749
1,VKVFF,0.31960518800000004,0.5674178616000001,2,0.886876,2,0.9797632,2,0.5988025,2,0.95435977,2,0.88460416
1,KWEFY,0.31960518800000004,0.5674178616000001,2,0.9469045,2,0.98477685,2,0.97205484,2,0.4701623,2,0.8361987
1,FKIDF,0.31960518800000004,0.5674178616000001,2,0.96713084,2,0.07449218,2,0.9504757,2,0.52525705,2,0.9950876
1,KWMDF,0.31960518800000004,0.5674178616000001,2,0.66864896,2,0.58073866,2,0.870743,2,0.9305558,2,0.9922372
0,QIMRW,0.31960518800000004,0.5674178616000001,2,0.029343678,2,0.047360323,2,0.12717798,2,0.23060049,2,0.9093255
0,RITWI,0.31960518800000004,0.5674178616000001,2,0.677125,2,0.7646471,2,0.04140734,2,0.99429494,2,0.85486937
0,TGTHTSTDT,0.31960518800000004,0.5674178616000001,2,0.22503193,2,0.95570266,2,0.4016393,2,0.0651087,2,0.2853534
0,AGAHASADA,0.31960518800000004,0.5674178616000001,2,0.9435627,2,0.6992481,2,0.03493714,2,0.06511676,2,0.95085907
0,KIKQII,0.31960518800000004,0.5674178616000001,2,0.8675767,2,0.05074745,2,0.045004655,2,0.031149201,2,0.43857768
0,STVIEE,0.31960518800000004,0.5674178616000001,2,0.19151933,2,0.023329303,2,0.12733316,2,0.039341036,2,0.019490253
0,STVDIE,0.31960518800000004,0.5674178616000001,2,0.0233689,2,0.02944765,2,0.23788337,2,0.6619972,2,0.17326044
0,STTIIE,0.31960518800000004,0.5674178616000001,2,0.031394746,2,0.047242373,2,0.74069864,2,0.13084827,2,0.10217367
0,STAIIE,0.31960518800000004,0.5674178616000001,2,0.15905102,2,0.031474013,2,0.8398571,2,0.15166532,2,0.16072091
0,KTVLIE,0.31960518800000004,0.5674178616000001,2,0.5054543,2,0.11944009,2,0.03304534,2,0.27248687,2,0.18366311
0,VTLSQP,0.31960518800000004,0.5674178616000001,2,0.16909233,2,0.031409126,2,0.07956354,2,0.35654378,2,0.030857727
0,SDLSFS,0.31960518800000004,0.5674178616000001,2,0.023784695,2,0.06119087,2,0.23622622,2,0.044276267,2,0.21120596
0,NGKSNF,0.31960518800000004,0.5674178616000001,2,0.4942257,2,0.07877589,2,0.019739043,2,0.07356508,2,0.05715801
0,IQVYSR,0.31960518800000004,0.5674178616000001,2,0.106371805,2,0.027356917,2,0.39176565,2,0.07796427,2,0.08223657
0,IEKVEH,0.31960518800000004,0.5674178616000001,2,0.8699524,2,0.023373786,2,0.21416347,2,0.06666165,2,0.085900195
0,DLLKNG,0.31960518800000004,0.5674178616000001,2,0.21234472,2,0.03214094,2,0.06373202,2,0.11311107,2,0.23190333
0,DIEVDL,0.31960518800000004,0.5674178616000001,2,0.12345343,2,0.02898496,2,0.97665894,2,0.14069754,2,0.99473524
0,YQLENY,0.31960518800000004,0.5674178616000001,2,0.40676677,2,0.25226477,2,0.8406372,2,0.07812771,2,0.20006673
0,SLYQLE,0.31960518800000004,0.5674178616000001,2,0.774439,2,0.104772545,2,0.45145425,2,0.6861311,2,0.4874313
0,HLVEAL,0.31960518800000004,0.5674178616000001,2,0.024037704,2,0.19096075,2,0.048423387,2,0.24328084,2,0.9961044
0,FVNQHL,0.31960518800000004,0.5674178616000001,2,0.029338665,2,0.5062032,2,0.9893872,2,0.32746768,2,0.66791165
0,RVSVD,0.31960518800000004,0.5674178616000001,2,0.044110958,2,0.014658178,2,0.28744188,2,0.03888881,2,0.07766934
0,PTPCY,0.31960518800000004,0.5674178616000001,2,0.013235247,2,0.25911075,2,0.045898013,2,0.029039891,2,0.08058627
0,YEPYK,0.31960518800000004,0.5674178616000001,2,0.014897593,2,0.048225097,2,0.033084393,2,0.027556013,2,0.060281277
1,YVIFL,0.31960518800000004,0.5674178616000001,3,0.99415576,3,0.4076826,3,0.22702852,3,0.99402803,3,0.9817725
1,CEIEIQINM,0.31960518800000004,0.5674178616000001,3,0.06298949,3,0.94829637,3,0.9920244,3,0.8850125,3,0.9964595
1,KFFAAK,0.31960518800000004,0.5674178616000001,3,0.99292505,3,0.9877857,3,0.99865174,3,0.8581958,3,0.2886926
1,GGVVIA,0.31960518800000004,0.5674178616000001,3,0.24385896,3,0.99564946,3,0.6238926,3,0.6134249,3,0.95692176
1,NFGAIL,0.31960518800000004,0.5674178616000001,3,0.9867721,3,0.48405576,3,0.31977642,3,0.07880779,3,0.966068
1,CKAKAQANM,0.31960518800000004,0.5674178616000001,3,0.99101317,3,0.98419535,3,0.89484113,3,0.62092733,3,0.9980312
1,LDFPI,0.31960518800000004,0.5674178616000001,3,0.5969338,3,0.9966379,3,0.99913704,3,0.9876834,3,0.6119552
1,FFVLK,0.31960518800000004,0.5674178616000001,3,0.97915655,3,0.98193413,3,0.7901269,3,0.31944448,3,0.9780299
1,CSISIQI,0.31960518800000004,0.5674178616000001,3,0.040357098,3,0.99767625,3,0.7556742,3,0.96966296,3,0.9762038
1,GFFLG,0.31960518800000004,0.5674178616000001,3,0.9811865,3,0.99555457,3,0.84810793,3,0.6444909,3,0.9307772
1,FFALGLAGKK,0.31960518800000004,0.5674178616000001,3,0.832549,3,0.9994528,3,0.20918828,3,0.9950847,3,0.9995183
1,AAAAAAD,0.31960518800000004,0.5674178616000001,3,0.988399,3,0.99343395,3,0.99847156,3,0.99797326,3,0.90034
1,GFFL,0.31960518800000004,0.5674178616000001,3,0.971347,3,0.95661587,3,0.99946094,3,0.1732679,3,0.92290014
1,FFGPAGLDGD,0.31960518800000004,0.5674178616000001,3,0.9921778,3,0.78499675,3,0.9506852,3,0.855059,3,0.9924163
1,AAAAAAAAAAAARR,0.31960518800000004,0.5674178616000001,3,0.98994,3,0.98011196,3,0.16777624,3,0.9961332,3,0.9996922
1,VVVVVVDD,0.31960518800000004,0.5674178616000001,3,0.9791075,3,0.9975793,3,0.28529462,3,0.63220793,3,0.9874781
1,GNNQQNY,0.31960518800000004,0.5674178616000001,3,0.99522495,3,0.9628716,3,0.9980357,3,0.31757277,3,0.99825114
1,FFPLGLAGKK,0.31960518800000004,0.5674178616000001,3,0.9742033,3,0.9892428,3,0.99745464,3,0.99886805,3,0.9983726
1,FFSGHFDFF,0.31960518800000004,0.5674178616000001,3,0.9717246,3,0.9882445,3,0.9997397,3,0.99612,3,0.9975874
1,GFIL,0.31960518800000004,0.5674178616000001,3,0.9674143,3,0.9469968,3,0.9860647,3,0.9792295,3,0.96941835
1,RADARADARADARADA,0.31960518800000004,0.5674178616000001,3,0.061125353,3,0.9841773,3,0.9877416,3,0.040555205,3,0.99914837
1,LIVGD,0.31960518800000004,0.5674178616000001,3,0.41176617,3,0.9996232,3,0.98803604,3,0.99816865,3,0.9782322
1,KAKAQA,0.31960518800000004,0.5674178616000001,3,0.3549662,3,0.9899251,3,0.9856449,3,0.9657477,3,0.2850641
1,KAKAQANMWQ,0.31960518800000004,0.5674178616000001,3,0.8799281,3,0.97852665,3,0.9194174,3,0.99120724,3,0.99904335
1,KIKIQINMWQ,0.31960518800000004,0.5674178616000001,3,0.98689574,3,0.9735713,3,0.9867258,3,0.98495024,3,0.99882567
1,VRVRVRVRVPPTRVRVRVRV,0.31960518800000004,0.5674178616000001,3,0.98712754,3,0.9444078,3,0.9996475,3,0.9853868,3,0.9993034
1,KKKGGGAAAVVVIII,0.31960518800000004,0.5674178616000001,3,0.98550093,3,0.9945899,3,0.99911076,3,0.9832269,3,0.92106676
1,VVVGGGIIIAAAKKK,0.31960518800000004,0.5674178616000001,3,0.9773339,3,0.7046182,3,0.97992575,3,0.9890223,3,0.9998012
1,IIIVVVAAAGGGKKK,0.31960518800000004,0.5674178616000001,3,0.959568,3,0.9690838,3,0.99931234,3,0.97051686,3,0.99985766
1,LIVAGS,0.31960518800000004,0.5674178616000001,3,0.76957005,3,0.93182284,3,0.6741509,3,0.99276704,3,0.98150855
1,CKIKQIINM,0.31960518800000004,0.5674178616000001,3,0.17851964,3,0.9766542,3,0.11071996,3,0.8695107,3,0.9129495
1,KASAKAEAKAEAKASA,0.31960518800000004,0.5674178616000001,3,0.9936702,3,0.9938517,3,0.1370057,3,0.08073568,3,0.9992657
1,QMAVHV,0.31960518800000004,0.5674178616000001,3,0.9707565,3,0.99706984,3,0.68193156,3,0.94451934,3,0.3809465
1,STVWIE,0.31960518800000004,0.5674178616000001,3,0.9809743,3,0.16774541,3,0.87377167,3,0.9965206,3,0.11169807
1,STVLIE,0.31960518800000004,0.5674178616000001,3,0.9425472,3,0.7923736,3,0.11871448,3,0.99773616,3,0.3103481
1,STVIIW,0.31960518800000004,0.5674178616000001,3,0.9489915,3,0.88007236,3,0.91807866,3,0.9347029,3,0.8679053
1,STVIIL,0.31960518800000004,0.5674178616000001,3,0.8625831,3,0.36434135,3,0.58833414,3,0.99230313,3,0.89309466
1,STVIID,0.31960518800000004,0.5674178616000001,3,0.8666296,3,0.18148458,3,0.8695924,3,0.9452955,3,0.62944025
1,STVFIE,0.31960518800000004,0.5674178616000001,3,0.6502952,3,0.7345351,3,0.93287057,3,0.7846086,3,0.34660065
1,STVEIE,0.31960518800000004,0.5674178616000001,3,0.62904143,3,0.993436,3,0.3860929,3,0.18161598,3,0.12979189
1,STSIIE,0.31960518800000004,0.5674178616000001,3,0.77345747,3,0.6045307,3,0.828731,3,0.95042276,3,0.07514205
1,STQIIE,0.31960518800000004,0.5674178616000001,3,0.894828,3,0.9728209,3,0.3575936,3,0.92028785,3,0.1074659
1,SNVIIE,0.31960518800000004,0.5674178616000001,3,0.9767621,3,0.9892419,3,0.94816476,3,0.5496517,3,0.52580243
1,QTVIIE,0.31960518800000004,0.5674178616000001,3,0.9867467,3,0.055118375,3,0.06844339,3,0.9391314,3,0.38253844
1,MTVIIE,0.31960518800000004,0.5674178616000001,3,0.078389116,3,0.65811926,3,0.11282683,3,0.5446242,3,0.9759463
1,FTVIIE,0.31960518800000004,0.5674178616000001,3,0.1058047,3,0.78126717,3,0.6122889,3,0.07787456,3,0.9796285
1,ATVIIE,0.31960518800000004,0.5674178616000001,3,0.97067463,3,0.9982931,3,0.43240765,3,0.8772235,3,0.91409904
1,AAVVLLLW,0.31960518800000004,0.5674178616000001,3,0.36472958,3,0.7358608,3,0.90105426,3,0.93647254,3,0.98543644
1,KFAFD,0.31960518800000004,0.5674178616000001,3,0.9682005,3,0.99598,3,0.97482544,3,0.9381437,3,0.62734145
1,SYCGY,0.31960518800000004,0.5674178616000001,3,0.9490925,3,0.9731773,3,0.20660506,3,0.49630183,3,0.9942975
0,PLVKA,0.31960518800000004,0.5674178616000001,3,0.73214453,3,0.5898979,3,0.43129954,3,0.026285453,3,0.07194181
0,STYIIE,0.31960518800000004,0.5674178616000001,3,0.8370831,3,0.43982348,3,0.086924866,3,0.46774375,3,0.25403187
0,STVITE,0.31960518800000004,0.5674178616000001,3,0.056123707,3,0.058286425,3,0.08561352,3,0.09008232,3,0.06949824
0,STVISE,0.31960518800000004,0.5674178616000001,3,0.076436326,3,0.13061666,3,0.44792223,3,0.11869705,3,0.07820936
0,STVIME,0.31960518800000004,0.5674178616000001,3,0.13536239,3,0.22750111,3,0.13264124,3,0.19196308,3,0.28104514
0,STVAIE,0.31960518800000004,0.5674178616000001,3,0.23629023,3,0.13411549,3,0.16947109,3,0.45280465,3,0.29536957
0,KTVIYE,0.31960518800000004,0.5674178616000001,3,0.25540158,3,0.933292,3,0.4408403,3,0.4780959,3,0.10621853
0,YVSGFH,0.31960518800000004,0.5674178616000001,3,0.92253727,3,0.22603758,3,0.11966848,3,0.054751016,3,0.5950155
0,RVNHVT,0.31960518800000004,0.5674178616000001,3,0.9863885,3,0.2803405,3,0.26043177,3,0.09600566,3,0.04056529
0,RTPKIQ,0.31960518800000004,0.5674178616000001,3,0.021811748,3,0.41131976,3,0.04325842,3,0.16656616,3,0.027428195
0,PTEKDE,0.31960518800000004,0.5674178616000001,3,0.033693835,3,0.023241393,3,0.030700432,3,0.4186522,3,0.010015017
0,PKIQVY,0.31960518800000004,0.5674178616000001,3,0.044320136,3,0.07535143,3,0.12359015,3,0.19450448,3,0.26369485
0,NGERIE,0.31960518800000004,0.5674178616000001,3,0.03991581,3,0.017664667,3,0.09015982,3,0.024055457,3,0.036552753
0,KSNFLN,0.31960518800000004,0.5674178616000001,3,0.04148813,3,0.017970754,3,0.043474596,3,0.037333056,3,0.047870494
0,FTPTEK,0.31960518800000004,0.5674178616000001,3,0.046739034,3,0.032464508,3,0.029456314,3,0.09196973,3,0.0038101678
0,EKDEYA,0.31960518800000004,0.5674178616000001,3,0.37244835,3,0.028073397,3,0.2580325,3,0.019730318,3,0.06370673
0,EHSDLS,0.31960518800000004,0.5674178616000001,3,0.8845085,3,0.100984596,3,0.024940481,3,0.31403318,3,0.026408112
0,AENGKS,0.31960518800000004,0.5674178616000001,3,0.030190956,3,0.281535,3,0.043027043,3,0.014972101,3,0.02102798
0,SHLVEA,0.31960518800000004,0.5674178616000001,3,0.9318582,3,0.2298644,3,0.0436856,3,0.0639537,3,0.09041244
0,GERGFF,0.31960518800000004,0.5674178616000001,3,0.5541692,3,0.02538332,3,0.47765893,3,0.9352325,3,0.290174
0,NLGPVL,0.31960518800000004,0.5674178616000001,3,0.030383753,3,0.03994687,3,0.043862324,3,0.04533334,3,0.15771204
0,DPDPD,0.31960518800000004,0.5674178616000001,3,0.039800543,3,0.058382317,3,0.17697524,3,0.21442972,3,0.015210626
0,EPYYK,0.31960518800000004,0.5674178616000001,3,0.011410913,3,0.061969288,3,0.032631427,3,0.017793579,3,0.02085641
0,YDPKY,0.31960518800000004,0.5674178616000001,3,0.01057387,3,0.14477582,3,0.04055836,3,0.019142782,3,0.016162371
1,FFKLVFF,0.31960518800000004,0.5674178616000001,4,0.9995161,4,0.961475,4,0.9967454,4,0.12144993,4,0.9565667
1,VVEE,0.31960518800000004,0.5674178616000001,4,0.988537,4,0.9905606,4,0.91510737,4,0.6575057,4,0.10552125
1,KLVFF,0.31960518800000004,0.5674178616000001,4,0.4388088,4,0.8721798,4,0.99834687,4,0.98497576,4,0.8856349
1,SFSFSF,0.31960518800000004,0.5674178616000001,4,0.9921193,4,0.9790335,4,0.9489619,4,0.98949915,4,0.920632
1,YFTEF,0.31960518800000004,0.5674178616000001,4,0.89258534,4,0.7379094,4,0.11623231,4,0.7726799,4,0.35587496
1,FKFEFKFEFKFE,0.31960518800000004,0.5674178616000001,4,0.1422539,4,0.9796796,4,0.9991428,4,0.8864659,4,0.9975463
1,VEVE,0.31960518800000004,0.5674178616000001,4,0.9894435,4,0.941037,4,0.9943073,4,0.98537946,4,0.13414264
1,YVVFL,0.31960518800000004,0.5674178616000001,4,0.99668497,4,0.9893277,4,0.9894433,4,0.9885131,4,0.951699
1,VVVVVVK,0.31960518800000004,0.5674178616000001,4,0.99921954,4,0.89367676,4,0.9962801,4,0.98491687,4,0.97445506
1,SSTSAA,0.31960518800000004,0.5674178616000001,4,0.9976246,4,0.6252373,4,0.92025816,4,0.9916822,4,0.10112143
1,FFVDF,0.31960518800000004,0.5674178616000001,4,0.99657446,4,0.5833166,4,0.9994368,4,0.41906112,4,0.92431235
1,VVVVVVKK,0.31960518800000004,0.5674178616000001,4,0.99139935,4,0.9883866,4,0.99947596,4,0.97768867,4,0.98315525
1,FFPLGLAGDD,0.31960518800000004,0.5674178616000001,4,0.9836928,4,0.8603238,4,0.9982375,4,0.990009,4,0.9832055
1,FGAIL,0.31960518800000004,0.5674178616000001,4,0.97557366,4,0.9400907,4,0.947695,4,0.9235086,4,0.9581166
1,RFRFRFRF,0.31960518800000004,0.5674178616000001,4,0.9941807,4,0.9881366,4,0.99320483,4,0.98599595,4,0.9945559
1,FGFDP,0.31960518800000004,0.5674178616000001,4,0.9990146,4,0.92714554,4,0.99952143,4,0.95819324,4,0.33540404
1,GAIL,0.31960518800000004,0.5674178616000001,4,0.9516217,4,0.94742185,4,0.97229236,4,0.62360364,4,0.76161116
1,KFKFQFN,0.31960518800000004,0.5674178616000001,4,0.058586713,4,0.9937678,4,0.99775994,4,0.9490162,4,0.98045903
1,ILVAGD,0.31960518800000004,0.5674178616000001,4,0.9777955,4,0.34508622,4,0.93037975,4,0.07550636,4,0.9714966
1,AIVAGD,0.31960518800000004,0.5674178616000001,4,0.9851688,4,0.75646496,4,0.9863715,4,0.5117713,4,0.9479636
1,LIVAGK,0.31960518800000004,0.5674178616000001,4,0.9930929,4,0.7166742,4,0.64866674,4,0.8347773,4,0.9653358
1,IVD,0.31960518800000004,0.5674178616000001,4,0.9994277,4,0.96492755,4,0.9971469,4,0.98255616,4,0.2875604
1,IID,0.31960518800000004,0.5674178616000001,4,0.9976567,4,0.265027,4,0.97486264,4,0.9975672,4,0.4155491
1,QYQYQYQ,0.31960518800000004,0.5674178616000001,4,0.99054706,4,0.987873,4,0.9957988,4,0.92333555,4,0.95533556
1,CKAKAQA,0.31960518800000004,0.5674178616000001,4,0.9995888,4,0.51934344,4,0.9933271,4,0.9172627,4,0.77645266
1,CKFKFQFNM,0.31960518800000004,0.5674178616000001,4,0.9629342,4,0.9763552,4,0.9996679,4,0.64889413,4,0.99661666
1,CKIKIQIN,0.31960518800000004,0.5674178616000001,4,0.92004657,4,0.9663853,4,0.84451175,4,0.9955061,4,0.9928107
1,RADARADFRADARADA,0.31960518800000004,0.5674178616000001,4,0.48321694,4,0.97101265,4,0.7638321,4,0.5376628,4,0.9989547
1,SAEAKAEAKAEASAEA,0.31960518800000004,0.5674178616000001,4,0.17620218,4,0.58318716,4,0.96749514,4,0.18245526,4,0.9430679
1,SYVIIE,0.31960518800000004,0.5674178616000001,4,0.84652114,4,0.9950415,4,0.9975643,4,0.97316086,4,0.8582159
1,SVVIIE,0.31960518800000004,0.5674178616000001,4,0.6506834,4,0.24261402,4,0.9981162,4,0.41943407,4,0.86528033
1,STVIIN,0.31960518800000004,0.5674178616000001,4,0.998598,4,0.2887144,4,0.15963502,4,0.90640587,4,0.5996228
1,STVIIA,0.31960518800000004,0.5674178616000001,4,0.99936366,4,0.16083953,4,0.11238562,4,0.85596603,4,0.90377426
1,STVIFE,0.31960518800000004,0.5674178616000001,4,0.6646011,4,0.043610036,4,0.13035983,4,0.9267514,4,0.314731
1,STLIIE,0.31960518800000004,0.5674178616000001,4,0.9817696,4,0.98340386,4,0.95676005,4,0.83507824,4,0.38392112
1,SQVIIE,0.31960518800000004,0.5674178616000001,4,0.11923855,4,0.98066765,4,0.99530166,4,0.3792902,4,0.44934255
1,SLVIIE,0.31960518800000004,0.5674178616000001,4,0.106578715,4,0.98652595,4,0.91117567,4,0.4279965,4,0.84908694
1,SIVIIE,0.31960518800000004,0.5674178616000001,4,0.9439403,4,0.5390961,4,0.993274,4,0.49052143,4,0.9006819
1,SEVIIE,0.31960518800000004,0.5674178616000001,4,0.96295524,4,0.10513854,4,0.99067944,4,0.39700437,4,0.4093677
1,SAVIIE,0.31960518800000004,0.5674178616000001,4,0.9726478,4,0.8485711,4,0.8662926,4,0.9187119,4,0.7545034
1,NTVIIE,0.31960518800000004,0.5674178616000001,4,0.6176252,4,0.5019625,4,0.9955131,4,0.52389246,4,0.3790647
1,LTVIIE,0.31960518800000004,0.5674178616000001,4,0.9767076,4,0.53186613,4,0.08997387,4,0.1713935,4,0.8501948
1,GTVIIE,0.31960518800000004,0.5674178616000001,4,0.75944686,4,0.107146636,4,0.8543998,4,0.8652185,4,0.59512484
1,FYLLYY,0.31960518800000004,0.5674178616000001,4,0.7434391,4,0.95725995,4,0.80948436,4,0.59515315,4,0.9633797
1,LYQLEN,0.31960518800000004,0.5674178616000001,4,0.7648985,4,0.65859085,4,0.6289936,4,0.47144023,4,0.5154452
1,KKSLSLSLSLSLSLKK,0.31960518800000004,0.5674178616000001,4,0.98522955,4,0.919416,4,0.99787956,4,0.7549674,4,0.99834657
1,VVVVV,0.31960518800000004,0.5674178616000001,4,0.73842996,4,0.44622234,4,0.97028923,4,0.9369433,4,0.9664008
1,KFFFE,0.31960518800000004,0.5674178616000001,4,0.53015405,4,0.9112755,4,0.95090914,4,0.19693035,4,0.7554042
1,FFEKF,0.31960518800000004,0.5674178616000001,4,0.5925157,4,0.5971977,4,0.7693171,4,0.7587394,4,0.39115158
1,KFFDY,0.31960518800000004,0.5674178616000001,4,0.9776113,4,0.729681,4,0.7600679,4,0.7759397,4,0.59734976
0,KAAGG,0.31960518800000004,0.5674178616000001,4,0.48778924,4,0.5946923,4,0.9700505,4,0.3032586,4,0.73991406
0,PFTTR,0.31960518800000004,0.5674178616000001,4,0.99513215,4,0.65673083,4,0.042678323,4,0.29737222,4,0.15019156
0,TTSGHTDTT,0.31960518800000004,0.5674178616000001,4,0.5125939,4,0.9341486,4,0.1911397,4,0.96549726,4,0.31000853
0,AASGHADAA,0.31960518800000004,0.5674178616000001,4,0.6222032,4,0.40621156,4,0.9985445,4,0.37289944,4,0.34341037
0,KIKIQI,0.31960518800000004,0.5674178616000001,4,0.18263401,4,0.43399858,4,0.8776202,4,0.4193349,4,0.94147795
0,VKVKVKVKVDPPTKVEVKVKV,0.31960518800000004,0.5674178616000001,4,0.15484612,4,0.03341512,4,0.115874246,4,0.05308521,4,0.84852743
0,STVIWE,0.31960518800000004,0.5674178616000001,4,0.06984603,4,0.1691547,4,0.05241758,4,0.17203718,4,0.21012312
0,STVIQE,0.31960518800000004,0.5674178616000001,4,0.22550559,4,0.07623798,4,0.37413666,4,0.48469242,4,0.14880252
0,STGIIE,0.31960518800000004,0.5674178616000001,4,0.8043374,4,0.29080412,4,0.7002626,4,0.5018382,4,0.28352013
0,STDIIE,0.31960518800000004,0.5674178616000001,4,0.30616733,4,0.34858426,4,0.05838001,4,0.12499318,4,0.13364495
0,KTVIIT,0.31960518800000004,0.5674178616000001,4,0.9616483,4,0.39041546,4,0.10063528,4,0.061586462,4,0.69127506
0,LKNGER,0.31960518800000004,0.5674178616000001,4,0.028763538,4,0.037605807,4,0.051031437,4,0.1612303,4,0.28474602
0,IQRTPK,0.31960518800000004,0.5674178616000001,4,0.13100322,4,0.33113942,4,0.77449346,4,0.16792229,4,0.07455992
0,HPAENG,0.31960518800000004,0.5674178616000001,4,0.4658214,4,0.684227,4,0.997041,4,0.128131,4,0.06870264
0,FSKDWS,0.31960518800000004,0.5674178616000001,4,0.060623355,4,0.07283596,4,0.02351225,4,0.043609913,4,0.2114926
0,ERIEKV,0.31960518800000004,0.5674178616000001,4,0.09490164,4,0.27458555,4,0.102114,4,0.07406178,4,0.10665797
0,FYTPKT,0.31960518800000004,0.5674178616000001,4,0.20655844,4,0.534227,4,0.037382737,4,0.1351603,4,0.118193805
0,FFYTPK,0.31960518800000004,0.5674178616000001,4,0.07698538,4,0.5109241,4,0.15616892,4,0.30192882,4,0.3731052
0,ERGFFY,0.31960518800000004,0.5674178616000001,4,0.05246863,4,0.77785426,4,0.993485,4,0.19355579,4,0.68830323
0,EALYLV,0.31960518800000004,0.5674178616000001,4,0.12285318,4,0.60415953,4,0.88668954,4,0.35942706,4,0.7511476
0,KKFDD,0.31960518800000004,0.5674178616000001,4,0.07061345,4,0.045343738,4,0.05959557,4,0.6281389,4,0.06150761
0,PPPHY,0.31960518800000004,0.5674178616000001,4,0.98603415,4,0.079415664,4,0.36342382,4,0.6262485,4,0.10296145
0,YTEYK,0.31960518800000004,0.5674178616000001,4,0.2675261,4,0.087989,4,0.052779026,4,0.4856137,4,0.074866
1,AEAEAEAEAKAKAKAK,0.31960518800000004,0.5674178616000001,5,0.9989363,5,0.93634665,5,0.9402448,5,0.93924505,5,0.9989496
1,GGGGDD,0.31960518800000004,0.5674178616000001,5,0.9059076,5,0.99108815,5,0.9653224,5,0.5397606,5,0.07083223
1,CEIEIQI,0.31960518800000004,0.5674178616000001,5,0.99856496,5,0.06393076,5,0.9914434,5,0.99673223,5,0.9929727
1,FKFEFKFE,0.31960518800000004,0.5674178616000001,5,0.9962415,5,0.97501075,5,0.9857619,5,0.99360627,5,0.98918086
1,QQEFQWQFRQQ,0.31960518800000004,0.5674178616000001,5,0.14223985,5,0.98893774,5,0.99932027,5,0.99746585,5,0.9996674
1,WRWRWRWR,0.31960518800000004,0.5674178616000001,5,0.9960355,5,0.9695383,5,0.9857721,5,0.96820354,5,0.9978005
1,CKAKAQANMWQ,0.31960518800000004,0.5674178616000001,5,0.9996207,5,0.8101736,5,0.94559216,5,0.9895213,5,0.9990679
1,AAVVLLLWEE,0.31960518800000004,0.5674178616000001,5,0.9540869,5,0.91777533,5,0.993454,5,0.9574491,5,0.9638586
1,RARADADARARADADA,0.31960518800000004,0.5674178616000001,5,0.99898034,5,0.09867738,5,0.97198105,5,0.9970429,5,0.9989245
1,ITSVV,0.31960518800000004,0.5674178616000001,5,0.6424045,5,0.24765326,5,0.99580574,5,0.3132127,5,0.8606349
1,WRWRWRWRWR,0.31960518800000004,0.5674178616000001,5,0.3847225,5,0.9943317,5,0.9927776,5,0.96395725,5,0.99904644
1,FFGALGLKGK,0.31960518800000004,0.5674178616000001,5,0.95319206,5,0.20739938,5,0.9712327,5,0.9741418,5,0.9996512
1,NVVQIY,0.31960518800000004,0.5674178616000001,5,0.84534436,5,0.923811,5,0.96881783,5,0.88797843,5,0.4104384
1,DFY,0.31960518800000004,0.5674178616000001,5,0.27358878,5,0.96671677,5,0.9412148,5,0.9969924,5,0.9192742
1,FGFHFSFDF,0.31960518800000004,0.5674178616000001,5,0.7096377,5,0.03225743,5,0.9883247,5,0.9977125,5,0.99656
1,IKVAV,0.31960518800000004,0.5674178616000001,5,0.9995251,5,0.2626786,5,0.608707,5,0.9972766,5,0.96139413
1,GGGGGGDD,0.31960518800000004,0.5674178616000001,5,0.99880606,5,0.9917358,5,0.93081367,5,0.99668676,5,0.41849858
1,IIIK,0.31960518800000004,0.5674178616000001,5,0.9767584,5,0.9925657,5,0.9773039,5,0.74879897,5,0.88340914
1,LLLLLLDD,0.31960518800000004,0.5674178616000001,5,0.99176264,5,0.18737352,5,0.9847925,5,0.86163163,5,0.977102
1,IIIIIIKK,0.31960518800000004,0.5674178616000001,5,0.03924655,5,0.045496248,5,0.035946384,5,0.38948408,5,0.9990326
1,KFG,0.31960518800000004,0.5674178616000001,5,0.9975706,5,0.98772156,5,0.23551273,5,0.9973022,5,0.17953397
1,KFKFQF,0.31960518800000004,0.5674178616000001,5,0.9818184,5,0.9765255,5,0.9864706,5,0.9879973,5,0.9616764
1,KIKIQINM,0.31960518800000004,0.5674178616000001,5,0.54068214,5,0.99490833,5,0.8729702,5,0.63140154,5,0.95340365
1,KLDLKLDLKLDL,0.31960518800000004,0.5674178616000001,5,0.98705834,5,0.9825164,5,0.9711244,5,0.9856897,5,0.34778342
1,FFGPAGLKGK,0.31960518800000004,0.5674178616000001,5,0.9915867,5,0.9798661,5,0.93386227,5,0.99295187,5,0.99758744
1,LIVAAD,0.31960518800000004,0.5674178616000001,5,0.983103,5,0.98162264,5,0.41196418,5,0.9868106,5,0.990205
1,LIVAGE,0.31960518800000004,0.5674178616000001,5,0.94834274,5,0.9724289,5,0.16219348,5,0.9874294,5,0.9873435
1,AIVAGS,0.31960518800000004,0.5674178616000001,5,0.5339293,5,0.1626106,5,0.97104204,5,0.989127,5,0.9749461
1,LIVAD,0.31960518800000004,0.5674178616000001,5,0.9878636,5,0.966985,5,0.9585423,5,0.99328864,5,0.9884984
1,IVAD,0.31960518800000004,0.5674178616000001,5,0.9985534,5,0.9980787,5,0.9863763,5,0.99578345,5,0.90948087
1,NYNYNYN,0.31960518800000004,0.5674178616000001,5,0.96072793,5,0.9879853,5,0.9823433,5,0.9955489,5,0.84096223
1,SYSSYS,0.31960518800000004,0.5674178616000001,5,0.12577537,5,0.98577756,5,0.89627355,5,0.6897567,5,0.2430217
1,CKIKIQI,0.31960518800000004,0.5674178616000001,5,0.021586148,5,0.9969173,5,0.8957126,5,0.2887596,5,0.9786844
1,KIKQIINM,0.31960518800000004,0.5674178616000001,5,0.9930954,5,0.43634158,5,0.9121173,5,0.9896392,5,0.1897411
1,KIKQIINMWQ,0.31960518800000004,0.5674178616000001,5,0.9983288,5,0.94238925,5,0.5472,5,0.84619224,5,0.61363417
1,YTIAALLSPYS,0.31960518800000004,0.5674178616000001,5,0.95482737,5,0.16421144,5,0.3774266,5,0.21553412,5,0.77655405
1,VTVIIE,0.31960518800000004,0.5674178616000001,5,0.9175567,5,0.38817102,5,0.100360565,5,0.2892428,5,0.9792531
1,STVNIE,0.31960518800000004,0.5674178616000001,5,0.99791175,5,0.61652106,5,0.673081,5,0.12297696,5,0.13530004
1,STVIIY,0.31960518800000004,0.5674178616000001,5,0.9994499,5,0.8406159,5,0.67910874,5,0.7420738,5,0.96804273
1,SSVIIE,0.31960518800000004,0.5674178616000001,5,0.058091648,5,0.65761596,5,0.95177144,5,0.6512069,5,0.60660183
1,SMVIIE,0.31960518800000004,0.5674178616000001,5,0.3998976,5,0.04011781,5,0.74179524,5,0.15435289,5,0.9833321
1,SGVIIE,0.31960518800000004,0.5674178616000001,5,0.07811422,5,0.04433011,5,0.92550015,5,0.12095175,5,0.8193819
1,DTVIIE,0.31960518800000004,0.5674178616000001,5,0.9927355,5,0.6835034,5,0.96199965,5,0.99717075,5,0.58487433
1,NHVTLS,0.31960518800000004,0.5674178616000001,5,0.9932274,5,0.9222592,5,0.9552526,5,0.68407303,5,0.1611482
1,KDWSFY,0.31960518800000004,0.5674178616000001,5,0.88700664,5,0.8240594,5,0.2720315,5,0.7255749,5,0.18996277
1,VEALYL,0.31960518800000004,0.5674178616000001,5,0.095514186,5,0.9665324,5,0.9635854,5,0.33066607,5,0.7755232
1,FLVHSS,0.31960518800000004,0.5674178616000001,5,0.99520713,5,0.11047762,5,0.9691512,5,0.9886059,5,0.8955492
1,VKVEV,0.31960518800000004,0.5674178616000001,5,0.98603106,5,0.95990354,5,0.82640934,5,0.87145674,5,0.4815963
1,RWLDY,0.31960518800000004,0.5674178616000001,5,0.09253787,5,0.8097066,5,0.89422107,5,0.86165565,5,0.5825499
0,SWVIIE,0.31960518800000004,0.5674178616000001,5,0.038550902,5,0.09386247,5,0.09075888,5,0.88553786,5,0.988701
0,STVSIE,0.31960518800000004,0.5674178616000001,5,0.0832573,5,0.20588614,5,0.052192368,5,0.023774005,5,0.14010452
0,STVPIE,0.31960518800000004,0.5674178616000001,5,0.9984811,5,0.7786822,5,0.28739244,5,0.9830828,5,0.036305994
0,STVMIE,0.31960518800000004,0.5674178616000001,5,0.07101325,5,0.95771104,5,0.112267226,5,0.92917466,5,0.3700808
0,STVIPE,0.31960518800000004,0.5674178616000001,5,0.08623249,5,0.9945909,5,0.13686162,5,0.5424707,5,0.018379452
0,STVILE,0.31960518800000004,0.5674178616000001,5,0.018749641,5,0.4392229,5,0.039647825,5,0.34347093,5,0.2582539
0,STVIGE,0.31960518800000004,0.5674178616000001,5,0.38790736,5,0.012777887,5,0.2712537,5,0.025665723,5,0.32006648
0,STVIDE,0.31960518800000004,0.5674178616000001,5,0.024286414,5,0.17167652,5,0.06677154,5,0.631713,5,0.09278895
0,STVIAE,0.31960518800000004,0.5674178616000001,5,0.07980407,5,0.012259809,5,0.82877517,5,0.035522286,5,0.24791975
0,STMIIE,0.31960518800000004,0.5674178616000001,5,0.9943468,5,0.52910906,5,0.6805342,5,0.64231324,5,0.77092946
0,KTVIVE,0.31960518800000004,0.5674178616000001,5,0.20499592,5,0.04861101,5,0.7872068,5,0.14395815,5,0.12254573
0,YYTEFT,0.31960518800000004,0.5674178616000001,5,0.1938429,5,0.8114205,5,0.21643731,5,0.9939432,5,0.8516377
0,VKWDRD,0.31960518800000004,0.5674178616000001,5,0.057381332,5,0.75271875,5,0.13231763,5,0.08318691,5,0.048963543
0,TEFTPT,0.31960518800000004,0.5674178616000001,5,0.12698148,5,0.07457853,5,0.028626915,5,0.02301522,5,0.019652346
0,SRHPAE,0.31960518800000004,0.5674178616000001,5,0.18526934,5,0.060147192,5,0.2277015,5,0.041123774,5,0.005317436
0,SGFHPS,0.31960518800000004,0.5674178616000001,5,0.5790858,5,0.029050622,5,0.05688525,5,0.053048752,5,0.015180514
0,LSQPKI,0.31960518800000004,0.5674178616000001,5,0.026548633,5,0.024959115,5,0.18791617,5,0.36298746,5,0.018111512
0,KWDRDM,0.31960518800000004,0.5674178616000001,5,0.2162887,5,0.042836133,5,0.08865394,5,0.041432716,5,0.40038237
0,RGFFYT,0.31960518800000004,0.5674178616000001,5,0.11597069,5,0.112134464,5,0.34601912,5,0.90895826,5,0.52353007
0,GSHLVE,0.31960518800000004,0.5674178616000001,5,0.0968511,5,0.06619695,5,0.2366117,5,0.07813094,5,0.112185486
0,GFFYTP,0.31960518800000004,0.5674178616000001,5,0.5891082,5,0.06722955,5,0.08563906,5,0.53888243,5,0.7549665
0,VKVKV,0.31960518800000004,0.5674178616000001,5,0.7954516,5,0.80518353,5,0.71610284,5,0.66665554,5,0.08180433
0,KVKVK,0.31960518800000004,0.5674178616000001,5,0.088727005,5,0.43927726,5,0.34824708,5,0.029958433,5,0.014212195
0,WKPYY,0.31960518800000004,0.5674178616000001,5,0.0117545,5,0.03311798,5,0.07095594,5,0.023189245,5,0.032206785
