Seed,Test,Sequence,Label,Pred Bi-LSTM,Pred LSTM,Pred MLP,Pred RNN,Pred Transformer,Pred Random Forest
305475974,1,EFFAAE,1,1,1,1,1,1,1
305475974,1,FKFEFKFE,1,1,1,1,1,1,1
305475974,1,CEIEIQINMWQ,1,1,1,1,1,1,1
305475974,1,QQEFQWQFRQQ,1,1,1,1,1,1,1
305475974,1,CKAKAQANM,1,1,1,1,1,1,1
305475974,1,FTISD,1,1,1,1,1,0,0
305475974,1,AAVVLLLWEE,1,1,1,1,1,1,1
305475974,1,FFGAAGLDGD,1,1,1,1,1,1,1
305475974,1,SFSFSF,1,1,1,1,1,1,1
305475974,1,LLLLLLKK,1,1,1,1,1,1,1
305475974,1,VEVE,1,1,1,1,1,1,1
305475974,1,YVVFL,1,1,1,1,1,1,1
305475974,1,YVNAKQYYRILKRRY,1,1,1,1,1,1,1
305475974,1,FFPLGLAGKK,1,1,1,1,1,1,1
305475974,1,FFSGHFDFF,1,1,1,1,1,1,1
305475974,1,RADARADARADARADA,1,1,1,1,1,1,1
305475974,1,GGGGGGDD,1,1,1,1,1,1,1
305475974,1,GAIL,1,1,1,1,1,1,1
305475974,1,KAKAQA,1,1,1,0,1,1,1
305475974,1,KFKFQF,1,1,1,1,1,1,1
305475974,1,KYF,1,1,1,1,1,1,1
305475974,1,LIVAGD,1,1,1,1,1,1,1
305475974,1,LAVAGD,1,1,1,1,1,1,1
305475974,1,AIVAGD,1,1,1,1,1,1,1
305475974,1,LIVAGE,1,1,1,1,1,1,1
305475974,1,MEMEMKMKMEMEMKMK,1,0,0,1,1,1,1
305475974,1,QYQYQYQ,1,1,1,1,1,1,1
305475974,1,AAKAAAKAAAKAAAKA,1,1,1,1,1,1,1
305475974,1,CKIKQIINM,1,1,1,1,1,1,1
305475974,1,KIKQIINM,1,1,1,1,1,1,1
305475974,1,QMAVHV,1,0,0,0,0,0,1
305475974,1,RATARAEFRATARAEA,1,1,1,1,1,1,1
305475974,1,STVIIV,1,1,1,1,1,1,1
305475974,1,STVIIT,1,1,1,1,0,1,1
305475974,1,STVIIM,1,1,1,1,1,1,1
305475974,1,STNIIE,1,1,1,1,1,1,0
305475974,1,STEIIE,1,1,1,1,0,0,0
305475974,1,SNVIIE,1,1,1,1,1,1,1
305475974,1,SDVIIE,1,1,1,1,0,1,1
305475974,1,NTVIIE,1,1,1,1,1,1,1
305475974,1,ITVIIE,1,1,1,1,1,1,1
305475974,1,ETVIIE,1,1,1,1,0,1,1
305475974,1,LLYYTE,1,0,0,0,0,0,1
305475974,1,VEALYL,1,1,1,1,1,0,1
305475974,1,LYQLEN,1,0,0,1,1,1,0
305475974,1,VVVVV,1,1,1,1,1,1,1
305475974,1,FKFEF,1,1,1,1,1,1,1
305475974,1,VKVEV,1,0,0,1,1,0,0
305475974,1,KFFFE,1,1,1,1,1,1,1
305475974,1,KWMDF,1,0,0,0,0,0,1
305475974,1,RITTR,0,0,0,0,0,0,0
305475974,1,TTSGHTDTT,0,0,0,0,0,0,0
305475974,1,KIKQII,0,1,0,0,0,0,0
305475974,1,STVQIE,0,1,1,1,0,1,0
305475974,1,STVISE,0,0,0,1,0,0,0
305475974,1,STVIME,0,0,0,0,0,0,0
305475974,1,STVIGE,0,0,0,1,1,0,0
305475974,1,KTVIYE,0,0,0,1,0,0,0
305475974,1,KTVIVE,0,0,0,0,0,0,0
305475974,1,PTEKDE,0,0,0,0,0,0,0
305475974,1,NGKSNF,0,1,1,1,1,0,0
305475974,1,NGERIE,0,1,1,1,1,1,0
305475974,1,LSQPKI,0,0,0,0,0,0,0
305475974,1,LKNGER,0,0,0,0,0,0,0
305475974,1,IQVYSR,0,1,1,1,1,1,0
305475974,1,FTPTEK,0,0,0,0,0,0,0
305475974,1,ERIEKV,0,0,0,0,0,0,0
305475974,1,EKDEYA,0,1,0,0,1,0,0
305475974,1,DIEVDL,0,0,0,0,0,0,1
305475974,1,YQLENY,0,1,1,1,1,1,0
305475974,1,GFFYTP,0,0,0,1,0,0,1
305475974,1,NLGPVL,0,0,0,0,0,0,1
305475974,1,WKPYY,0,0,0,1,0,0,1
305475974,1,PPPHY,0,0,0,0,0,0,1
305475974,2,GGGGDD,1,0,0,0,0,0,1
305475974,2,NININI,1,1,1,1,1,1,1
305475974,2,CKAKAQANMWQ,1,1,1,1,1,1,1
305475974,2,VQIVYK,1,1,1,0,0,0,1
305475974,2,GFFLG,1,1,1,1,1,1,1
305475974,2,GGGGGGGGDD,1,1,1,1,1,1,1
305475974,2,YVVFV,1,1,1,1,1,1,1
305475974,2,VVEE,1,1,1,1,1,1,1
305475974,2,KLVFF,1,1,1,1,1,1,1
305475974,2,KLVFFAE,1,1,1,1,1,1,1
305475974,2,FFGPAGLDGD,1,1,1,1,1,1,1
305475974,2,FFGPLGLDGD,1,1,1,1,1,1,1
305475974,2,DFY,1,1,1,1,1,1,1
305475974,2,VVVVVVDD,1,1,1,1,1,1,1
305475974,2,SSTSAA,1,0,0,0,0,0,1
305475974,2,AEAEAKAKAEAEAKAK,1,1,1,1,1,1,1
305475974,2,VVVVVVKK,1,1,1,1,1,1,1
305475974,2,INHVGGTGGAIMAPVAVTRQLVGS,1,1,1,1,1,1,1
305475974,2,LIVGD,1,1,1,1,1,1,1
305475974,2,KAKAQANMWQ,1,1,1,1,1,1,1
305475974,2,KFG,1,1,1,1,1,1,1
305475974,2,KFKFQFNMWQ,1,1,1,1,1,1,1
305475974,2,FFGPLGLKGK,1,1,1,1,1,1,1
305475974,2,FFGPAGLKGK,1,1,1,1,1,1,1
305475974,2,KKKGGGAAAVVVIII,1,0,0,1,0,1,1
305475974,2,VVVGGGIIIAAAKKK,1,1,1,1,1,1,1
305475974,2,LIVAGK,1,1,1,1,1,1,1
305475974,2,LFF,1,1,1,1,1,1,1
305475974,2,CKFKFQF,1,1,1,1,1,1,1
305475974,2,KASAKAEAKAEAKASA,1,1,1,1,1,1,1
305475974,2,SAEAKAEAKAEASAEA,1,1,1,1,1,1,1
305475974,2,TTVIIE,1,1,1,1,1,1,1
305475974,2,SYVIIE,1,1,1,1,1,1,1
305475974,2,STVYIE,1,0,0,1,0,0,0
305475974,2,STVWIE,1,0,0,1,0,0,0
305475974,2,STVIIS,1,1,1,1,1,1,1
305475974,2,STVIIQ,1,1,1,1,1,1,1
305475974,2,STVIII,1,1,1,1,1,1,1
305475974,2,STVIIF,1,1,1,1,1,1,1
305475974,2,STVIIA,1,1,1,1,1,1,1
305475974,2,STVIFE,1,0,0,0,0,0,0
305475974,2,STVFIE,1,1,1,1,1,0,0
305475974,2,STQIIE,1,0,0,1,1,0,0
305475974,2,STLIIE,1,0,0,1,0,1,1
305475974,2,STFIIE,1,1,1,0,0,1,0
305475974,2,SMVIIE,1,1,1,1,1,1,1
305475974,2,ATVIIE,1,1,1,1,1,1,1
305475974,2,FYLLYY,1,1,1,1,1,1,1
305475974,2,AAVVLLLW,1,1,1,1,1,1,1
305475974,2,KFFDY,1,1,1,1,1,1,1
305475974,2,PLVKA,0,0,0,0,1,0,1
305475974,2,RITWI,0,0,0,1,0,0,1
305475974,2,TGTHTSTDT,0,0,0,1,0,1,0
305475974,2,AGAHASADA,0,1,1,1,1,1,1
305475974,2,KIKIQI,0,0,0,0,0,0,0
305475974,2,STVIVE,0,0,0,0,0,0,0
305475974,2,STVITE,0,0,0,1,0,0,0
305475974,2,STVIIP,0,1,1,1,1,1,1
305475974,2,STVGIE,0,0,0,0,0,0,0
305475974,2,STVAIE,0,1,1,1,1,1,0
305475974,2,STTIIE,0,0,0,0,0,0,0
305475974,2,STPIIE,0,0,0,0,0,0,0
305475974,2,STMIIE,0,0,0,0,0,0,0
305475974,2,KTVLIE,0,0,0,0,1,0,0
305475974,2,SDLSFS,0,1,1,1,1,1,0
305475974,2,FSKDWS,0,0,0,0,1,1,0
305475974,2,EHSDLS,0,0,0,0,0,0,0
305475974,2,GERGFF,0,0,0,0,0,0,0
305475974,2,EALYLV,0,1,1,0,0,1,1
305475974,2,KVKVK,0,0,0,0,0,0,0
305475974,2,PTPCY,0,0,0,0,0,0,1
305475974,2,KDHFY,0,0,0,1,1,1,0
305475974,2,EPYYK,0,0,0,0,0,0,0
305475974,2,KDPYY,0,0,0,0,0,0,0
305475974,3,QEIARLEQEIARLEYEIARLE,1,1,1,1,1,1,1
305475974,3,NNQQNY,1,1,1,1,1,1,1
305475974,3,YVIFL,1,1,1,1,1,1,1
305475974,3,WRWRWRWR,1,0,0,0,0,0,1
305475974,3,FFVLK,1,1,1,1,1,1,1
305475974,3,CKIKIQINMWQ,1,1,1,1,1,1,1
305475974,3,AAAAAAK,1,1,1,1,1,1,1
305475974,3,FAGFT,1,1,1,1,1,1,1
305475974,3,WRWRWR,1,0,0,0,0,0,1
305475974,3,FFGALGLDGD,1,1,1,1,1,1,1
305475974,3,WRWRWRWRWR,1,0,0,0,0,1,1
305475974,3,NVVVVY,1,1,1,1,1,1,1
305475974,3,FFGALGLKGK,1,1,1,1,1,1,1
305475974,3,FKFEFKFEFKFE,1,1,1,1,1,1,1
305475974,3,FFVDF,1,1,1,1,1,1,1
305475974,3,GFIL,1,1,1,1,1,1,1
305475974,3,FGFHFSFDF,1,1,1,1,1,1,1
305475974,3,PRFRFRFRF,1,0,0,0,0,0,1
305475974,3,IIIK,1,1,1,1,1,1,1
305475974,3,LLLLLLDD,1,1,1,1,1,1,1
305475974,3,KAKAQAN,1,1,1,1,1,1,0
305475974,3,KLDLKLDLKLDL,1,0,0,1,0,1,1
305475974,3,VKVKVKVRVPPTRVKVKVKV,1,1,1,1,1,1,1
305475974,3,KKKAAAIIIGGGVVV,1,1,1,1,1,1,1
305475974,3,ILVAGS,1,1,1,1,1,1,1
305475974,3,LIVAGT,1,1,1,1,1,1,1
305475974,3,LIVAD,1,1,1,1,1,1,1
305475974,3,IVAD,1,1,1,1,1,1,1
305475974,3,IID,1,1,1,1,1,1,1
305475974,3,NYNYNYN,1,1,1,1,1,1,1
305475974,3,SYSYSYS,1,1,1,1,1,1,1
305475974,3,CKFKFQFNM,1,1,1,1,1,1,1
305475974,3,CKIKIQI,1,1,1,1,1,1,1
305475974,3,CKIKIQIN,1,1,1,1,1,1,1
305475974,3,MKIKIQI,1,1,1,1,1,1,1
305475974,3,SVVIIE,1,1,1,1,1,1,1
305475974,3,STVIIN,1,1,1,1,1,1,1
305475974,3,STVIIL,1,1,1,1,1,1,1
305475974,3,STVIID,1,1,1,1,1,1,0
305475974,3,SSVIIE,1,1,1,1,1,1,1
305475974,3,SQVIIE,1,1,1,1,1,1,1
305475974,3,SAVIIE,1,1,1,1,1,1,1
305475974,3,LTVIIE,1,1,1,1,1,1,1
305475974,3,FTVIIE,1,1,1,1,1,1,1
305475974,3,NHVTLS,1,0,0,1,0,0,0
305475974,3,KDWSFY,1,0,0,0,0,0,0
305475974,3,LVEALY,1,1,1,1,1,1,1
305475974,3,KKSLSLSLSLSLSLKK,1,0,0,1,1,1,1
305475974,3,SYCGY,1,1,1,1,1,1,1
305475974,3,FFEKF,1,1,1,1,1,1,1
305475974,3,QIMRW,0,1,1,1,1,1,1
305475974,3,AASGHADAA,0,1,0,1,1,1,1
305475974,3,STVPIE,0,0,0,1,1,0,0
305475974,3,STVIQE,0,0,0,1,0,0,0
305475974,3,STVIAE,0,0,0,1,1,0,0
305475974,3,STDIIE,0,0,0,0,0,0,1
305475974,3,PTVIIE,0,0,0,1,0,0,1
305475974,3,YVSGFH,0,0,0,0,0,0,1
305475974,3,WSFYLL,0,1,1,1,0,0,1
305475974,3,VTLSQP,0,0,0,0,0,0,1
305475974,3,TEFTPT,0,0,0,0,0,0,0
305475974,3,SRHPAE,0,0,0,0,0,0,0
305475974,3,RTPKIQ,0,0,0,0,0,0,0
305475974,3,QPKIVK,0,0,0,0,0,0,0
305475974,3,PSDIEV,0,0,0,0,0,0,1
305475974,3,SLYQLE,0,0,1,0,0,0,1
305475974,3,HLVEAL,0,0,0,1,1,1,1
305475974,3,FYTPKT,0,0,0,0,0,0,0
305475974,3,FVNQHL,0,1,1,1,1,1,1
305475974,3,ERGFFY,0,0,0,1,0,0,1
305475974,3,KKFDD,0,1,0,1,0,0,0
305475974,3,DPDPD,0,0,0,0,0,0,0
305475974,3,YTEYK,0,0,0,1,0,0,0
305475974,3,YDPKY,0,0,0,1,0,0,0
305475974,4,AEAEAEAEAKAKAKAK,1,1,1,1,1,1,1
305475974,4,GFFLGLDD,1,1,1,1,1,1,1
305475974,4,AILSS,1,0,0,0,0,0,1
305475974,4,CEIEIQI,1,1,1,1,1,1,1
305475974,4,NFGAIL,1,1,1,1,1,1,1
305475974,4,LDFPI,1,0,1,0,1,0,1
305475974,4,CSISIQI,1,1,1,1,1,1,1
305475974,4,FFALGLAGKK,1,1,1,1,1,1,1
305475974,4,RARADADARARADADA,1,1,1,1,1,1,1
305475974,4,AAVVLLLWEEEEEEE,1,1,1,1,1,1,1
305475974,4,FFGAAGLKGK,1,1,1,1,1,1,1
305475974,4,VVVVVVK,1,1,1,1,1,1,1
305475974,4,FFPLGLAGDD,1,1,1,1,1,1,1
305475974,4,NVQVVY,1,1,1,1,1,1,1
305475974,4,VVVVVVD,1,1,1,1,1,1,1
305475974,4,WVNAKQYWRILKRRW,1,1,1,1,1,1,1
305475974,4,IKVAV,1,1,1,1,1,1,1
305475974,4,FGFDP,1,0,1,0,0,0,1
305475974,4,KFKFQFN,1,1,1,1,1,1,1
305475974,4,KIKIQINM,1,1,1,1,1,1,1
305475974,4,KIKIQINMWQ,1,1,1,1,1,1,1
305475974,4,VKVRVRVRVPPTRVRVRVKV,1,1,1,1,1,1,1
305475974,4,GGGAAAVVVIIIKKK,1,1,1,1,1,1,1
305475974,4,KKKIIIVVVAAAGGG,1,1,1,1,1,1,1
305475974,4,IIIVVVAAAGGGKKK,1,1,1,1,1,1,1
305475974,4,AIVAGS,1,1,1,1,1,1,1
305475974,4,GYGYGYG,1,1,1,1,1,1,1
305475974,4,NYNNYN,1,1,1,1,1,1,1
305475974,4,SYSSYS,1,1,1,1,1,1,1
305475974,4,CKAKAQA,1,1,1,1,1,1,1
305475974,4,CKIKQII,1,1,1,1,0,1,1
305475974,4,RADFRADARADARADA,1,1,1,1,1,1,1
305475974,4,RATARAEARATARAEA,1,1,1,1,1,1,1
305475974,4,NFGSVQ,1,1,1,1,1,1,1
305475974,4,YTVIIE,1,1,1,1,1,1,1
305475974,4,STVNIE,1,1,1,1,1,1,0
305475974,4,STVEIE,1,1,1,0,0,0,0
305475974,4,SLVIIE,1,1,1,1,1,1,1
305475974,4,SIVIIE,1,1,1,1,1,1,1
305475974,4,SFVIIE,1,1,1,1,1,1,1
305475974,4,QTVIIE,1,1,1,1,1,1,1
305475974,4,MTVIIE,1,1,1,1,1,1,1
305475974,4,GTVIIE,1,1,1,1,1,1,1
305475974,4,DTVIIE,1,1,1,1,1,1,1
305475974,4,FLVHSS,1,0,0,0,0,0,1
305475974,4,VKVFF,1,1,1,1,1,1,1
305475974,4,KFAFD,1,1,1,1,1,1,1
305475974,4,RWLDY,1,0,0,0,0,0,0
305475974,4,KWEFY,1,1,1,1,1,0,1
305475974,4,FKIDF,1,1,1,1,1,1,1
305475974,4,KAAGG,0,1,1,1,1,1,1
305475974,4,VKVKVKVKVDPPTKVEVKVKV,0,1,1,1,0,1,1
305475974,4,STYIIE,0,1,1,0,1,1,1
305475974,4,STVVIE,0,1,1,1,1,1,0
305475974,4,STVMIE,0,0,0,0,1,0,0
305475974,4,STVINE,0,1,0,0,0,0,0
305475974,4,STVIEE,0,0,0,0,0,0,0
305475974,4,SPVIIE,0,0,0,1,1,0,1
305475974,4,KTVIIT,0,0,0,0,1,0,1
305475974,4,KTVIIE,0,0,0,0,0,0,0
305475974,4,YYTEFT,0,1,1,0,1,0,1
305475974,4,VYSRHP,0,0,0,0,0,0,0
305475974,4,VKWDRD,0,1,1,1,1,0,0
305475974,4,PKIQVY,0,0,0,0,0,0,0
305475974,4,KVEHSD,0,0,0,0,0,0,0
305475974,4,KSNFLN,0,1,1,1,1,0,0
305475974,4,IEKVEH,0,0,0,0,0,0,0
305475974,4,HPAENG,0,0,0,0,0,0,0
305475974,4,FHPSDI,0,0,0,0,0,0,0
305475974,4,SHLVEA,0,0,0,1,1,0,0
305475974,4,GSHLVE,0,0,0,0,0,0,0
305475974,4,LIAGFN,0,1,1,1,1,1,1
305475974,4,VKVKV,0,1,1,1,1,1,1
305475974,5,CEIEIQINM,1,1,1,1,1,1,1
305475974,5,KFFAAK,1,1,1,1,1,1,1
305475974,5,GGGGGGGGGGDD,1,1,1,1,1,1,1
305475974,5,GGVVIA,1,1,1,1,1,1,1
305475974,5,ISDNL,1,0,0,0,1,0,0
305475974,5,YYACAYY,1,1,1,1,1,1,1
305475974,5,CKFKFQFNMWQ,1,1,1,1,1,1,1
305475974,5,FFKLVFF,1,1,1,1,1,1,1
305475974,5,CSISIQINM,1,1,1,1,1,1,1
305475974,5,AAAAAAD,1,1,1,1,1,1,1
305475974,5,ITSVV,1,0,0,0,0,0,1
305475974,5,GFFL,1,1,1,1,1,1,1
305475974,5,GAVILRR,1,1,1,1,1,1,1
305475974,5,NVVQIY,1,1,1,1,1,1,1
305475974,5,YFTEF,1,1,1,1,1,1,1
305475974,5,AAAAAAAAAAAARR,1,1,1,1,1,1,1
305475974,5,FGAIL,1,1,1,1,1,1,1
305475974,5,GNNQQNY,1,1,1,1,1,1,1
305475974,5,RFRFRFRF,1,1,1,1,1,1,1
305475974,5,NNVVNY,1,1,1,1,1,1,1
305475974,5,IIIIIIKK,1,1,1,1,1,1,1
305475974,5,VRVRVRVRVPPTRVRVRVRV,1,1,1,1,1,1,1
305475974,5,VKVKVRVRVPPTRVRVKVKV,1,1,1,1,1,1,1
305475974,5,ILVAGD,1,1,1,1,1,1,1
305475974,5,LIVAAD,1,1,1,1,1,1,1
305475974,5,LIVAGS,1,1,1,1,1,1,1
305475974,5,AIVAGT,1,1,1,1,1,1,1
305475974,5,IVD,1,1,1,1,1,1,1
305475974,5,QYQQYQ,1,1,1,1,1,1,1
305475974,5,CKIKQIINMWQ,1,1,1,1,1,1,1
305475974,5,KIKQIINMWQ,1,1,1,1,1,1,1
305475974,5,PPPPPPPPPPRKKRRQRRR,1,0,0,1,0,0,1
305475974,5,PPPPPPPPPPRRR,1,0,0,0,0,0,1
305475974,5,MKFKFQF,1,1,1,1,1,1,1
305475974,5,RADARADFRADARADA,1,1,1,1,1,1,1
305475974,5,YFCFY,1,1,1,1,1,1,1
305475974,5,YTIAALLSPYS,1,1,1,1,1,1,1
305475974,5,WTVIIE,1,1,1,0,1,1,1
305475974,5,VTVIIE,1,1,1,0,1,1,1
305475974,5,STVTIE,1,0,0,0,1,0,0
305475974,5,STVLIE,1,1,1,0,1,1,1
305475974,5,STVIYE,1,1,1,0,1,0,0
305475974,5,STVIIY,1,1,1,1,1,1,1
305475974,5,STVIIW,1,1,1,1,1,1,1
305475974,5,STVIIE,1,1,1,0,1,1,1
305475974,5,STSIIE,1,1,1,0,1,0,0
305475974,5,SGVIIE,1,1,1,0,1,1,1
305475974,5,SEVIIE,1,1,1,1,1,1,1
305475974,5,KIVKWD,1,0,0,0,0,0,0
305475974,5,PFTTR,0,0,0,0,0,0,0
305475974,5,VKVKVKVK,0,0,0,0,0,1,1
305475974,5,SWVIIE,0,1,1,1,1,1,1
305475974,5,STVSIE,0,0,1,0,1,1,0
305475974,5,STVIWE,0,0,1,0,0,0,1
305475974,5,STVIPE,0,0,0,0,0,0,0
305475974,5,STVILE,0,0,0,0,0,0,1
305475974,5,STVIDE,0,0,0,0,0,0,0
305475974,5,STVDIE,0,0,0,0,0,0,0
305475974,5,STIIIE,0,1,1,0,1,1,1
305475974,5,STGIIE,0,0,0,0,1,1,0
305475974,5,STAIIE,0,1,0,0,1,1,0
305475974,5,SGFHPS,0,0,0,0,0,0,0
305475974,5,RVNHVT,0,0,0,0,0,0,0
305475974,5,LSFSKD,0,1,1,1,1,0,0
305475974,5,KWDRDM,0,0,0,0,0,0,0
305475974,5,IQRTPK,0,0,0,0,0,0,0
305475974,5,EVDLLK,0,0,0,0,0,0,1
305475974,5,DLLKNG,0,0,0,0,0,0,0
305475974,5,AENGKS,0,0,0,0,0,0,0
305475974,5,RGFFYT,0,0,0,0,0,0,0
305475974,5,FFYTPK,0,1,0,1,1,0,0
305475974,5,RVSVD,0,0,0,0,0,0,0
305475974,5,YEPYK,0,0,0,0,0,0,0
369953070,1,AEAEAEAEAKAKAKAK,1,1,1,1,1,1,1
369953070,1,QEIARLEQEIARLEYEIARLE,1,1,1,1,1,1,1
369953070,1,AILSS,1,0,1,0,0,0,1
369953070,1,GGGGGGGGGGDD,1,1,1,1,1,1,1
369953070,1,NININI,1,1,1,1,1,1,1
369953070,1,CKAKAQANM,1,1,1,1,1,1,1
369953070,1,CKAKAQANMWQ,1,1,1,1,1,1,1
369953070,1,FTISD,1,1,1,1,1,0,1
369953070,1,FFALGLAGKK,1,1,1,1,1,1,1
369953070,1,WRWRWR,1,0,0,0,0,0,1
369953070,1,FFGAAGLDGD,1,1,1,1,1,1,1
369953070,1,FKFEFKFEFKFE,1,1,1,1,1,1,1
369953070,1,AAAAAAAAAAAARR,1,1,1,1,1,1,1
369953070,1,VVVVVVDD,1,1,1,1,1,1,1
369953070,1,FFVDF,1,1,1,1,1,1,1
369953070,1,FFPLGLAGDD,1,1,1,1,1,1,1
369953070,1,INHVGGTGGAIMAPVAVTRQLVGS,1,1,1,0,1,1,1
369953070,1,RADARADARADARADA,1,1,1,1,1,1,1
369953070,1,GGGGGGDD,1,1,1,1,1,1,1
369953070,1,PRFRFRFRF,1,1,0,1,0,0,1
369953070,1,LLLLLLDD,1,1,1,1,1,1,1
369953070,1,KFKFQFNMWQ,1,1,1,1,1,1,1
369953070,1,KIKIQINMWQ,1,1,1,1,1,1,1
369953070,1,VKVRVRVRVPPTRVRVRVKV,1,1,1,1,1,1,1
369953070,1,VRVRVRVRVPPTRVRVRVRV,1,1,1,1,1,1,1
369953070,1,KKKIIIVVVAAAGGG,1,1,1,1,1,1,1
369953070,1,VVVGGGIIIAAAKKK,1,1,1,1,1,1,1
369953070,1,IVD,1,1,1,1,1,1,1
369953070,1,NYNYNYN,1,1,1,1,1,1,1
369953070,1,QYQYQYQ,1,1,1,1,1,1,1
369953070,1,GYGYGYG,1,1,1,1,1,1,1
369953070,1,CKIKIQIN,1,1,1,1,1,1,1
369953070,1,CKIKQIINM,1,1,1,1,1,1,1
369953070,1,KASAKAEAKAEAKASA,1,1,1,1,1,1,1
369953070,1,KIKQIINM,1,1,1,1,1,1,1
369953070,1,SYVIIE,1,1,1,1,1,1,1
369953070,1,SVVIIE,1,1,1,1,1,1,1
369953070,1,STVIIY,1,1,1,1,1,1,1
369953070,1,STVIII,1,1,1,1,1,1,1
369953070,1,STLIIE,1,0,1,0,0,0,1
369953070,1,STFIIE,1,1,1,0,0,1,1
369953070,1,SQVIIE,1,1,1,1,1,1,1
369953070,1,NTVIIE,1,1,1,1,1,1,1
369953070,1,FTVIIE,1,1,1,1,1,1,1
369953070,1,ETVIIE,1,1,1,0,0,1,1
369953070,1,FLVHSS,1,1,1,0,0,0,0
369953070,1,KKSLSLSLSLSLSLKK,1,0,0,1,1,1,1
369953070,1,KFFFE,1,1,1,1,1,1,1
369953070,1,SYCGY,1,1,1,1,1,0,1
369953070,1,RWLDY,1,0,0,0,0,0,0
369953070,1,RITTR,0,0,0,0,0,0,0
369953070,1,TTSGHTDTT,0,0,0,0,0,0,0
369953070,1,KIKQII,0,1,1,0,0,0,1
369953070,1,STVQIE,0,1,1,0,0,0,1
369953070,1,STVINE,0,0,0,0,0,0,0
369953070,1,STVILE,0,0,0,0,0,0,1
369953070,1,KTVIYE,0,0,0,0,0,0,0
369953070,1,YYTEFT,0,1,1,1,1,0,1
369953070,1,WSFYLL,0,1,1,0,1,0,1
369953070,1,VTLSQP,0,0,0,0,0,0,1
369953070,1,SDLSFS,0,1,1,1,1,0,0
369953070,1,PSDIEV,0,0,0,0,0,0,1
369953070,1,PKIQVY,0,0,0,0,0,0,1
369953070,1,NGKSNF,0,1,0,1,1,0,0
369953070,1,LKNGER,0,0,0,0,0,0,0
369953070,1,KWDRDM,0,0,0,0,0,0,0
369953070,1,IQRTPK,0,0,0,0,0,0,0
369953070,1,ERIEKV,0,0,0,0,0,0,0
369953070,1,DLLKNG,0,0,0,0,0,0,0
369953070,1,DIEVDL,0,1,1,1,1,1,1
369953070,1,FVNQHL,0,1,1,1,0,1,0
369953070,1,LIAGFN,0,1,1,1,1,1,1
369953070,1,DPDPD,0,0,0,0,0,0,0
369953070,1,YEPYK,0,0,0,0,0,0,0
369953070,2,NNQQNY,1,1,1,1,1,1,1
369953070,2,EFFAAE,1,1,1,0,1,1,1
369953070,2,QQEFQWQFRQQ,1,1,1,1,1,1,0
369953070,2,VQIVYK,1,0,1,0,1,0,0
369953070,2,FFKLVFF,1,1,1,1,1,1,1
369953070,2,LDFPI,1,1,0,0,1,0,1
369953070,2,AAAAAAK,1,1,1,1,1,1,1
369953070,2,GGGGGGGGDD,1,1,1,1,1,1,1
369953070,2,RARADADARARADADA,1,1,1,1,1,1,1
369953070,2,AAVVLLLWEEEEEEE,1,1,1,1,1,1,1
369953070,2,FFGALGLDGD,1,1,1,1,1,1,1
369953070,2,KLVFF,1,1,1,1,1,1,1
369953070,2,GFFL,1,1,1,1,1,1,1
369953070,2,GAVILRR,1,1,1,1,1,1,1
369953070,2,LLLLLLKK,1,1,1,1,1,1,1
369953070,2,NVQVVY,1,1,1,1,1,1,1
369953070,2,IKVAV,1,1,1,1,1,1,1
369953070,2,FGFDP,1,0,1,0,1,0,1
369953070,2,GAIL,1,1,1,1,1,1,1
369953070,2,KYF,1,1,1,1,1,1,1
369953070,2,FFGPAGLKGK,1,1,1,1,1,1,1
369953070,2,KKKGGGAAAVVVIII,1,0,0,1,0,1,1
369953070,2,LAVAGD,1,1,1,1,1,1,1
369953070,2,LIVAD,1,1,1,1,1,1,1
369953070,2,IVAD,1,1,1,1,1,1,1
369953070,2,SYSYSYS,1,1,1,1,1,1,1
369953070,2,SYSSYS,1,1,1,1,1,1,1
369953070,2,CKAKAQA,1,1,1,1,1,1,1
369953070,2,MKIKIQI,1,1,1,1,1,1,1
369953070,2,RATARAEARATARAEA,1,1,1,1,1,1,1
369953070,2,QMAVHV,1,0,0,0,0,0,0
369953070,2,YTVIIE,1,1,1,1,1,1,1
369953070,2,STVYIE,1,1,1,0,0,1,1
369953070,2,STVNIE,1,1,1,0,1,1,0
369953070,2,STVIIT,1,1,1,0,0,1,1
369953070,2,STVIIS,1,1,1,1,1,1,1
369953070,2,STVIIL,1,1,1,1,1,1,1
369953070,2,STVIIF,1,1,1,1,1,1,1
369953070,2,STVIID,1,1,1,1,1,1,0
369953070,2,STVEIE,1,1,1,0,0,0,0
369953070,2,SLVIIE,1,1,1,1,1,1,1
369953070,2,SGVIIE,1,1,1,1,1,1,1
369953070,2,SDVIIE,1,1,1,0,0,1,1
369953070,2,ITVIIE,1,1,1,1,1,1,1
369953070,2,KIVKWD,1,0,0,0,0,0,0
369953070,2,LVEALY,1,1,1,1,1,1,1
369953070,2,AAVVLLLW,1,1,1,1,1,1,1
369953070,2,FKFEF,1,1,1,1,1,1,1
369953070,2,VKVEV,1,0,0,0,0,0,0
369953070,2,KFAFD,1,1,1,1,1,1,1
369953070,2,PFTTR,0,0,0,0,0,0,0
369953070,2,AGAHASADA,0,1,1,0,1,0,1
369953070,2,STYIIE,0,1,1,0,1,1,1
369953070,2,STVVIE,0,1,1,0,1,1,1
369953070,2,STVSIE,0,1,1,0,1,1,1
369953070,2,STVPIE,0,0,0,0,0,0,0
369953070,2,STVISE,0,0,0,0,0,0,0
369953070,2,STVGIE,0,0,0,0,0,0,0
369953070,2,STPIIE,0,0,0,0,0,0,0
369953070,2,SPVIIE,0,0,0,1,1,0,1
369953070,2,KTVLIE,0,0,0,0,1,0,0
369953070,2,KTVIIE,0,0,0,0,0,0,0
369953070,2,VKWDRD,0,0,0,1,1,0,0
369953070,2,RVNHVT,0,0,0,0,0,0,0
369953070,2,PTEKDE,0,0,0,0,0,0,0
369953070,2,KVEHSD,0,0,0,1,0,0,0
369953070,2,KSNFLN,0,0,1,1,0,0,0
369953070,2,SLYQLE,0,0,0,0,0,0,1
369953070,2,SHLVEA,0,0,0,1,1,0,0
369953070,2,GSHLVE,0,0,0,0,0,0,0
369953070,2,GERGFF,0,0,0,1,1,0,0
369953070,2,FYTPKT,0,0,0,0,0,0,0
369953070,2,EALYLV,0,1,1,0,0,0,1
369953070,2,YTEYK,0,0,0,0,0,0,0
369953070,3,GGGGDD,1,0,0,0,0,0,1
369953070,3,GFFLGLDD,1,1,1,1,1,1,1
369953070,3,CEIEIQI,1,1,1,1,1,1,1
369953070,3,CEIEIQINM,1,1,1,1,1,1,1
369953070,3,KFFAAK,1,1,1,1,1,1,1
369953070,3,WRWRWRWR,1,1,1,1,1,1,1
369953070,3,CKFKFQFNMWQ,1,1,1,1,1,1,1
369953070,3,AAVVLLLWEE,1,1,1,1,1,1,1
369953070,3,CKIKIQINMWQ,1,1,1,1,1,1,1
369953070,3,CSISIQINM,1,1,1,1,1,1,1
369953070,3,FFGAAGLKGK,1,1,1,1,1,1,1
369953070,3,NVVVVY,1,1,1,1,1,1,1
369953070,3,SFSFSF,1,1,1,0,1,1,1
369953070,3,YFTEF,1,1,1,1,1,1,1
369953070,3,AEAEAKAKAEAEAKAK,1,1,1,1,1,1,1
369953070,3,FFPLGLAGKK,1,1,1,1,1,1,1
369953070,3,FFSGHFDFF,1,1,1,1,1,1,1
369953070,3,GFIL,1,1,1,1,1,1,1
369953070,3,RFRFRFRF,1,1,1,0,0,1,1
369953070,3,KFKFQF,1,1,1,0,0,0,1
369953070,3,KFKFQFN,1,1,1,1,1,1,1
369953070,3,IIIVVVAAAGGGKKK,1,1,1,1,1,1,1
369953070,3,ILVAGD,1,1,1,1,1,1,1
369953070,3,LIVAGS,1,1,1,1,1,1,1
369953070,3,ILVAGS,1,1,1,1,1,1,1
369953070,3,AIVAGS,1,1,1,1,1,1,1
369953070,3,CKFKFQFNM,1,1,1,1,1,1,1
369953070,3,CKIKQII,1,1,1,1,1,1,1
369953070,3,CKIKQIINMWQ,1,1,1,1,1,1,1
369953070,3,SAEAKAEAKAEASAEA,1,1,1,1,1,1,1
369953070,3,YTIAALLSPYS,1,1,1,1,1,1,1
369953070,3,WTVIIE,1,1,1,1,1,1,1
369953070,3,VTVIIE,1,1,1,1,1,1,1
369953070,3,STVIYE,1,0,1,0,0,0,0
369953070,3,STVIIW,1,1,1,0,1,1,1
369953070,3,STVIIA,1,1,1,1,1,1,1
369953070,3,STVFIE,1,1,1,0,1,1,1
369953070,3,STNIIE,1,1,1,0,1,1,1
369953070,3,SSVIIE,1,1,1,1,1,1,1
369953070,3,SIVIIE,1,1,1,1,1,1,1
369953070,3,QTVIIE,1,1,1,0,1,1,1
369953070,3,GTVIIE,1,1,1,0,1,1,1
369953070,3,ATVIIE,1,1,1,1,1,1,1
369953070,3,NHVTLS,1,0,0,0,0,0,0
369953070,3,KDWSFY,1,0,0,0,0,0,0
369953070,3,VEALYL,1,1,1,0,1,0,1
369953070,3,VVVVV,1,1,1,1,1,1,1
369953070,3,KWEFY,1,1,1,1,1,1,1
369953070,3,FKIDF,1,1,1,1,1,1,1
369953070,3,KFFDY,1,1,1,1,1,1,1
369953070,3,RITWI,0,1,1,0,1,1,0
369953070,3,VKVKVKVK,0,0,0,1,0,1,1
369953070,3,STVITE,0,0,0,0,0,0,0
369953070,3,STVIGE,0,0,0,0,1,0,0
369953070,3,STVDIE,0,0,0,0,1,0,0
369953070,3,STTIIE,0,1,1,0,0,1,1
369953070,3,STIIIE,0,1,1,1,1,1,1
369953070,3,STGIIE,0,0,0,0,1,0,0
369953070,3,STAIIE,0,0,0,0,1,0,0
369953070,3,KTVIIT,0,0,0,0,0,0,1
369953070,3,SGFHPS,0,0,0,0,0,0,0
369953070,3,NGERIE,0,0,0,0,1,1,0
369953070,3,LSQPKI,0,0,0,0,0,0,0
369953070,3,FTPTEK,0,0,0,0,0,0,0
369953070,3,FHPSDI,0,0,0,0,0,0,0
369953070,3,AENGKS,0,0,0,0,0,0,0
369953070,3,NLGPVL,0,0,0,0,1,0,1
369953070,3,RVSVD,0,0,0,0,1,0,0
369953070,3,VKVKV,0,1,1,1,1,1,1
369953070,3,WKPYY,0,0,0,0,1,0,0
369953070,3,PTPCY,0,0,0,0,0,0,1
369953070,3,EPYYK,0,0,0,0,0,0,0
369953070,3,YDPKY,0,0,0,0,0,0,0
369953070,3,KDPYY,0,0,0,0,0,0,0
369953070,4,GGVVIA,1,1,1,1,1,1,1
369953070,4,FKFEFKFE,1,1,1,1,1,1,1
369953070,4,NFGAIL,1,1,1,1,1,1,1
369953070,4,YYACAYY,1,1,1,1,1,1,1
369953070,4,FAGFT,1,1,1,1,1,1,1
369953070,4,WRWRWRWRWR,1,1,1,1,1,1,1
369953070,4,KLVFFAE,1,1,1,1,1,1,1
369953070,4,FFGALGLKGK,1,1,1,1,1,1,1
369953070,4,FFGPLGLDGD,1,1,1,1,1,1,1
369953070,4,NVVQIY,1,1,1,1,1,1,1
369953070,4,VEVE,1,1,1,1,1,1,1
369953070,4,VVVVVVKK,1,1,1,1,1,1,1
369953070,4,YVNAKQYYRILKRRY,1,1,1,1,1,1,1
369953070,4,FGAIL,1,1,1,1,1,1,1
369953070,4,VVVVVVD,1,1,1,1,1,1,1
369953070,4,IIIK,1,1,1,1,1,1,1
369953070,4,LIVGD,1,1,1,1,1,1,1
369953070,4,IIIIIIKK,1,1,1,1,1,1,1
369953070,4,KAKAQAN,1,1,1,1,1,1,1
369953070,4,KAKAQANMWQ,1,1,1,1,1,1,1
369953070,4,KFG,1,1,1,1,1,1,0
369953070,4,FFGPLGLKGK,1,1,1,1,1,1,1
369953070,4,VKVKVKVRVPPTRVKVKVKV,1,0,0,1,0,1,1
369953070,4,GGGAAAVVVIIIKKK,1,1,1,1,1,1,1
369953070,4,KKKAAAIIIGGGVVV,1,1,1,1,1,1,1
369953070,4,LIVAGD,1,1,1,1,1,1,1
369953070,4,LIVAGK,1,1,1,1,1,1,1
369953070,4,LIVAGT,1,1,1,1,1,1,1
369953070,4,IID,1,1,1,1,1,1,1
369953070,4,MEMEMKMKMEMEMKMK,1,0,0,1,1,1,1
369953070,4,NYNNYN,1,1,1,1,1,1,1
369953070,4,KIKQIINMWQ,1,1,1,1,1,1,1
369953070,4,PPPPPPPPPPRKKRRQRRR,1,0,0,0,0,0,1
369953070,4,PPPPPPPPPPRRR,1,0,0,0,0,0,1
369953070,4,MKFKFQF,1,1,1,1,1,1,1
369953070,4,RADARADFRADARADA,1,1,1,1,1,1,1
369953070,4,RATARAEFRATARAEA,1,1,1,1,1,1,1
369953070,4,TTVIIE,1,0,0,1,0,1,1
369953070,4,STVTIE,1,0,0,1,0,0,0
369953070,4,STVIIV,1,1,1,1,1,1,1
369953070,4,STVIIQ,1,1,1,1,1,1,1
369953070,4,STVIFE,1,0,0,0,0,0,1
369953070,4,STSIIE,1,0,0,1,0,0,0
369953070,4,SFVIIE,1,1,1,1,1,1,1
369953070,4,SEVIIE,1,1,1,1,1,1,1
369953070,4,LTVIIE,1,1,1,1,1,1,1
369953070,4,DTVIIE,1,1,1,1,1,1,1
369953070,4,VKVFF,1,1,1,1,1,1,1
369953070,4,FFEKF,1,1,1,1,1,1,1
369953070,4,KWMDF,1,0,1,1,0,0,1
369953070,4,KAAGG,0,0,0,0,0,0,1
369953070,4,QIMRW,0,1,1,1,1,1,1
369953070,4,SWVIIE,0,1,1,1,1,1,1
369953070,4,STVIWE,0,1,1,1,1,1,1
369953070,4,STVIVE,0,0,0,0,0,0,1
369953070,4,STVIPE,0,0,0,0,0,0,0
369953070,4,STVIIP,0,1,1,1,1,0,1
369953070,4,STVIEE,0,0,0,0,0,0,1
369953070,4,STVIAE,0,1,1,1,1,0,0
369953070,4,STVAIE,0,1,1,1,1,1,0
369953070,4,KTVIVE,0,0,0,0,0,0,0
369953070,4,SRHPAE,0,0,0,0,0,0,0
369953070,4,LSFSKD,0,1,0,1,1,1,0
369953070,4,IQVYSR,0,1,1,1,1,1,0
369953070,4,HPAENG,0,0,0,0,0,0,0
369953070,4,FSKDWS,0,1,1,0,1,1,0
369953070,4,YQLENY,0,1,1,1,1,1,1
369953070,4,RGFFYT,0,1,1,1,1,1,0
369953070,4,HLVEAL,0,1,1,1,1,1,1
369953070,4,GFFYTP,0,1,1,1,1,1,1
369953070,4,KKFDD,0,0,1,1,1,0,0
369953070,4,KVKVK,0,0,0,0,0,0,0
369953070,4,KDHFY,0,0,1,1,1,1,0
369953070,5,YVIFL,1,1,1,1,1,1,1
369953070,5,CEIEIQINMWQ,1,1,1,1,1,1,1
369953070,5,ISDNL,1,0,0,1,1,1,0
369953070,5,FFVLK,1,1,1,1,1,1,1
369953070,5,CSISIQI,1,1,1,1,1,1,1
369953070,5,GFFLG,1,1,1,1,1,1,1
369953070,5,AAAAAAD,1,1,1,1,1,1,1
369953070,5,YVVFV,1,1,1,1,1,1,1
369953070,5,ITSVV,1,1,1,0,1,0,1
369953070,5,VVEE,1,1,1,1,1,1,1
369953070,5,FFGPAGLDGD,1,1,1,1,1,1,1
369953070,5,DFY,1,1,1,1,1,1,1
369953070,5,YVVFL,1,1,1,1,1,1,1
369953070,5,VVVVVVK,1,1,1,1,1,1,1
369953070,5,SSTSAA,1,0,0,0,0,0,1
369953070,5,GNNQQNY,1,1,1,1,1,1,1
369953070,5,FGFHFSFDF,1,1,1,1,1,1,1
369953070,5,WVNAKQYWRILKRRW,1,1,1,1,1,1,1
369953070,5,NNVVNY,1,1,1,1,1,1,1
369953070,5,KAKAQA,1,1,1,0,1,1,0
369953070,5,KIKIQINM,1,1,1,1,1,1,1
369953070,5,KLDLKLDLKLDL,1,1,1,1,0,1,1
369953070,5,VKVKVRVRVPPTRVRVKVKV,1,1,1,1,1,1,1
369953070,5,LIVAAD,1,1,1,1,1,1,1
369953070,5,AIVAGD,1,1,1,1,1,1,1
369953070,5,LIVAGE,1,1,1,1,1,1,1
369953070,5,AIVAGT,1,1,1,1,1,1,1
369953070,5,QYQQYQ,1,1,1,1,1,1,1
369953070,5,LFF,1,1,1,1,1,1,1
369953070,5,AAKAAAKAAAKAAAKA,1,1,1,1,1,1,1
369953070,5,CKFKFQF,1,1,1,1,1,1,1
369953070,5,CKIKIQI,1,1,1,1,1,1,1
369953070,5,RADFRADARADARADA,1,1,1,1,1,1,1
369953070,5,NFGSVQ,1,1,1,1,1,1,1
369953070,5,YFCFY,1,1,1,1,1,1,1
369953070,5,STVWIE,1,0,0,0,0,0,0
369953070,5,STVLIE,1,1,0,1,1,1,1
369953070,5,STVIIN,1,1,1,1,1,1,1
369953070,5,STVIIM,1,1,1,1,1,1,1
369953070,5,STVIIE,1,1,1,1,1,1,1
369953070,5,STQIIE,1,0,0,1,1,1,0
369953070,5,STEIIE,1,0,1,0,0,0,0
369953070,5,SNVIIE,1,1,1,1,1,1,1
369953070,5,SMVIIE,1,1,1,1,1,1,1
369953070,5,SAVIIE,1,1,1,1,1,1,1
369953070,5,MTVIIE,1,1,1,1,1,1,1
369953070,5,LLYYTE,1,0,0,0,0,0,1
369953070,5,FYLLYY,1,1,1,1,1,1,1
369953070,5,LYQLEN,1,0,0,1,1,1,0
369953070,5,PLVKA,0,0,0,0,1,0,1
369953070,5,TGTHTSTDT,0,0,0,0,0,0,0
369953070,5,AASGHADAA,0,1,0,0,1,0,1
369953070,5,KIKIQI,0,0,0,0,0,0,0
369953070,5,VKVKVKVKVDPPTKVEVKVKV,0,1,1,1,0,1,1
369953070,5,STVMIE,0,1,1,0,0,1,0
369953070,5,STVIQE,0,0,0,0,0,0,0
369953070,5,STVIME,0,0,0,0,0,0,0
369953070,5,STVIDE,0,0,0,0,0,0,0
369953070,5,STMIIE,0,1,1,0,0,0,0
369953070,5,STDIIE,0,0,0,0,0,1,0
369953070,5,PTVIIE,0,0,0,1,1,0,1
369953070,5,YVSGFH,0,0,0,0,0,0,1
369953070,5,VYSRHP,0,0,0,0,0,0,0
369953070,5,TEFTPT,0,0,0,0,0,0,0
369953070,5,RTPKIQ,0,0,0,0,0,0,0
369953070,5,QPKIVK,0,0,0,0,0,0,0
369953070,5,IEKVEH,0,0,0,0,0,0,0
369953070,5,EVDLLK,0,0,0,0,1,0,0
369953070,5,EKDEYA,0,0,0,0,1,1,0
369953070,5,EHSDLS,0,0,0,0,0,0,0
369953070,5,FFYTPK,0,0,0,1,1,1,1
369953070,5,ERGFFY,0,0,0,1,1,1,1
369953070,5,PPPHY,0,0,0,0,0,0,1
879273778,1,AEAEAEAEAKAKAKAK,1,1,1,1,1,1,1
879273778,1,CKAKAQANMWQ,1,1,1,1,1,1,1
879273778,1,VQIVYK,1,1,1,0,0,0,0
879273778,1,FTISD,1,1,1,1,1,0,0
879273778,1,AAVVLLLWEE,1,1,1,1,1,1,1
879273778,1,CKIKIQINMWQ,1,1,1,1,1,1,1
879273778,1,FFALGLAGKK,1,1,1,1,1,1,1
879273778,1,WRWRWR,1,0,1,0,0,0,1
879273778,1,YVVFV,1,1,1,1,1,1,1
879273778,1,FFGALGLKGK,1,1,1,1,1,1,1
879273778,1,FFGPLGLDGD,1,1,1,1,1,1,1
879273778,1,AAAAAAAAAAAARR,1,1,1,1,1,1,1
879273778,1,VEVE,1,1,1,1,1,1,1
879273778,1,VVVVVVK,1,1,1,1,1,1,1
879273778,1,SSTSAA,1,0,0,0,0,0,1
879273778,1,VVVVVVD,1,1,1,1,1,1,1
879273778,1,RADARADARADARADA,1,1,1,1,1,1,1
879273778,1,PRFRFRFRF,1,1,0,1,1,1,1
879273778,1,FGFDP,1,1,1,1,1,0,1
879273778,1,IIIK,1,1,1,1,1,1,1
879273778,1,LIVGD,1,1,1,1,1,1,1
879273778,1,IIIIIIKK,1,1,1,1,1,1,1
879273778,1,KIKIQINM,1,1,1,1,1,1,1
879273778,1,KYF,1,1,1,1,1,1,1
879273778,1,VKVKVKVRVPPTRVKVKVKV,1,1,1,1,1,1,1
879273778,1,LIVAGT,1,1,1,1,1,1,1
879273778,1,IVAD,1,1,1,1,1,1,1
879273778,1,IVD,1,1,1,1,1,1,1
879273778,1,IID,1,1,1,1,1,1,1
879273778,1,NYNNYN,1,1,1,1,1,1,1
879273778,1,CKFKFQF,1,1,1,1,1,1,1
879273778,1,CKIKIQIN,1,1,1,1,1,1,1
879273778,1,CKIKQII,1,1,1,1,1,1,1
879273778,1,KASAKAEAKAEAKASA,1,1,1,1,1,1,1
879273778,1,RADFRADARADARADA,1,1,1,1,1,1,1
879273778,1,NFGSVQ,1,1,1,1,1,1,1
879273778,1,RATARAEFRATARAEA,1,1,1,1,1,1,1
879273778,1,STVLIE,1,1,1,1,1,1,1
879273778,1,STVIIS,1,1,1,1,1,1,1
879273778,1,STVIIQ,1,1,1,1,1,1,1
879273778,1,STVEIE,1,0,0,1,1,0,0
879273778,1,STQIIE,1,0,0,1,1,0,0
879273778,1,STEIIE,1,0,0,1,0,0,1
879273778,1,SSVIIE,1,1,1,1,1,1,1
879273778,1,SLVIIE,1,1,1,1,1,1,1
879273778,1,NTVIIE,1,1,1,1,1,1,1
879273778,1,LLYYTE,1,0,0,0,0,0,1
879273778,1,VEALYL,1,1,1,0,1,0,1
879273778,1,VVVVV,1,1,1,1,1,1,1
879273778,1,SYCGY,1,0,1,1,1,1,1
879273778,1,KAAGG,0,0,0,1,0,0,1
879273778,1,QIMRW,0,1,1,1,1,1,1
879273778,1,AGAHASADA,0,1,1,1,1,1,1
879273778,1,KIKIQI,0,0,0,0,0,0,1
879273778,1,VKVKVKVKVDPPTKVEVKVKV,0,1,1,1,0,1,1
879273778,1,STVILE,0,0,0,0,0,0,1
879273778,1,STVIEE,0,0,0,0,0,0,1
879273778,1,STVAIE,0,1,0,1,1,1,0
879273778,1,STTIIE,0,0,0,0,0,0,0
879273778,1,STDIIE,0,0,0,0,0,0,1
879273778,1,NGKSNF,0,0,0,1,0,0,0
879273778,1,LSFSKD,0,0,0,1,0,0,0
879273778,1,KVEHSD,0,0,0,1,0,0,0
879273778,1,IQVYSR,0,1,1,1,1,1,0
879273778,1,FSKDWS,0,1,1,1,0,0,0
879273778,1,FHPSDI,0,0,0,0,0,0,0
879273778,1,EHSDLS,0,0,0,0,0,0,0
879273778,1,FYTPKT,0,0,0,0,0,0,0
879273778,1,ERGFFY,0,0,0,1,1,1,0
879273778,1,RVSVD,0,0,0,1,0,0,0
879273778,1,KVKVK,0,0,0,0,0,0,0
879273778,1,PTPCY,0,0,0,0,0,0,1
879273778,1,KDPYY,0,0,0,0,0,0,0
879273778,1,YEPYK,0,0,0,0,0,0,0
879273778,2,GGGGDD,1,0,0,0,0,0,1
879273778,2,GFFLGLDD,1,1,1,1,1,1,1
879273778,2,NNQQNY,1,1,0,0,1,0,1
879273778,2,CEIEIQINM,1,1,1,1,1,1,1
879273778,2,EFFAAE,1,1,1,1,1,1,1
879273778,2,GGVVIA,1,1,1,1,1,1,1
879273778,2,FFGAAGLDGD,1,1,1,1,1,1,1
879273778,2,VVEE,1,1,1,1,1,1,1
879273778,2,KLVFF,1,1,1,1,1,1,1
879273778,2,LLLLLLKK,1,1,1,1,1,1,1
879273778,2,VVVVVVKK,1,1,1,1,1,1,1
879273778,2,FFPLGLAGDD,1,1,1,1,1,1,1
879273778,2,FGAIL,1,1,1,0,1,1,1
879273778,2,GNNQQNY,1,1,1,1,1,1,1
879273778,2,FFPLGLAGKK,1,1,1,1,1,1,1
879273778,2,FGFHFSFDF,1,1,1,1,1,1,1
879273778,2,WVNAKQYWRILKRRW,1,1,1,1,1,1,1
879273778,2,RFRFRFRF,1,1,1,1,1,1,1
879273778,2,GGGGGGDD,1,1,1,0,0,1,1
879273778,2,KFKFQFN,1,1,1,1,1,1,1
879273778,2,KFKFQFNMWQ,1,1,1,1,1,1,1
879273778,2,KLDLKLDLKLDL,1,0,1,1,0,1,1
879273778,2,FFGPLGLKGK,1,1,1,1,1,1,1
879273778,2,FFGPAGLKGK,1,1,1,1,1,1,1
879273778,2,KKKGGGAAAVVVIII,1,1,1,0,0,0,1
879273778,2,VVVGGGIIIAAAKKK,1,1,1,1,1,1,1
879273778,2,KKKAAAIIIGGGVVV,1,1,1,1,1,1,1
879273778,2,AIVAGD,1,1,1,1,1,1,1
879273778,2,LIVAGE,1,1,1,1,1,1,1
879273778,2,LIVAGK,1,1,1,1,1,1,1
879273778,2,AIVAGT,1,1,1,1,1,1,1
879273778,2,NYNYNYN,1,1,1,1,1,1,1
879273778,2,QYQQYQ,1,1,1,1,1,1,1
879273778,2,AAKAAAKAAAKAAAKA,1,1,1,1,1,1,1
879273778,2,CKAKAQA,1,1,1,0,1,1,1
879273778,2,CKIKQIINM,1,1,1,1,1,1,1
879273778,2,KIKQIINMWQ,1,1,1,1,1,1,1
879273778,2,MKFKFQF,1,1,1,1,1,1,1
879273778,2,YTIAALLSPYS,1,1,1,1,1,1,1
879273778,2,WTVIIE,1,1,1,1,1,1,1
879273778,2,STVTIE,1,0,0,0,0,0,0
879273778,2,STVIIT,1,1,1,1,1,1,1
879273778,2,STVIII,1,1,1,1,1,1,1
879273778,2,SGVIIE,1,1,0,1,1,1,1
879273778,2,MTVIIE,1,1,1,1,1,1,1
879273778,2,NHVTLS,1,0,0,0,0,0,0
879273778,2,LYQLEN,1,1,0,1,1,1,0
879273778,2,AAVVLLLW,1,1,1,1,1,1,1
879273778,2,VKVFF,1,1,1,1,1,1,1
879273778,2,KFFFE,1,1,1,1,1,1,1
879273778,2,RITTR,0,0,0,0,0,0,0
879273778,2,VKVKVKVK,0,0,0,0,0,0,1
879273778,2,STVIWE,0,1,1,1,0,0,1
879273778,2,STVITE,0,0,0,0,0,0,0
879273778,2,STVINE,0,0,0,0,0,0,0
879273778,2,STVGIE,0,0,0,0,0,0,0
879273778,2,STMIIE,0,0,0,0,0,0,0
879273778,2,KTVIIT,0,0,0,0,0,0,1
879273778,2,YYTEFT,0,1,1,1,1,0,1
879273778,2,TEFTPT,0,0,0,0,0,0,0
879273778,2,LKNGER,0,0,0,0,0,0,0
879273778,2,KSNFLN,0,1,1,0,1,0,0
879273778,2,FTPTEK,0,0,0,0,0,0,0
879273778,2,EVDLLK,0,1,1,0,0,0,1
879273778,2,EKDEYA,0,1,1,1,1,0,0
879273778,2,DLLKNG,0,1,1,0,1,0,0
879273778,2,DIEVDL,0,1,1,0,0,0,1
879273778,2,GERGFF,0,0,0,0,0,0,0
879273778,2,EALYLV,0,1,1,0,1,1,1
879273778,2,NLGPVL,0,0,1,0,0,0,1
879273778,2,LIAGFN,0,1,1,1,1,1,1
879273778,2,KDHFY,0,0,0,1,1,1,0
879273778,2,YTEYK,0,0,1,0,0,0,0
879273778,2,YDPKY,0,0,0,0,0,0,0
879273778,3,AILSS,1,0,0,0,0,0,1
879273778,3,CEIEIQI,1,1,1,1,1,1,1
879273778,3,GGGGGGGGGGDD,1,1,1,1,1,1,1
879273778,3,NININI,1,1,1,1,1,1,1
879273778,3,ISDNL,1,1,0,0,1,0,0
879273778,3,NFGAIL,1,1,1,1,1,1,1
879273778,3,CKAKAQANM,1,1,1,1,1,1,1
879273778,3,AAAAAAK,1,1,1,1,1,1,1
879273778,3,ITSVV,1,0,0,0,0,0,1
879273778,3,NVVVVY,1,1,1,1,1,1,1
879273778,3,NVVQIY,1,1,1,1,1,1,1
879273778,3,AEAEAKAKAEAEAKAK,1,1,1,1,1,1,1
879273778,3,INHVGGTGGAIMAPVAVTRQLVGS,1,1,1,1,1,1,1
879273778,3,IKVAV,1,1,1,1,1,1,1
879273778,3,NNVVNY,1,1,1,1,1,1,1
879273778,3,KFG,1,1,1,1,1,1,0
879273778,3,VKVRVRVRVPPTRVRVRVKV,1,1,1,1,1,1,1
879273778,3,GGGAAAVVVIIIKKK,1,1,1,1,1,1,1
879273778,3,IIIVVVAAAGGGKKK,1,1,1,1,1,1,1
879273778,3,LIVAGD,1,1,1,1,1,1,1
879273778,3,ILVAGD,1,1,1,1,1,1,1
879273778,3,LIVAAD,1,1,1,1,1,1,1
879273778,3,LIVAGS,1,1,1,1,1,1,1
879273778,3,AIVAGS,1,1,1,1,1,1,1
879273778,3,LIVAD,1,1,1,1,1,1,1
879273778,3,MEMEMKMKMEMEMKMK,1,0,0,1,0,1,1
879273778,3,CKFKFQFNM,1,1,1,1,1,1,1
879273778,3,CKIKIQI,1,1,1,1,1,1,1
879273778,3,CKIKQIINMWQ,1,1,1,1,1,1,1
879273778,3,PPPPPPPPPPRKKRRQRRR,1,0,0,1,0,0,1
879273778,3,PPPPPPPPPPRRR,1,0,0,0,0,0,1
879273778,3,QMAVHV,1,0,0,0,0,0,0
879273778,3,TTVIIE,1,1,1,1,0,1,1
879273778,3,SVVIIE,1,1,1,1,1,1,1
879273778,3,STVWIE,1,0,0,0,0,0,0
879273778,3,STVIIL,1,1,1,1,1,1,1
879273778,3,STVIFE,1,0,0,0,0,0,1
879273778,3,SIVIIE,1,1,1,1,1,1,1
879273778,3,SFVIIE,1,1,1,1,1,1,1
879273778,3,QTVIIE,1,1,1,1,1,1,1
879273778,3,GTVIIE,1,1,1,1,1,1,1
879273778,3,ETVIIE,1,1,1,1,0,1,1
879273778,3,ATVIIE,1,1,1,1,1,1,1
879273778,3,KIVKWD,1,0,0,0,0,0,0
879273778,3,KDWSFY,1,0,0,0,0,0,0
879273778,3,FLVHSS,1,1,1,0,0,0,0
879273778,3,VKVEV,1,1,1,1,1,0,1
879273778,3,FFEKF,1,1,1,1,1,1,1
879273778,3,FKIDF,1,1,1,1,1,1,1
879273778,3,KWMDF,1,0,0,0,0,0,1
879273778,3,STYIIE,0,1,1,1,1,1,0
879273778,3,STVIQE,0,0,0,0,0,0,0
879273778,3,STVIIP,0,1,1,1,0,0,1
879273778,3,STVIAE,0,0,0,0,0,0,0
879273778,3,STVDIE,0,0,0,1,1,0,0
879273778,3,STGIIE,0,0,0,1,1,0,0
879273778,3,STAIIE,0,0,0,1,0,0,0
879273778,3,KTVLIE,0,0,0,1,1,0,0
879273778,3,KTVIIE,0,0,0,0,0,0,0
879273778,3,VYSRHP,0,0,0,0,0,0,0
879273778,3,PTEKDE,0,0,0,0,0,0,0
879273778,3,PSDIEV,0,0,0,0,0,0,1
879273778,3,NGERIE,0,1,1,1,1,1,0
879273778,3,LSQPKI,0,0,0,0,0,0,0
879273778,3,IQRTPK,0,0,0,0,0,0,0
879273778,3,IEKVEH,0,0,0,0,0,0,0
879273778,3,HPAENG,0,0,0,0,0,0,0
879273778,3,ERIEKV,0,0,0,0,0,0,0
879273778,3,AENGKS,0,0,0,0,0,0,0
879273778,3,FVNQHL,0,1,1,0,0,0,0
879273778,3,KKFDD,0,1,1,0,1,1,0
879273778,3,VKVKV,0,0,0,1,0,0,1
879273778,3,DPDPD,0,0,0,0,0,0,0
879273778,3,PPPHY,0,0,0,0,0,0,1
879273778,4,QEIARLEQEIARLEYEIARLE,1,1,1,1,1,1,1
879273778,4,FKFEFKFE,1,1,1,1,1,1,1
879273778,4,CEIEIQINMWQ,1,1,1,1,1,1,1
879273778,4,YYACAYY,1,1,1,1,1,1,1
879273778,4,LDFPI,1,1,1,0,1,0,1
879273778,4,FFVLK,1,1,1,1,1,1,1
879273778,4,CSISIQI,1,1,1,1,1,1,1
879273778,4,GFFLG,1,1,1,1,1,1,1
879273778,4,CSISIQINM,1,1,1,1,1,1,1
879273778,4,FAGFT,1,1,1,1,1,1,1
879273778,4,AAVVLLLWEEEEEEE,1,1,1,1,1,1,1
879273778,4,FFGAAGLKGK,1,1,1,1,1,1,1
879273778,4,KLVFFAE,1,1,1,1,1,1,1
879273778,4,YFTEF,1,1,1,1,1,1,1
879273778,4,FKFEFKFEFKFE,1,1,1,1,1,1,1
879273778,4,VVVVVVDD,1,1,1,1,1,1,1
879273778,4,FFVDF,1,1,1,1,1,1,1
879273778,4,YVNAKQYYRILKRRY,1,1,1,1,1,1,1
879273778,4,NVQVVY,1,1,1,1,1,1,1
879273778,4,GFIL,1,1,1,1,1,1,1
879273778,4,GAIL,1,1,1,1,1,1,1
879273778,4,KAKAQANMWQ,1,1,1,1,1,1,1
879273778,4,KFKFQF,1,1,1,0,1,1,1
879273778,4,KIKIQINMWQ,1,1,1,1,1,1,1
879273778,4,KKKIIIVVVAAAGGG,1,1,1,1,1,1,1
879273778,4,ILVAGS,1,1,1,1,1,1,1
879273778,4,GYGYGYG,1,1,1,1,1,1,1
879273778,4,KIKQIINM,1,1,1,1,1,1,1
879273778,4,YFCFY,1,1,1,1,1,1,1
879273778,4,VTVIIE,1,1,1,1,1,1,1
879273778,4,SYVIIE,1,1,1,1,1,1,1
879273778,4,STVYIE,1,0,0,0,0,0,0
879273778,4,STVNIE,1,0,0,0,1,1,0
879273778,4,STVIYE,1,0,0,0,0,0,0
879273778,4,STVIIY,1,1,1,1,1,1,1
879273778,4,STVIIV,1,1,1,1,1,1,1
879273778,4,STVIIN,1,1,1,1,1,1,1
879273778,4,STVIIM,1,1,1,1,1,1,1
879273778,4,STVIIF,1,1,1,1,1,1,1
879273778,4,STVIID,1,1,1,1,1,1,1
879273778,4,STVIIA,1,1,1,1,1,1,1
879273778,4,STNIIE,1,0,1,0,1,0,0
879273778,4,STFIIE,1,1,1,0,1,1,1
879273778,4,SNVIIE,1,1,1,1,1,1,1
879273778,4,SEVIIE,1,1,1,1,1,1,1
879273778,4,ITVIIE,1,1,1,1,1,1,1
879273778,4,FYLLYY,1,1,1,1,1,1,1
879273778,4,KKSLSLSLSLSLSLKK,1,1,0,1,1,1,1
879273778,4,RWLDY,1,1,1,0,1,0,0
879273778,4,KWEFY,1,1,1,1,1,1,1
879273778,4,RITWI,0,0,0,0,1,1,1
879273778,4,TTSGHTDTT,0,0,0,0,0,0,0
879273778,4,KIKQII,0,0,0,0,0,0,1
879273778,4,SWVIIE,0,1,1,1,1,1,1
879273778,4,STVVIE,0,1,1,0,1,1,1
879273778,4,STVQIE,0,0,1,0,0,0,0
879273778,4,STVPIE,0,0,0,0,0,0,0
879273778,4,STVMIE,0,0,0,0,1,0,0
879273778,4,STVIVE,0,0,0,0,0,0,1
879273778,4,STVISE,0,0,0,0,0,0,0
879273778,4,STVIGE,0,0,0,0,1,0,0
879273778,4,STVIDE,0,0,0,0,0,0,0
879273778,4,YVSGFH,0,0,0,0,0,0,1
879273778,4,WSFYLL,0,1,1,0,1,1,1
879273778,4,SGFHPS,0,0,0,0,0,0,0
879273778,4,RVNHVT,0,0,0,0,0,0,0
879273778,4,QPKIVK,0,0,0,0,0,0,0
879273778,4,KWDRDM,0,0,0,0,0,0,0
879273778,4,YQLENY,0,1,1,0,1,1,0
879273778,4,HLVEAL,0,1,1,1,1,1,1
879273778,4,GSHLVE,0,0,0,0,0,0,0
879273778,4,FFYTPK,0,1,1,1,1,1,1
879273778,4,WKPYY,0,0,0,0,0,0,1
879273778,5,YVIFL,1,1,1,1,1,1,1
879273778,5,KFFAAK,1,1,1,1,1,1,1
879273778,5,QQEFQWQFRQQ,1,1,1,1,1,1,0
879273778,5,WRWRWRWR,1,1,1,1,1,1,1
879273778,5,CKFKFQFNMWQ,1,1,1,1,1,1,1
879273778,5,FFKLVFF,1,1,1,1,1,1,1
879273778,5,AAAAAAD,1,1,1,1,1,1,1
879273778,5,GGGGGGGGDD,1,1,1,1,1,1,1
879273778,5,RARADADARARADADA,1,1,1,1,1,1,1
879273778,5,FFGALGLDGD,1,1,1,1,1,1,1
879273778,5,WRWRWRWRWR,1,1,1,1,1,1,1
879273778,5,GFFL,1,1,1,1,1,1,1
879273778,5,GAVILRR,1,1,1,1,1,1,1
879273778,5,SFSFSF,1,1,1,1,1,1,1
879273778,5,FFGPAGLDGD,1,1,1,1,1,1,1
879273778,5,DFY,1,1,1,1,1,1,1
879273778,5,YVVFL,1,1,1,1,1,1,1
879273778,5,FFSGHFDFF,1,1,1,1,1,1,1
879273778,5,LLLLLLDD,1,1,1,1,1,1,1
879273778,5,KAKAQA,1,0,0,1,0,0,0
879273778,5,KAKAQAN,1,0,0,1,1,1,0
879273778,5,VRVRVRVRVPPTRVRVRVRV,1,1,1,1,1,1,1
879273778,5,VKVKVRVRVPPTRVRVKVKV,1,1,1,1,1,1,1
879273778,5,LAVAGD,1,1,1,1,1,1,1
879273778,5,QYQYQYQ,1,1,1,1,1,1,1
879273778,5,SYSYSYS,1,1,0,1,1,1,1
879273778,5,SYSSYS,1,1,1,1,1,1,1
879273778,5,LFF,1,1,1,1,1,1,1
879273778,5,MKIKIQI,1,1,1,1,1,1,1
879273778,5,RADARADFRADARADA,1,1,1,1,1,1,1
879273778,5,RATARAEARATARAEA,1,1,1,1,1,1,1
879273778,5,SAEAKAEAKAEASAEA,1,1,1,1,1,1,1
879273778,5,YTVIIE,1,1,1,1,1,1,1
879273778,5,STVIIW,1,1,1,1,1,1,1
879273778,5,STVIIE,1,1,1,1,1,1,1
879273778,5,STVFIE,1,1,1,1,1,1,1
879273778,5,STSIIE,1,1,1,0,1,0,0
879273778,5,STLIIE,1,0,1,0,1,0,1
879273778,5,SQVIIE,1,1,1,1,0,1,1
879273778,5,SMVIIE,1,1,1,1,1,1,1
879273778,5,SDVIIE,1,1,0,1,1,1,1
879273778,5,SAVIIE,1,1,1,1,1,1,1
879273778,5,LTVIIE,1,1,1,1,1,1,1
879273778,5,FTVIIE,1,1,1,1,1,1,1
879273778,5,DTVIIE,1,1,1,1,1,1,1
879273778,5,LVEALY,1,1,1,1,1,1,1
879273778,5,FKFEF,1,1,1,1,1,1,1
879273778,5,KFAFD,1,1,1,1,1,1,1
879273778,5,KFFDY,1,1,1,1,1,1,1
879273778,5,PLVKA,0,0,0,0,1,0,1
879273778,5,PFTTR,0,0,0,0,1,0,0
879273778,5,TGTHTSTDT,0,0,0,0,0,0,0
879273778,5,AASGHADAA,0,0,0,1,1,0,1
879273778,5,STVSIE,0,1,1,1,1,0,0
879273778,5,STVIPE,0,0,0,0,0,0,0
879273778,5,STVIME,0,0,0,0,0,0,0
879273778,5,STPIIE,0,0,0,0,0,0,0
879273778,5,STIIIE,0,1,1,1,1,0,1
879273778,5,SPVIIE,0,0,0,1,1,1,1
879273778,5,PTVIIE,0,0,0,1,1,1,1
879273778,5,KTVIYE,0,0,0,0,0,0,0
879273778,5,KTVIVE,0,0,0,0,0,0,0
879273778,5,VTLSQP,0,0,0,0,0,0,1
879273778,5,VKWDRD,0,1,1,1,1,1,0
879273778,5,SRHPAE,0,0,0,0,0,0,0
879273778,5,SDLSFS,0,1,0,1,1,1,0
879273778,5,RTPKIQ,0,0,0,0,0,0,0
879273778,5,PKIQVY,0,0,0,0,0,0,1
879273778,5,SLYQLE,0,0,0,0,0,0,1
879273778,5,SHLVEA,0,0,0,0,0,0,0
879273778,5,RGFFYT,0,1,1,1,1,0,0
879273778,5,GFFYTP,0,1,1,1,1,0,1
879273778,5,EPYYK,0,0,0,0,0,0,0
965681145,1,YVIFL,1,1,1,1,1,1,1
965681145,1,QQEFQWQFRQQ,1,1,1,1,1,1,0
965681145,1,YYACAYY,1,1,1,1,1,1,1
965681145,1,CKFKFQFNMWQ,1,1,1,1,1,1,1
965681145,1,AAVVLLLWEE,1,1,1,1,1,1,1
965681145,1,CSISIQI,1,1,1,1,1,1,1
965681145,1,GFFLG,1,1,1,1,1,1,1
965681145,1,AAAAAAD,1,1,1,1,1,1,1
965681145,1,FFGAAGLDGD,1,1,1,1,1,1,1
965681145,1,WRWRWRWRWR,1,1,1,1,1,1,1
965681145,1,GAVILRR,1,1,1,1,1,1,1
965681145,1,FFGPLGLDGD,1,1,1,1,1,1,1
965681145,1,FKFEFKFEFKFE,1,1,1,1,1,1,1
965681145,1,SSTSAA,1,0,0,0,0,0,1
965681145,1,AEAEAKAKAEAEAKAK,1,1,1,1,1,1,1
965681145,1,VVVVVVKK,1,1,1,1,1,1,1
965681145,1,YVNAKQYYRILKRRY,1,1,1,1,1,1,1
965681145,1,NVQVVY,1,1,1,1,1,1,1
965681145,1,INHVGGTGGAIMAPVAVTRQLVGS,1,1,1,1,1,1,1
965681145,1,GFIL,1,1,1,1,1,1,1
965681145,1,GAIL,1,1,1,1,1,1,1
965681145,1,KFG,1,1,1,1,1,1,0
965681145,1,VRVRVRVRVPPTRVRVRVRV,1,1,1,1,1,1,1
965681145,1,KKKIIIVVVAAAGGG,1,1,1,1,1,1,1
965681145,1,VVVGGGIIIAAAKKK,1,1,1,1,1,1,1
965681145,1,ILVAGS,1,1,1,1,1,1,1
965681145,1,IVAD,1,1,1,1,1,1,1
965681145,1,QYQYQYQ,1,1,1,1,1,1,1
965681145,1,NYNNYN,1,1,1,1,1,1,1
965681145,1,CKAKAQA,1,1,1,0,0,1,1
965681145,1,CKIKIQIN,1,1,1,1,1,1,1
965681145,1,CKIKQIINM,1,1,1,1,1,1,1
965681145,1,QMAVHV,1,0,0,0,0,0,1
965681145,1,YFCFY,1,1,1,1,1,1,1
965681145,1,STVIIT,1,1,1,0,0,1,1
965681145,1,STVIIL,1,1,1,0,1,1,1
965681145,1,STVIIE,1,1,1,0,1,1,1
965681145,1,STVIID,1,1,1,1,1,1,1
965681145,1,STVFIE,1,1,1,0,1,1,1
965681145,1,STVEIE,1,1,0,0,1,1,0
965681145,1,STQIIE,1,0,0,0,1,0,1
965681145,1,SQVIIE,1,0,0,0,1,1,1
965681145,1,SMVIIE,1,1,1,0,1,1,1
965681145,1,SIVIIE,1,1,1,0,1,1,1
965681145,1,NTVIIE,1,1,1,1,1,1,1
965681145,1,ITVIIE,1,1,1,1,1,1,1
965681145,1,GTVIIE,1,1,1,1,1,1,1
965681145,1,ATVIIE,1,1,1,1,1,1,1
965681145,1,VVVVV,1,1,1,1,1,1,1
965681145,1,FKIDF,1,1,1,1,1,1,1
965681145,1,PLVKA,0,0,0,0,1,0,1
965681145,1,STVPIE,0,0,0,0,1,0,0
965681145,1,STVMIE,0,1,1,0,1,0,0
965681145,1,STVIEE,0,0,0,0,0,0,1
965681145,1,STVGIE,0,0,0,0,0,0,0
965681145,1,STVDIE,0,0,0,0,0,0,0
965681145,1,STTIIE,0,0,1,0,0,0,1
965681145,1,STMIIE,0,0,1,0,1,0,0
965681145,1,STIIIE,0,1,1,0,1,1,1
965681145,1,KTVIYE,0,0,0,0,0,0,0
965681145,1,YYTEFT,0,1,1,0,0,0,1
965681145,1,VYSRHP,0,0,0,0,0,0,0
965681145,1,LSQPKI,0,0,0,0,1,0,0
965681145,1,KVEHSD,0,0,0,1,0,0,0
965681145,1,IQRTPK,0,0,0,0,0,0,0
965681145,1,HPAENG,0,0,0,0,0,0,0
965681145,1,DIEVDL,0,1,1,0,0,0,1
965681145,1,GSHLVE,0,0,0,0,0,0,0
965681145,1,EALYLV,0,1,1,0,0,0,1
965681145,1,NLGPVL,0,1,0,0,1,0,1
965681145,1,LIAGFN,0,1,1,0,1,1,1
965681145,1,DPDPD,0,0,0,0,0,0,0
965681145,1,YTEYK,0,0,0,0,0,0,0
965681145,1,YEPYK,0,0,0,0,0,0,0
965681145,2,AILSS,1,0,0,1,0,1,1
965681145,2,NFGAIL,1,1,1,1,1,1,0
965681145,2,WRWRWR,1,0,0,0,0,0,1
965681145,2,AAVVLLLWEEEEEEE,1,1,1,1,1,1,1
965681145,2,FFGALGLDGD,1,1,1,1,1,1,1
965681145,2,SFSFSF,1,1,1,1,1,1,1
965681145,2,KLVFFAE,1,1,1,1,1,1,1
965681145,2,NVVQIY,1,1,1,1,1,1,1
965681145,2,DFY,1,1,1,1,1,1,1
965681145,2,YVVFL,1,1,1,1,1,1,1
965681145,2,FFVDF,1,1,1,1,1,1,1
965681145,2,FGAIL,1,1,1,1,1,1,1
965681145,2,FGFHFSFDF,1,1,1,1,1,1,1
965681145,2,PRFRFRFRF,1,0,0,1,0,0,1
965681145,2,LLLLLLDD,1,1,1,1,1,1,1
965681145,2,KAKAQANMWQ,1,1,1,1,1,1,1
965681145,2,KFKFQFN,1,1,1,1,1,1,1
965681145,2,KFKFQFNMWQ,1,1,1,1,1,1,1
965681145,2,KLDLKLDLKLDL,1,1,1,1,0,1,1
965681145,2,KYF,1,1,1,1,1,1,0
965681145,2,FFGPAGLKGK,1,1,1,1,1,1,1
965681145,2,VKVRVRVRVPPTRVRVRVKV,1,1,1,1,1,1,1
965681145,2,KKKGGGAAAVVVIII,1,0,0,1,0,0,1
965681145,2,LAVAGD,1,1,1,1,1,1,1
965681145,2,AIVAGS,1,1,1,1,1,1,1
965681145,2,GYGYGYG,1,1,1,1,1,1,1
965681145,2,QYQQYQ,1,1,1,1,1,1,1
965681145,2,CKFKFQFNM,1,1,1,1,1,1,1
965681145,2,CKIKQII,1,1,1,1,1,1,1
965681145,2,CKIKQIINMWQ,1,1,1,1,1,1,1
965681145,2,KASAKAEAKAEAKASA,1,1,1,1,1,1,1
965681145,2,RADARADFRADARADA,1,1,1,1,1,1,1
965681145,2,WTVIIE,1,1,1,1,1,1,1
965681145,2,STVWIE,1,1,1,0,0,0,1
965681145,2,STVTIE,1,0,0,0,0,0,0
965681145,2,STVNIE,1,1,1,1,1,1,0
965681145,2,STVIYE,1,1,0,1,1,0,0
965681145,2,STVIIY,1,1,1,1,1,1,1
965681145,2,STVIIV,1,1,1,1,1,1,1
965681145,2,STVIII,1,1,1,1,1,1,1
965681145,2,STSIIE,1,0,1,1,1,0,0
965681145,2,SGVIIE,1,1,1,1,1,1,1
965681145,2,MTVIIE,1,1,1,1,1,1,1
965681145,2,FTVIIE,1,1,1,1,1,1,1
965681145,2,LLYYTE,1,0,0,0,0,0,1
965681145,2,AAVVLLLW,1,1,1,1,1,1,1
965681145,2,FKFEF,1,1,1,1,1,1,1
965681145,2,KFFFE,1,1,1,1,1,1,1
965681145,2,KWEFY,1,1,1,1,1,1,1
965681145,2,KFFDY,1,1,1,1,1,1,1
965681145,2,KIKQII,0,0,0,0,0,0,0
965681145,2,SWVIIE,0,1,1,1,1,1,1
965681145,2,STVQIE,0,0,0,0,0,0,0
965681145,2,STVITE,0,0,0,0,0,0,0
965681145,2,STVIQE,0,0,0,0,0,0,0
965681145,2,STVIPE,0,0,0,0,0,0,0
965681145,2,STVIIP,0,1,1,1,1,1,1
965681145,2,STVIAE,0,0,0,0,0,0,0
965681145,2,KTVLIE,0,0,0,1,0,0,0
965681145,2,KTVIIE,0,0,0,1,0,0,0
965681145,2,YVSGFH,0,0,0,0,0,0,1
965681145,2,PTEKDE,0,0,0,0,0,0,0
965681145,2,PSDIEV,0,0,0,0,0,0,1
965681145,2,KSNFLN,0,1,1,1,1,0,0
965681145,2,FHPSDI,0,0,0,0,0,0,1
965681145,2,EKDEYA,0,0,0,1,1,0,0
965681145,2,AENGKS,0,0,0,0,0,0,0
965681145,2,RGFFYT,0,0,0,1,0,0,0
965681145,2,HLVEAL,0,1,1,1,1,1,1
965681145,2,GFFYTP,0,1,1,1,1,1,1
965681145,2,GERGFF,0,0,0,1,1,0,1
965681145,2,KKFDD,0,0,1,1,0,1,0
965681145,2,PTPCY,0,0,0,0,0,0,1
965681145,2,EPYYK,0,0,0,0,0,0,0
965681145,3,AEAEAEAEAKAKAKAK,1,1,1,1,1,1,1
965681145,3,EFFAAE,1,1,1,1,1,1,1
965681145,3,GGVVIA,1,1,1,1,1,1,1
965681145,3,NININI,1,1,1,1,1,1,1
965681145,3,ISDNL,1,0,0,1,1,0,0
965681145,3,FTISD,1,1,1,1,1,1,0
965681145,3,FFKLVFF,1,1,1,1,1,1,1
965681145,3,LDFPI,1,1,1,1,1,0,1
965681145,3,FFVLK,1,1,1,1,1,1,1
965681145,3,AAAAAAK,1,1,1,1,1,1,1
965681145,3,GGGGGGGGDD,1,1,1,1,1,1,1
965681145,3,RARADADARARADADA,1,1,1,1,1,1,1
965681145,3,VVEE,1,1,1,1,1,1,0
965681145,3,KLVFF,1,1,1,1,1,1,1
965681145,3,FFGALGLKGK,1,1,1,1,1,1,1
965681145,3,YFTEF,1,1,1,1,1,1,1
965681145,3,VEVE,1,1,1,1,1,1,0
965681145,3,WVNAKQYWRILKRRW,1,1,1,1,1,1,1
965681145,3,RFRFRFRF,1,1,1,1,1,1,1
965681145,3,LIVGD,1,1,1,1,1,1,1
965681145,3,KAKAQA,1,1,1,1,1,1,0
965681145,3,KIKIQINMWQ,1,1,1,1,1,1,1
965681145,3,FFGPLGLKGK,1,1,1,1,1,1,1
965681145,3,GGGAAAVVVIIIKKK,1,1,1,1,1,1,1
965681145,3,LIVAGD,1,1,1,1,1,1,1
965681145,3,ILVAGD,1,1,1,1,1,1,1
965681145,3,LIVAGE,1,1,1,1,1,1,1
965681145,3,LIVAGS,1,1,1,1,1,1,1
965681145,3,IID,1,1,1,1,1,1,1
965681145,3,SYSYSYS,1,1,1,1,1,1,1
965681145,3,MKIKIQI,1,1,1,1,1,1,1
965681145,3,PPPPPPPPPPRRR,1,0,0,0,0,0,1
965681145,3,MKFKFQF,1,1,1,1,1,1,1
965681145,3,RADFRADARADARADA,1,1,1,1,1,1,1
965681145,3,RATARAEARATARAEA,1,1,1,1,1,1,1
965681145,3,NFGSVQ,1,1,1,1,1,1,1
965681145,3,SAEAKAEAKAEASAEA,1,1,1,1,1,1,1
965681145,3,YTIAALLSPYS,1,1,1,1,1,1,1
965681145,3,TTVIIE,1,1,1,1,1,1,1
965681145,3,STVYIE,1,0,0,1,0,0,0
965681145,3,STVIIW,1,1,1,1,1,1,1
965681145,3,STVIIF,1,1,1,1,1,1,1
965681145,3,SNVIIE,1,1,1,1,1,1,1
965681145,3,SFVIIE,1,1,1,1,1,1,1
965681145,3,DTVIIE,1,1,1,1,0,1,1
965681145,3,NHVTLS,1,0,0,0,0,0,0
965681145,3,LYQLEN,1,0,0,1,1,1,0
965681145,3,KKSLSLSLSLSLSLKK,1,1,0,1,1,1,1
965681145,3,VKVFF,1,1,1,1,1,1,1
965681145,3,FFEKF,1,1,1,1,1,1,1
965681145,3,RITTR,0,0,0,0,0,0,0
965681145,3,RITWI,0,1,0,1,1,1,1
965681145,3,TTSGHTDTT,0,0,0,0,0,0,0
965681145,3,AASGHADAA,0,0,0,1,1,1,1
965681145,3,STVSIE,0,1,1,1,1,1,0
965681145,3,STVIWE,0,1,1,1,1,0,1
965681145,3,STVIVE,0,0,0,1,0,0,0
965681145,3,STVISE,0,1,1,1,0,0,0
965681145,3,STPIIE,0,0,0,1,0,0,0
965681145,3,STGIIE,0,0,0,1,0,0,0
965681145,3,STAIIE,0,0,0,1,1,0,0
965681145,3,KTVIVE,0,0,0,0,0,0,0
965681145,3,TEFTPT,0,0,0,0,0,0,0
965681145,3,SRHPAE,0,0,0,0,0,0,0
965681145,3,SDLSFS,0,1,1,1,1,1,0
965681145,3,RVNHVT,0,0,0,0,0,0,0
965681145,3,PKIQVY,0,0,0,0,0,0,1
965681145,3,NGKSNF,0,0,0,1,1,0,0
965681145,3,LKNGER,0,0,0,0,0,0,0
965681145,3,IQVYSR,0,1,1,1,1,1,0
965681145,3,FSKDWS,0,0,0,1,1,1,0
965681145,3,RVSVD,0,0,0,1,1,0,0
965681145,3,PPPHY,0,0,0,0,0,0,1
965681145,3,KDPYY,0,0,0,0,0,0,0
965681145,4,GGGGDD,1,0,0,0,0,0,1
965681145,4,QEIARLEQEIARLEYEIARLE,1,1,1,1,1,1,1
965681145,4,CEIEIQI,1,1,1,1,1,1,1
965681145,4,CEIEIQINM,1,1,1,1,1,1,1
965681145,4,KFFAAK,1,1,1,0,1,1,1
965681145,4,CKAKAQANMWQ,1,1,1,1,1,1,1
965681145,4,CKIKIQINMWQ,1,1,1,1,1,1,1
965681145,4,CSISIQINM,1,1,1,1,1,1,1
965681145,4,YVVFV,1,1,1,1,1,1,1
965681145,4,FFGAAGLKGK,1,1,1,1,1,1,1
965681145,4,ITSVV,1,0,1,1,1,1,1
965681145,4,VVVVVVDD,1,1,1,1,1,1,1
965681145,4,FFPLGLAGKK,1,1,1,1,1,1,1
965681145,4,FFSGHFDFF,1,1,1,1,1,1,1
965681145,4,VVVVVVD,1,1,1,1,1,1,1
965681145,4,RADARADARADARADA,1,1,1,1,1,1,1
965681145,4,GGGGGGDD,1,1,1,0,1,0,1
965681145,4,IIIK,1,1,1,1,1,1,1
965681145,4,NNVVNY,1,1,1,1,1,1,1
965681145,4,KAKAQAN,1,1,1,1,1,1,1
965681145,4,KFKFQF,1,1,1,0,1,1,1
965681145,4,VKVKVRVRVPPTRVRVKVKV,1,1,1,1,1,1,1
965681145,4,IIIVVVAAAGGGKKK,1,1,1,1,1,1,1
965681145,4,AIVAGD,1,1,1,1,1,1,1
965681145,4,AIVAGT,1,1,1,1,1,1,1
965681145,4,IVD,1,1,1,1,1,1,1
965681145,4,MEMEMKMKMEMEMKMK,1,0,1,1,1,1,1
965681145,4,NYNYNYN,1,1,1,1,1,1,1
965681145,4,SYSSYS,1,1,1,1,1,1,1
965681145,4,CKIKIQI,1,1,1,1,1,1,1
965681145,4,KIKQIINMWQ,1,1,1,1,1,1,1
965681145,4,RATARAEFRATARAEA,1,1,1,1,1,1,1
965681145,4,YTVIIE,1,1,1,0,1,1,1
965681145,4,VTVIIE,1,1,1,1,1,1,1
965681145,4,SYVIIE,1,1,1,1,1,1,1
965681145,4,STVLIE,1,1,1,0,1,0,1
965681145,4,STVIIS,1,1,1,1,1,1,1
965681145,4,STVIIQ,1,1,1,1,1,1,1
965681145,4,STVIIN,1,1,1,1,1,1,1
965681145,4,STVIIM,1,1,1,1,1,1,1
965681145,4,STVIFE,1,1,0,0,0,0,1
965681145,4,STNIIE,1,1,1,0,1,1,0
965681145,4,SLVIIE,1,1,1,1,1,1,1
965681145,4,SEVIIE,1,1,1,1,1,1,1
965681145,4,SDVIIE,1,1,1,0,0,1,1
965681145,4,SAVIIE,1,1,1,1,1,1,1
965681145,4,LTVIIE,1,1,1,1,1,1,1
965681145,4,KDWSFY,1,0,0,0,0,0,0
965681145,4,FLVHSS,1,1,1,0,0,0,0
965681145,4,KFAFD,1,1,1,0,1,1,1
965681145,4,KAAGG,0,0,0,0,0,0,1
965681145,4,PFTTR,0,0,0,0,0,0,0
965681145,4,VKVKVKVKVDPPTKVEVKVKV,0,1,1,1,0,1,1
965681145,4,STVVIE,0,1,0,0,1,0,0
965681145,4,STVILE,0,0,0,0,0,0,1
965681145,4,STVIDE,0,0,0,0,0,0,0
965681145,4,STDIIE,0,0,0,0,0,0,0
965681145,4,SPVIIE,0,0,0,1,1,1,1
965681145,4,PTVIIE,0,0,0,0,0,1,1
965681145,4,VKWDRD,0,1,1,1,1,0,0
965681145,4,SGFHPS,0,0,0,0,0,0,0
965681145,4,QPKIVK,0,0,0,0,0,0,0
965681145,4,LSFSKD,0,0,0,1,1,0,0
965681145,4,KWDRDM,0,0,0,0,0,0,0
965681145,4,FTPTEK,0,0,0,0,0,0,0
965681145,4,ERIEKV,0,0,0,0,0,0,0
965681145,4,EHSDLS,0,0,0,0,0,0,0
965681145,4,SLYQLE,0,0,0,0,0,0,1
965681145,4,SHLVEA,0,0,0,1,1,0,0
965681145,4,FVNQHL,0,1,1,0,1,0,1
965681145,4,ERGFFY,0,0,0,1,1,0,1
965681145,4,VKVKV,0,1,1,1,1,1,1
965681145,4,KVKVK,0,0,0,0,0,0,0
965681145,5,GFFLGLDD,1,1,1,1,1,1,1
965681145,5,NNQQNY,1,1,1,1,1,1,1
965681145,5,GGGGGGGGGGDD,1,1,1,1,1,1,1
965681145,5,FKFEFKFE,1,1,1,1,1,1,1
965681145,5,CEIEIQINMWQ,1,1,1,1,1,1,1
965681145,5,WRWRWRWR,1,1,1,1,1,1,1
965681145,5,CKAKAQANM,1,1,1,1,1,1,1
965681145,5,VQIVYK,1,1,1,0,0,0,1
965681145,5,FFALGLAGKK,1,1,1,1,1,1,1
965681145,5,FAGFT,1,1,1,1,1,1,1
965681145,5,GFFL,1,1,1,1,1,1,1
965681145,5,NVVVVY,1,1,1,1,1,1,1
965681145,5,FFGPAGLDGD,1,1,1,1,1,1,1
965681145,5,LLLLLLKK,1,1,1,1,1,1,1
965681145,5,AAAAAAAAAAAARR,1,1,1,1,1,1,1
965681145,5,VVVVVVK,1,1,1,1,1,1,1
965681145,5,FFPLGLAGDD,1,1,1,1,1,1,1
965681145,5,GNNQQNY,1,1,0,1,1,1,1
965681145,5,IKVAV,1,1,1,1,1,1,1
965681145,5,FGFDP,1,1,1,1,1,0,1
965681145,5,IIIIIIKK,1,1,1,1,1,1,1
965681145,5,KIKIQINM,1,1,1,1,1,1,1
965681145,5,VKVKVKVRVPPTRVKVKVKV,1,1,1,1,1,1,1
965681145,5,KKKAAAIIIGGGVVV,1,1,1,1,1,1,1
965681145,5,LIVAAD,1,1,1,1,1,1,1
965681145,5,LIVAGK,1,1,1,1,1,1,1
965681145,5,LIVAGT,1,1,1,1,1,1,1
965681145,5,LIVAD,1,1,1,1,1,1,1
965681145,5,LFF,1,1,1,1,1,1,1
965681145,5,AAKAAAKAAAKAAAKA,1,1,1,1,1,1,1
965681145,5,CKFKFQF,1,1,1,1,1,1,1
965681145,5,KIKQIINM,1,1,1,1,1,1,1
965681145,5,PPPPPPPPPPRKKRRQRRR,1,1,1,1,0,1,1
965681145,5,SVVIIE,1,1,1,1,1,1,1
965681145,5,STVIIA,1,1,1,1,1,1,1
965681145,5,STLIIE,1,0,0,0,0,0,1
965681145,5,STFIIE,1,1,1,1,0,0,1
965681145,5,STEIIE,1,0,0,1,0,0,0
965681145,5,SSVIIE,1,1,1,1,1,1,1
965681145,5,QTVIIE,1,1,1,1,1,1,1
965681145,5,ETVIIE,1,1,1,1,0,1,1
965681145,5,KIVKWD,1,0,0,0,0,0,0
965681145,5,FYLLYY,1,1,1,1,1,1,1
965681145,5,VEALYL,1,1,1,0,1,0,1
965681145,5,LVEALY,1,1,1,1,1,1,1
965681145,5,VKVEV,1,0,0,1,1,0,1
965681145,5,SYCGY,1,1,1,1,1,1,1
965681145,5,RWLDY,1,0,0,0,0,0,1
965681145,5,KWMDF,1,0,0,0,0,0,1
965681145,5,QIMRW,0,1,1,1,1,1,1
965681145,5,TGTHTSTDT,0,0,0,1,1,1,0
965681145,5,AGAHASADA,0,1,1,1,1,1,1
965681145,5,KIKIQI,0,0,0,0,0,0,1
965681145,5,VKVKVKVK,0,0,0,0,0,0,1
965681145,5,STYIIE,0,1,1,1,1,1,0
965681145,5,STVINE,0,0,0,0,0,0,0
965681145,5,STVIME,0,0,0,0,0,0,0
965681145,5,STVIGE,0,0,0,0,1,0,0
965681145,5,STVAIE,0,1,1,1,1,1,0
965681145,5,KTVIIT,0,0,0,0,0,0,1
965681145,5,WSFYLL,0,1,1,0,0,0,1
965681145,5,VTLSQP,0,0,0,0,0,0,1
965681145,5,RTPKIQ,0,0,0,0,0,0,0
965681145,5,NGERIE,0,0,0,1,1,1,0
965681145,5,IEKVEH,0,0,0,0,0,0,0
965681145,5,EVDLLK,0,0,0,0,0,0,1
965681145,5,DLLKNG,0,0,0,0,0,0,0
965681145,5,YQLENY,0,1,1,0,0,0,1
965681145,5,FYTPKT,0,0,0,0,0,0,0
965681145,5,FFYTPK,0,0,0,1,1,0,0
965681145,5,WKPYY,0,0,0,1,1,0,1
965681145,5,KDHFY,0,0,0,1,1,1,0
965681145,5,YDPKY,0,0,0,1,0,0,0
992391276,1,GFFLGLDD,1,1,1,1,1,1,1
992391276,1,NININI,1,1,1,1,1,1,1
992391276,1,ISDNL,1,0,0,1,1,0,0
992391276,1,FTISD,1,1,1,1,1,1,0
992391276,1,CKIKIQINMWQ,1,1,1,1,1,1,1
992391276,1,AAAAAAK,1,1,1,1,1,1,1
992391276,1,CSISIQINM,1,1,1,1,1,1,1
992391276,1,GGGGGGGGDD,1,1,1,1,1,1,1
992391276,1,FAGFT,1,1,1,1,1,1,1
992391276,1,WRWRWR,1,0,0,0,0,0,1
992391276,1,FFGALGLDGD,1,1,1,1,1,1,1
992391276,1,GAVILRR,1,1,1,1,1,1,1
992391276,1,LLLLLLKK,1,1,1,1,1,1,1
992391276,1,AEAEAKAKAEAEAKAK,1,1,1,1,1,1,1
992391276,1,NVQVVY,1,1,1,1,1,1,1
992391276,1,INHVGGTGGAIMAPVAVTRQLVGS,1,1,1,1,1,1,1
992391276,1,VVVVVVD,1,1,1,1,1,1,1
992391276,1,PRFRFRFRF,1,0,0,1,1,1,1
992391276,1,NNVVNY,1,1,1,1,1,1,1
992391276,1,KYF,1,1,1,1,1,1,0
992391276,1,FFGPLGLKGK,1,1,1,1,1,1,1
992391276,1,VKVKVKVRVPPTRVKVKVKV,1,1,1,1,1,1,1
992391276,1,GGGAAAVVVIIIKKK,1,1,1,1,1,1,1
992391276,1,LAVAGD,1,1,1,1,1,1,1
992391276,1,ILVAGS,1,1,1,1,1,1,1
992391276,1,LIVAGT,1,1,1,1,1,1,1
992391276,1,AIVAGT,1,1,1,0,0,1,1
992391276,1,MEMEMKMKMEMEMKMK,1,0,0,1,1,1,1
992391276,1,GYGYGYG,1,1,1,1,1,1,1
992391276,1,NYNNYN,1,1,1,1,1,1,1
992391276,1,AAKAAAKAAAKAAAKA,1,1,1,1,1,1,1
992391276,1,CKFKFQF,1,1,1,1,1,1,1
992391276,1,CKIKQIINMWQ,1,1,1,1,1,1,1
992391276,1,MKIKIQI,1,1,0,1,1,1,1
992391276,1,PPPPPPPPPPRRR,1,0,1,1,0,0,1
992391276,1,RADFRADARADARADA,1,1,1,1,1,1,1
992391276,1,RATARAEFRATARAEA,1,1,1,1,1,1,1
992391276,1,YTVIIE,1,1,1,1,1,1,1
992391276,1,STVIIV,1,1,1,1,1,1,1
992391276,1,STVIII,1,1,1,1,1,1,1
992391276,1,STVIIF,1,1,1,1,1,1,1
992391276,1,STFIIE,1,1,1,1,0,1,1
992391276,1,STEIIE,1,0,0,0,0,1,0
992391276,1,SDVIIE,1,0,1,1,1,1,1
992391276,1,ITVIIE,1,1,1,1,1,1,1
992391276,1,ETVIIE,1,1,1,1,1,1,1
992391276,1,LLYYTE,1,0,0,0,0,0,1
992391276,1,KIVKWD,1,0,0,0,0,0,0
992391276,1,LVEALY,1,1,1,1,1,1,0
992391276,1,FKFEF,1,1,1,1,1,1,1
992391276,1,RITTR,0,0,0,0,0,0,0
992391276,1,VKVKVKVK,0,0,0,1,0,0,1
992391276,1,STVVIE,0,1,1,1,1,1,1
992391276,1,STVQIE,0,1,1,1,0,1,1
992391276,1,STVIVE,0,1,1,1,0,0,1
992391276,1,STVINE,0,0,0,0,0,0,0
992391276,1,STVIIP,0,1,1,1,1,1,1
992391276,1,STVGIE,0,0,0,1,0,0,0
992391276,1,STPIIE,0,0,0,0,0,0,0
992391276,1,STIIIE,0,1,1,1,1,1,1
992391276,1,SPVIIE,0,0,0,1,1,1,1
992391276,1,PTVIIE,0,0,0,1,0,1,1
992391276,1,KTVIIE,0,0,0,0,0,0,0
992391276,1,WSFYLL,0,1,1,0,0,0,1
992391276,1,VYSRHP,0,0,0,0,0,0,0
992391276,1,QPKIVK,0,0,0,0,1,0,0
992391276,1,PSDIEV,0,0,0,0,0,0,1
992391276,1,LSFSKD,0,0,0,1,0,0,0
992391276,1,KVEHSD,0,0,0,0,0,0,0
992391276,1,FHPSDI,0,0,0,0,0,0,0
992391276,1,EVDLLK,0,0,0,0,0,0,0
992391276,1,LIAGFN,0,1,1,1,1,1,1
992391276,1,KDHFY,0,0,0,1,1,0,0
992391276,1,KDPYY,0,0,0,0,0,0,0
992391276,2,QEIARLEQEIARLEYEIARLE,1,1,1,1,1,1,1
992391276,2,NNQQNY,1,1,1,1,1,1,1
992391276,2,AILSS,1,1,1,1,1,1,1
992391276,2,EFFAAE,1,1,1,1,1,1,1
992391276,2,GGGGGGGGGGDD,1,1,1,1,1,1,1
992391276,2,CEIEIQINMWQ,1,1,1,1,1,1,1
992391276,2,YYACAYY,1,1,1,1,1,1,1
992391276,2,CKFKFQFNMWQ,1,1,1,1,1,1,1
992391276,2,VQIVYK,1,1,1,0,0,0,1
992391276,2,YVVFV,1,1,1,1,1,1,1
992391276,2,FFGAAGLDGD,1,1,1,1,1,1,1
992391276,2,AAVVLLLWEEEEEEE,1,1,1,1,1,1,1
992391276,2,FFGAAGLKGK,1,1,1,1,1,1,1
992391276,2,NVVVVY,1,1,1,1,1,1,1
992391276,2,KLVFFAE,1,1,1,1,1,1,1
992391276,2,FFGPLGLDGD,1,1,1,1,1,1,1
992391276,2,YVNAKQYYRILKRRY,1,1,1,1,1,1,1
992391276,2,WVNAKQYWRILKRRW,1,1,1,1,1,1,1
992391276,2,KAKAQAN,1,1,1,1,1,1,1
992391276,2,KFKFQFNMWQ,1,1,1,1,1,1,1
992391276,2,VKVRVRVRVPPTRVRVRVKV,1,1,1,1,1,1,1
992391276,2,VKVKVRVRVPPTRVRVKVKV,1,1,1,1,1,1,1
992391276,2,KKKIIIVVVAAAGGG,1,1,1,1,1,1,1
992391276,2,KKKAAAIIIGGGVVV,1,1,1,1,1,1,1
992391276,2,LIVAGD,1,1,1,1,1,1,1
992391276,2,SYSYSYS,1,1,1,1,1,1,1
992391276,2,QYQQYQ,1,1,1,1,1,1,1
992391276,2,LFF,1,1,1,1,1,1,1
992391276,2,CKIKQII,1,1,1,1,1,1,1
992391276,2,PPPPPPPPPPRKKRRQRRR,1,1,1,1,0,1,1
992391276,2,MKFKFQF,1,1,1,1,1,1,1
992391276,2,RATARAEARATARAEA,1,1,1,1,1,1,1
992391276,2,NFGSVQ,1,1,1,1,1,1,1
992391276,2,YFCFY,1,1,1,1,1,1,1
992391276,2,WTVIIE,1,0,1,1,1,1,1
992391276,2,TTVIIE,1,1,1,1,1,1,1
992391276,2,STVYIE,1,0,0,0,0,0,0
992391276,2,STVTIE,1,0,0,0,0,0,0
992391276,2,STVIYE,1,0,0,0,0,0,0
992391276,2,STVIIT,1,0,1,0,0,1,1
992391276,2,STVIIS,1,1,1,1,1,1,1
992391276,2,STVIIQ,1,1,1,1,1,1,1
992391276,2,STVIIM,1,1,1,1,1,1,1
992391276,2,STVIIE,1,1,1,1,1,1,1
992391276,2,STNIIE,1,1,1,0,1,1,0
992391276,2,SFVIIE,1,1,1,1,1,1,1
992391276,2,VKVFF,1,1,1,1,1,1,1
992391276,2,KWEFY,1,0,1,0,1,0,1
992391276,2,FKIDF,1,1,1,1,1,1,1
992391276,2,KWMDF,1,0,0,0,0,0,1
992391276,2,QIMRW,0,1,1,1,1,1,1
992391276,2,RITWI,0,1,1,1,1,1,1
992391276,2,TGTHTSTDT,0,0,0,1,0,1,0
992391276,2,AGAHASADA,0,1,1,1,1,1,1
992391276,2,KIKQII,0,1,1,0,0,0,1
992391276,2,STVIEE,0,0,0,0,0,0,1
992391276,2,STVDIE,0,0,0,0,0,0,0
992391276,2,STTIIE,0,0,0,0,0,0,0
992391276,2,STAIIE,0,0,0,1,0,0,0
992391276,2,KTVLIE,0,1,0,0,1,0,0
992391276,2,VTLSQP,0,0,0,0,0,0,1
992391276,2,SDLSFS,0,1,1,0,1,1,0
992391276,2,NGKSNF,0,0,0,1,1,0,0
992391276,2,IQVYSR,0,1,1,1,1,1,0
992391276,2,IEKVEH,0,0,0,0,0,0,0
992391276,2,DLLKNG,0,1,1,0,1,0,0
992391276,2,DIEVDL,0,1,1,1,1,1,1
992391276,2,YQLENY,0,1,1,1,1,1,1
992391276,2,SLYQLE,0,0,1,0,0,0,1
992391276,2,HLVEAL,0,1,1,1,1,1,1
992391276,2,FVNQHL,0,1,1,1,1,1,1
992391276,2,RVSVD,0,1,0,1,1,1,0
992391276,2,PTPCY,0,0,0,0,0,0,1
992391276,2,YEPYK,0,0,0,0,0,0,0
992391276,3,YVIFL,1,1,1,1,1,1,1
992391276,3,CEIEIQINM,1,1,1,1,1,1,1
992391276,3,KFFAAK,1,1,1,0,1,1,1
992391276,3,GGVVIA,1,1,1,1,1,1,1
992391276,3,NFGAIL,1,1,1,1,1,1,1
992391276,3,CKAKAQANM,1,1,1,1,1,1,1
992391276,3,LDFPI,1,1,1,1,1,1,1
992391276,3,FFVLK,1,1,1,1,1,1,1
992391276,3,CSISIQI,1,1,1,1,1,1,1
992391276,3,GFFLG,1,1,1,1,1,1,1
992391276,3,FFALGLAGKK,1,1,1,1,1,1,1
992391276,3,AAAAAAD,1,1,1,1,1,1,1
992391276,3,GFFL,1,1,1,1,1,1,1
992391276,3,FFGPAGLDGD,1,1,1,1,1,1,1
992391276,3,AAAAAAAAAAAARR,1,1,1,1,1,1,1
992391276,3,VVVVVVDD,1,1,1,1,1,1,1
992391276,3,GNNQQNY,1,1,1,1,1,1,1
992391276,3,FFPLGLAGKK,1,1,1,1,1,1,1
992391276,3,FFSGHFDFF,1,1,1,1,1,1,1
992391276,3,GFIL,1,1,1,1,1,1,1
992391276,3,RADARADARADARADA,1,1,1,1,1,1,1
992391276,3,LIVGD,1,1,1,1,1,1,1
992391276,3,KAKAQA,1,1,1,1,1,1,0
992391276,3,KAKAQANMWQ,1,1,1,1,1,1,1
992391276,3,KIKIQINMWQ,1,1,1,1,1,1,1
992391276,3,VRVRVRVRVPPTRVRVRVRV,1,1,1,1,1,1,1
992391276,3,KKKGGGAAAVVVIII,1,0,0,1,0,0,1
992391276,3,VVVGGGIIIAAAKKK,1,1,1,1,1,1,1
992391276,3,IIIVVVAAAGGGKKK,1,1,1,1,1,1,1
992391276,3,LIVAGS,1,1,1,1,1,1,1
992391276,3,CKIKQIINM,1,1,1,1,1,1,1
992391276,3,KASAKAEAKAEAKASA,1,1,1,1,1,1,1
992391276,3,QMAVHV,1,0,0,0,0,0,1
992391276,3,STVWIE,1,0,0,0,0,0,0
992391276,3,STVLIE,1,0,0,0,0,0,0
992391276,3,STVIIW,1,1,1,1,1,1,1
992391276,3,STVIIL,1,1,1,0,1,1,1
992391276,3,STVIID,1,1,1,1,1,1,0
992391276,3,STVFIE,1,1,1,0,1,1,1
992391276,3,STVEIE,1,0,0,0,0,0,0
992391276,3,STSIIE,1,0,0,0,1,0,0
992391276,3,STQIIE,1,0,0,0,1,0,0
992391276,3,SNVIIE,1,1,1,1,1,1,1
992391276,3,QTVIIE,1,1,1,0,0,1,1
992391276,3,MTVIIE,1,1,1,1,1,1,1
992391276,3,FTVIIE,1,1,1,1,1,1,1
992391276,3,ATVIIE,1,1,1,1,1,1,1
992391276,3,AAVVLLLW,1,1,1,1,1,1,1
992391276,3,KFAFD,1,1,1,1,1,1,1
992391276,3,SYCGY,1,1,1,1,1,1,1
992391276,3,PLVKA,0,0,0,1,1,0,1
992391276,3,STYIIE,0,1,1,0,0,1,1
992391276,3,STVITE,0,0,0,0,0,0,0
992391276,3,STVISE,0,0,0,0,0,0,0
992391276,3,STVIME,0,0,0,0,0,0,0
992391276,3,STVAIE,0,1,0,1,1,0,0
992391276,3,KTVIYE,0,0,0,0,0,0,0
992391276,3,YVSGFH,0,0,0,0,0,0,1
992391276,3,RVNHVT,0,0,0,0,0,0,0
992391276,3,RTPKIQ,0,0,0,0,0,0,0
992391276,3,PTEKDE,0,0,0,0,0,0,0
992391276,3,PKIQVY,0,0,0,0,0,0,1
992391276,3,NGERIE,0,0,0,1,1,1,0
992391276,3,KSNFLN,0,0,0,0,0,0,0
992391276,3,FTPTEK,0,0,0,0,0,0,0
992391276,3,EKDEYA,0,0,0,0,1,0,0
992391276,3,EHSDLS,0,0,0,0,0,0,0
992391276,3,AENGKS,0,0,0,0,0,0,0
992391276,3,SHLVEA,0,0,0,0,0,0,0
992391276,3,GERGFF,0,0,0,1,1,0,0
992391276,3,NLGPVL,0,0,0,1,1,0,1
992391276,3,DPDPD,0,0,0,0,0,0,0
992391276,3,EPYYK,0,0,0,0,0,0,0
992391276,3,YDPKY,0,0,0,0,0,0,0
992391276,4,FFKLVFF,1,1,1,1,1,1,1
992391276,4,VVEE,1,1,1,1,1,1,0
992391276,4,KLVFF,1,1,1,1,1,1,1
992391276,4,SFSFSF,1,1,1,1,1,1,1
992391276,4,YFTEF,1,1,1,1,1,1,1
992391276,4,FKFEFKFEFKFE,1,1,1,1,1,1,1
992391276,4,VEVE,1,1,1,1,1,1,0
992391276,4,YVVFL,1,1,1,1,1,1,1
992391276,4,VVVVVVK,1,1,1,1,1,1,1
992391276,4,SSTSAA,1,0,0,0,0,0,1
992391276,4,FFVDF,1,1,1,1,1,1,1
992391276,4,VVVVVVKK,1,1,1,1,1,1,1
992391276,4,FFPLGLAGDD,1,1,1,1,1,1,1
992391276,4,FGAIL,1,1,1,1,1,1,1
992391276,4,RFRFRFRF,1,1,1,0,1,1,1
992391276,4,FGFDP,1,0,1,1,1,0,1
992391276,4,GAIL,1,1,1,1,1,1,1
992391276,4,KFKFQFN,1,1,1,1,1,1,1
992391276,4,ILVAGD,1,1,1,1,1,1,1
992391276,4,AIVAGD,1,1,1,1,1,1,1
992391276,4,LIVAGK,1,1,1,1,1,1,1
992391276,4,IVD,1,1,1,1,1,1,1
992391276,4,IID,1,1,1,1,1,1,1
992391276,4,QYQYQYQ,1,1,1,1,1,1,1
992391276,4,CKAKAQA,1,1,1,0,1,1,1
992391276,4,CKFKFQFNM,1,1,1,1,1,1,1
992391276,4,CKIKIQIN,1,1,1,1,1,1,1
992391276,4,RADARADFRADARADA,1,1,1,1,1,1,1
992391276,4,SAEAKAEAKAEASAEA,1,1,1,1,1,1,1
992391276,4,SYVIIE,1,1,1,1,1,1,1
992391276,4,SVVIIE,1,1,1,1,1,1,1
992391276,4,STVIIN,1,1,1,1,1,1,1
992391276,4,STVIIA,1,1,1,1,1,1,1
992391276,4,STVIFE,1,0,0,0,0,0,1
992391276,4,STLIIE,1,0,0,0,0,1,1
992391276,4,SQVIIE,1,1,1,0,0,1,1
992391276,4,SLVIIE,1,1,1,1,1,1,1
992391276,4,SIVIIE,1,1,1,1,1,1,1
992391276,4,SEVIIE,1,1,1,1,1,1,1
992391276,4,SAVIIE,1,1,1,1,1,1,1
992391276,4,NTVIIE,1,1,1,1,1,1,1
992391276,4,LTVIIE,1,1,1,1,1,1,1
992391276,4,GTVIIE,1,1,1,1,1,1,1
992391276,4,FYLLYY,1,1,1,1,1,1,1
992391276,4,LYQLEN,1,0,0,1,1,1,0
992391276,4,KKSLSLSLSLSLSLKK,1,0,0,1,1,1,1
992391276,4,VVVVV,1,1,1,1,1,1,1
992391276,4,KFFFE,1,1,1,1,1,1,1
992391276,4,FFEKF,1,1,1,1,1,1,1
992391276,4,KFFDY,1,1,1,1,1,1,1
992391276,4,KAAGG,0,1,1,1,1,0,1
992391276,4,PFTTR,0,0,0,0,0,0,0
992391276,4,TTSGHTDTT,0,0,0,0,0,0,0
992391276,4,AASGHADAA,0,1,0,1,1,1,1
992391276,4,KIKIQI,0,0,0,1,1,0,0
992391276,4,VKVKVKVKVDPPTKVEVKVKV,0,1,1,1,0,1,1
992391276,4,STVIWE,0,1,1,0,1,0,1
992391276,4,STVIQE,0,0,0,0,0,0,0
992391276,4,STGIIE,0,0,0,1,1,1,0
992391276,4,STDIIE,0,0,0,0,0,0,0
992391276,4,KTVIIT,0,0,0,0,0,0,1
992391276,4,LKNGER,0,0,0,0,0,0,0
992391276,4,IQRTPK,0,0,0,0,0,0,0
992391276,4,HPAENG,0,0,0,0,0,0,0
992391276,4,FSKDWS,0,0,0,0,1,0,0
992391276,4,ERIEKV,0,0,0,0,0,0,0
992391276,4,FYTPKT,0,0,0,0,0,0,0
992391276,4,FFYTPK,0,0,0,1,1,1,0
992391276,4,ERGFFY,0,1,0,1,1,1,1
992391276,4,EALYLV,0,1,1,1,1,1,1
992391276,4,KKFDD,0,0,0,1,0,0,0
992391276,4,PPPHY,0,0,0,0,0,0,0
992391276,4,YTEYK,0,0,0,1,0,0,0
992391276,5,AEAEAEAEAKAKAKAK,1,1,1,1,1,1,1
992391276,5,GGGGDD,1,0,0,0,0,0,0
992391276,5,CEIEIQI,1,1,1,1,1,1,1
992391276,5,FKFEFKFE,1,1,1,1,1,1,1
992391276,5,QQEFQWQFRQQ,1,1,1,1,1,1,0
992391276,5,WRWRWRWR,1,1,1,1,1,1,1
992391276,5,CKAKAQANMWQ,1,1,1,1,1,1,1
992391276,5,AAVVLLLWEE,1,1,1,1,1,1,1
992391276,5,RARADADARARADADA,1,1,1,1,1,1,1
992391276,5,ITSVV,1,0,0,1,0,0,1
992391276,5,WRWRWRWRWR,1,1,1,1,1,1,1
992391276,5,FFGALGLKGK,1,1,1,1,1,1,1
992391276,5,NVVQIY,1,1,1,1,1,1,1
992391276,5,DFY,1,1,1,1,1,1,1
992391276,5,FGFHFSFDF,1,1,1,1,1,1,1
992391276,5,IKVAV,1,1,1,1,0,1,1
992391276,5,GGGGGGDD,1,1,1,0,0,0,1
992391276,5,IIIK,1,1,1,1,1,1,1
992391276,5,LLLLLLDD,1,1,1,1,1,1,1
992391276,5,IIIIIIKK,1,1,1,1,1,1,1
992391276,5,KFG,1,1,1,1,1,1,0
992391276,5,KFKFQF,1,1,1,1,1,1,1
992391276,5,KIKIQINM,1,1,1,1,1,1,1
992391276,5,KLDLKLDLKLDL,1,0,0,1,0,0,1
992391276,5,FFGPAGLKGK,1,1,1,1,1,1,1
992391276,5,LIVAAD,1,1,1,1,1,1,1
992391276,5,LIVAGE,1,1,1,1,1,1,1
992391276,5,AIVAGS,1,1,1,1,1,1,1
992391276,5,LIVAD,1,1,1,1,1,1,1
992391276,5,IVAD,1,1,1,1,0,1,1
992391276,5,NYNYNYN,1,1,1,1,1,1,1
992391276,5,SYSSYS,1,1,1,1,1,1,1
992391276,5,CKIKIQI,1,1,1,1,1,1,1
992391276,5,KIKQIINM,1,1,0,1,0,0,1
992391276,5,KIKQIINMWQ,1,1,1,1,1,1,1
992391276,5,YTIAALLSPYS,1,1,1,1,1,1,1
992391276,5,VTVIIE,1,1,1,1,1,1,1
992391276,5,STVNIE,1,1,1,1,1,1,0
992391276,5,STVIIY,1,1,1,1,1,1,1
992391276,5,SSVIIE,1,1,1,1,1,1,1
992391276,5,SMVIIE,1,1,1,1,1,1,1
992391276,5,SGVIIE,1,1,1,1,1,1,1
992391276,5,DTVIIE,1,1,1,1,0,1,1
992391276,5,NHVTLS,1,0,0,1,0,0,0
992391276,5,KDWSFY,1,0,0,1,0,0,0
992391276,5,VEALYL,1,1,1,1,1,1,1
992391276,5,FLVHSS,1,1,1,0,0,0,0
992391276,5,VKVEV,1,1,1,1,1,0,1
992391276,5,RWLDY,1,1,1,1,0,1,0
992391276,5,SWVIIE,0,1,1,1,1,1,1
992391276,5,STVSIE,0,1,1,1,1,1,0
992391276,5,STVPIE,0,0,0,1,1,0,0
992391276,5,STVMIE,0,1,1,1,1,1,0
992391276,5,STVIPE,0,0,0,0,0,0,0
992391276,5,STVILE,0,0,0,0,0,0,1
992391276,5,STVIGE,0,0,0,0,1,0,0
992391276,5,STVIDE,0,0,0,0,0,0,0
992391276,5,STVIAE,0,0,0,1,0,0,0
992391276,5,STMIIE,0,1,1,1,1,0,0
992391276,5,KTVIVE,0,0,0,0,0,0,0
992391276,5,YYTEFT,0,1,1,1,1,0,1
992391276,5,VKWDRD,0,1,1,1,1,0,0
992391276,5,TEFTPT,0,0,0,0,0,0,0
992391276,5,SRHPAE,0,0,0,0,0,0,0
992391276,5,SGFHPS,0,0,0,0,0,0,0
992391276,5,LSQPKI,0,0,0,0,1,0,0
992391276,5,KWDRDM,0,0,1,0,0,0,0
992391276,5,RGFFYT,0,0,0,0,0,0,0
992391276,5,GSHLVE,0,0,0,0,0,0,0
992391276,5,GFFYTP,0,1,1,1,1,1,1
992391276,5,VKVKV,0,1,0,1,0,0,1
992391276,5,KVKVK,0,0,0,0,0,0,0
992391276,5,WKPYY,0,0,0,1,1,0,1