sequences;labels;seeds;AP;SP;AP-SP;TSNE SP;TSNE AP-SP;
AAAAAAAAAAAARR;SA;305475974;0,91257477;0,9995251;0,9990977;0,9998494;0,9936039
AAAAAAD;SA;305475974;0,34603396;0,6424045;0,96959025;0,7860056;0,26830456
AAAAAAK;SA;305475974;0,35803866;0,5969338;0,5840009;0,7784856;0,3064676
AAKAAAKAAAKAAAKA;SA;305475974;0,9102456;0,8403559;0,93338746;0,99680805;0,96961135
AASGHADAA;NSA;305475974;0,6224833;0,8370831;0,6747627;0,59339494;0,6313713
AAVVLLLW;SA;305475974;0,9931967;0,96713084;0,9845913;0,895475;0,990229
AAVVLLLWEE;SA;305475974;0,9980744;0,9797443;0,99344826;0,9971559;0,97827697
AAVVLLLWEEEEEEE;SA;305475974;0,999614;0,9976246;0,9999773;0,99945295;0,9998109
AEAEAEAEAKAKAKAK;SA;305475974;0,9981364;0,9995161;0,9947988;0,99947184;0,99979496
AEAEAKAKAEAEAKAK;SA;305475974;0,9110626;0,95551336;0,9912296;0,9919025;0,99091595
AENGKS;NSA;305475974;0,0968703;0,0968511;0,07722846;0,3537623;0,12658335
AGAHASADA;NSA;305475974;0,71810514;0,9435627;0,9380161;0,80505216;0,604949
AILSS;SA;305475974;0,464028;0,4388088;0,46148318;0,46085337;0,5642807
AIVAGD;SA;305475974;0,44542667;0,9823767;0,96350926;0,63410527;0,8266414
AIVAGS;SA;305475974;0,56888384;0,9629342;0,9808967;0,5677482;0,78028834
AIVAGT;SA;305475974;0,54956436;0,94834274;0,9764595;0,68535215;0,78905964
ATVIIE;SA;305475974;0,683901;0,886876;0,8868412;0,31095117;0,6207298
CEIEIQI;SA;305475974;0,5738082;0,9921193;0,988271;0,9906178;0,8273833
CEIEIQINM;SA;305475974;0,90335256;0,9989363;0,9950262;0,9977384;0,9947274
CEIEIQINMWQ;SA;305475974;0,9256051;0,9936923;0,9956381;0,998683;0,9829528
CKAKAQA;SA;305475974;0,277872;0,84652114;0,4999617;0,817056;0,24691345
CKAKAQANM;SA;305475974;0,73461306;0,9779406;0,47123346;0,9298126;0,6050865
CKAKAQANMWQ;SA;305475974;0,90198076;0,99612224;0,94423103;0,98795044;0,6034885
CKFKFQF;SA;305475974;0,5585937;0,9864413;0,95765257;0,9219907;0,954454
CKFKFQFNM;SA;305475974;0,68017817;0,9936702;0,9871503;0,9564738;0,9455283
CKFKFQFNMWQ;SA;305475974;0,92089427;0,9996207;0,9803072;0,9997019;0,9942614
CKIKIQI;SA;305475974;0,6655746;0,9707565;0,95590717;0,9271463;0,63881755
CKIKIQIN;SA;305475974;0,7940606;0,9809743;0,90214854;0,955562;0,837961
CKIKIQINMWQ;SA;305475974;0,9824214;0,99101317;0,9972577;0,99006814;0,98646754
CKIKQII;SA;305475974;0,59640616;0,6506834;0,81965315;0,96508795;0,7241109
CKIKQIINM;SA;305475974;0,8719264;0,963364;0,9674664;0,98105836;0,9579702
CKIKQIINMWQ;SA;305475974;0,9666073;0,9985534;0,9949426;0,999839;0,99765396
CSISIQI;SA;305475974;0,75754076;0,9894435;0,98814636;0,73492974;0,7499257
CSISIQINM;SA;305475974;0,96506536;0,99898034;0,9916872;0,7768056;0,99588066
DFY;SA;305475974;0,2908764;0,5765337;0,8394393;0,5148394;0,20271905
DIEVDL;NSA;305475974;0,25418058;0,8633349;0,6161659;0,5171151;0,5628331
DLLKNG;NSA;305475974;0,16793467;0,11597069;0,10198335;0,21781643;0,09872535
DPDPD;NSA;305475974;0,073919654;0,039800543;0,17287709;0,45134568;0,08841468
DTVIIE;SA;305475974;0,4155214;0,7434391;0,25135145;0,41287786;0,3705218
EALYLV;NSA;305475974;0,7038309;0,774439;0,8932989;0,39720252;0,76156914
EFFAAE;SA;305475974;0,19481245;0,9673282;0,87140083;0,6992854;0,43496206
EHSDLS;NSA;305475974;0,1265364;0,12345343;0,14985341;0,21822102;0,17405316
EKDEYA;NSA;305475974;0,13588177;0,101296574;0,10648819;0,40529123;0,038888086
EPYYK;NSA;305475974;0,17491037;0,013235247;0,0055508143;0,58314806;0,16317688
ERGFFY;NSA;305475974;0,29334545;0,5541692;0,29706654;0,22066765;0,19695735
ERIEKV;NSA;305475974;0,16822484;0,025510333;0,105636336;0,31411833;0,052828394
ETVIIE;SA;305475974;0,428402;0,17701362;0,5746855;0,3367682;0,47256482
EVDLLK;NSA;305475974;0,23612192;0,2162887;0,10483457;0,21689676;0,2840648
FAGFT;SA;305475974;0,47473162;0,97915655;0,860117;0,52823454;0,3196665
FFALGLAGKK;SA;305475974;0,99330395;0,99668497;0,9950587;0,9993439;0,9692749
FFEKF;SA;305475974;0,4508385;0,9490925;0,69036394;0,625988;0,8902012
FFGAAGLDGD;SA;305475974;0,8526705;0,99187106;0,99543875;0,9973371;0,97344923
FFGAAGLKGK;SA;305475974;0,9675894;0,99657446;0,9813075;0,99907696;0,97609454
FFGALGLDGD;SA;305475974;0,93494916;0,9811865;0,99751174;0,9920565;0,9828703
FFGALGLKGK;SA;305475974;0,9677077;0,971347;0,9950503;0,9944935;0,98896694
FFGPAGLDGD;SA;305475974;0,8573107;0,99146706;0,9428702;0,9847331;0,9829791
FFGPAGLKGK;SA;305475974;0,89282894;0,81304896;0,937553;0,98734665;0,949944
FFGPLGLDGD;SA;305475974;0,9034583;0,99203235;0,928724;0,9862999;0,98882157
FFGPLGLKGK;SA;305475974;0,94212306;0,8482618;0,9309631;0,98850095;0,9749119
FFKLVFF;SA;305475974;0,9837663;0,9540869;0,9630246;0,99975896;0,9995998
FFPLGLAGDD;SA;305475974;0,9847226;0,9836928;0,97916573;0,99921864;0,9810952
FFPLGLAGKK;SA;305475974;0,9872263;0,97500104;0,99259573;0,99854994;0,9857464
FFSGHFDFF;SA;305475974;0,9048626;0,92028505;0,95739365;0,9832624;0,94040644
FFVDF;SA;305475974;0,7562201;0,98994;0,963575;0,53181064;0,9668832
FFVLK;SA;305475974;0,828465;0,9867721;0,9151235;0,6664641;0,981624
FFYTPK;NSA;305475974;0,8019176;0,7954516;0,5387366;0,9636088;0,93106985
FGAIL;SA;305475974;0,60002214;0,99880606;0,96038455;0,1797267;0,52614045
FGFDP;SA;305475974;0,3143424;0,058586713;0,7551729;0,24596488;0,21574989
FGFHFSFDF;SA;305475974;0,8591655;0,99522495;0,9815808;0,7216378;0,93671846
FHPSDI;NSA;305475974;0,17479077;0,05246863;0,042342618;0,17594996;0,09111086
FKFEF;SA;305475974;0,4543189;0,86325306;0,8399905;0,5537935;0,7981472
FKFEFKFE;SA;305475974;0,6401823;0,9452247;0,923292;0,98280054;0,9527456
FKFEFKFEFKFE;SA;305475974;0,9254273;0,9921778;0,99380773;0,9921749;0,98897606
FKIDF;SA;305475974;0,48353213;0,9776113;0,97059137;0,24330956;0,44741076
FLVHSS;SA;305475974;0,721311;0,7648985;0,81109893;0,19546312;0,5342387
FSKDWS;NSA;305475974;0,18895006;0,21234472;0,11706896;0,22386666;0,21024561
FTISD;SA;305475974;0,30641276;0,8591703;0,6356957;0,49770904;0,45714262
FTPTEK;NSA;305475974;0,13882838;0,044049412;0,06080701;0,31623438;0,07251072
FTVIIE;SA;305475974;0,8346597;0,9867467;0,95876855;0,31665558;0,9564586
FVNQHL;NSA;305475974;0,28776374;0,9318582;0,56608367;0,35832652;0,60793746
FYLLYY;SA;305475974;0,9668847;0,9469045;0,96563786;0,44391987;0,9344053
FYTPKT;NSA;305475974;0,32798555;0,030190956;0,07449447;0,43564808;0,5864154
GAIL;SA;305475974;0,26414898;0,85452807;0,8898574;0,6783846;0,21509293
GAVILRR;SA;305475974;0,64827716;0,84534436;0,9765586;0,96980155;0,5967657
GERGFF;NSA;305475974;0,24958448;0,40676677;0,11253584;0,21495558;0,09193586
GFFL;SA;305475974;0,75564426;0,95319206;0,9403257;0,99775565;0,7644822
GFFLG;SA;305475974;0,6424409;0,9329118;0,91177547;0,7442783;0,52966315
GFFLGLDD;SA;305475974;0,6739515;0,988537;0,95967656;0,98700285;0,8564453
GFFYTP;NSA;305475974;0,63009995;0,08555686;0,40535894;0,7461765;0,90056396
GFIL;SA;305475974;0,65434796;0,9791075;0,9451218;0,9258732;0,8302131
GGGAAAVVVIIIKKK;SA;305475974;0,99997985;0,9976567;0,99999756;0,99870056;0,9997323
GGGGDD;SA;305475974;0,11330936;0,124835685;0,6431537;0,17635356;0,20358056
GGGGGGDD;SA;305475974;0,5472592;0,9145245;0,9500139;0,5015306;0,785136
GGGGGGGGDD;SA;305475974;0,8226452;0,8413967;0,97229195;0,8381003;0,9709653
GGGGGGGGGGDD;SA;305475974;0,86656135;0,99856496;0,998824;0,97505695;0,9899855
GGVVIA;SA;305475974;0,580498;0,9962415;0,96282864;0,2141179;0,43782488
GNNQQNY;SA;305475974;0,18265632;0,9767584;0,6191625;0,99868274;0,3113634
GSHLVE;NSA;305475974;0,15853816;0,07061345;0,19406584;0,17567655;0,08434779
GTVIIE;SA;305475974;0,5867247;0,75944686;0,9692993;0,43292204;0,61740863
GYGYGYG;SA;305475974;0,28601086;0,92004657;0,97954315;0,94769967;0,61820745
HLVEAL;NSA;305475974;0,37461585;0,8845085;0,9331055;0,3041004;0,3192304
HPAENG;NSA;305475974;0,12420552;0,07698538;0,023540614;0,39715198;0,10015807
IEKVEH;NSA;305475974;0,21496578;0,20655844;0,15678503;0,3556286;0,21823686
IID;SA;305475974;0,43698955;0,959568;0,751947;0,3835181;0,6142564
IIIIIIKK;SA;305475974;0,99732363;0,9975706;0,98692137;0,99782723;0,9999057
IIIK;SA;305475974;0,7241014;0,9717246;0,9199264;0,871846;0,9495212
IIIVVVAAAGGGKKK;SA;305475974;0,9999812;0,9995888;0,99998647;0,99936855;0,9997001
IKVAV;SA;305475974;0,65638083;0,9516217;0,97234946;0,3897813;0,6997648
ILVAGD;SA;305475974;0,7450105;0,98705834;0,9775135;0,24669948;0,872827
ILVAGS;SA;305475974;0,7499956;0,98689574;0,97497076;0,34071997;0,9190232
INHVGGTGGAIMAPVAVTRQLVGS;SA;305475974;0,97582835;0,98217;0,99924326;0,913453;0,9942912
IQRTPK;NSA;305475974;0,14872493;0,026548633;0,06708957;0,14782181;0,06776592
IQVYSR;NSA;305475974;0,5061306;0,8967649;0,7212807;0,31483796;0,33778593
ISDNL;SA;305475974;0,15018022;0,14223985;0,058834236;0,25696957;0,07113939
ITSVV;SA;305475974;0,64990854;0,3847225;0,04892784;0,28915238;0,4949439
ITVIIE;SA;305475974;0,9485165;0,9305972;0,96206367;0,36567074;0,8272446
IVAD;SA;305475974;0,400931;0,9773339;0,77087533;0,58358645;0,55527943
IVD;SA;305475974;0,46016666;0,5339293;0,09013611;0,7066997;0,3769086
KAAGG;NSA;305475974;0,12606806;0,48778924;0,047518354;0,3132684;0,16022189
KAKAQA;SA;305475974;0,16909975;0,15536037;0,12922123;0,364961;0,08340363
KAKAQAN;SA;305475974;0,22367875;0,061125353;0,40506044;0,9218247;0,24187241
KAKAQANMWQ;SA;305475974;0,8562088;0,94309956;0,64781576;0,98572665;0,5347956
KASAKAEAKAEAKASA;SA;305475974;0,91450703;0,89347184;0,9757298;0,98798895;0,9850395
KDHFY;NSA;305475974;0,16776769;0,044110958;0,08341526;0,49264568;0,08387541
KDPYY;NSA;305475974;0,16184056;0,014897593;0,035952378;0,40623972;0,088155046
KDWSFY;SA;305475974;0,24223419;0,1058047;0,14031838;0,18895501;0,016617613
KFAFD;SA;305475974;0,29169634;0,73842996;0,88468647;0,9169038;0,51736945
KFFAAK;SA;305475974;0,4310987;0,9059076;0,9482166;0,84918344;0,71752495
KFFDY;SA;305475974;0,3477034;0,66864896;0,92369765;0,6910281;0,38484135
KFFFE;SA;305475974;0,53677267;0,5280587;0,79541254;0,8701421;0,86087966
KFG;SA;305475974;0,21094805;0,33990124;0,5853199;0,5199145;0,18648322
KFKFQF;SA;305475974;0,30815515;0,79109985;0,75598776;0,828155;0,8791039
KFKFQFN;SA;305475974;0,3075802;0,9777955;0,92139673;0,99718976;0,9807453
KFKFQFNMWQ;SA;305475974;0,8543009;0,9948672;0,9806656;0,9932338;0,9877874
KIKIQI;NSA;305475974;0,45943686;0,8675767;0,7508146;0,55770755;0,46965718
KIKIQINM;SA;305475974;0,77941525;0,9851688;0,9454708;0,9906457;0,95093274
KIKIQINMWQ;SA;305475974;0,9587381;0,9930929;0,992239;0,9986849;0,99064
KIKQII;NSA;305475974;0,3643385;0,46418792;0,12698276;0,3779291;0,3783964
KIKQIINM;SA;305475974;0,75236636;0,839054;0,33613005;0,96981835;0,8653652
KIKQIINMWQ;SA;305475974;0,94487923;0,96072793;0,92404693;0,99931836;0,9935307
KIVKWD;SA;305475974;0,3569025;0,09253787;0,13350277;0,48240116;0,37105
KKFDD;NSA;305475974;0,10004629;0,030383753;0,020402601;0,4286592;0,19010161
KKKAAAIIIGGGVVV;SA;305475974;0,9989614;0,8799281;0,961008;0,9895564;0,9994852
KKKGGGAAAVVVIII;SA;305475974;0,9992274;0,4786159;0,97690886;0,99174803;0,9987608
KKKIIIVVVAAAGGG;SA;305475974;0,9999897;0,99054706;0,9992699;0,9988364;0,99993974
KKSLSLSLSLSLSLKK;SA;305475974;0,9950275;0,36472958;0,8957224;0,97427976;0,99615806
KLDLKLDLKLDL;SA;305475974;0,9643512;0,41176617;0,93076044;0,81313527;0,96653306
KLVFF;SA;305475974;0,81533957;0,7178938;0,9055484;0,43320987;0,8645188
KLVFFAE;SA;305475974;0,8244801;0,77974945;0,7323648;0,88910115;0,9848008
KSNFLN;NSA;305475974;0,15642987;0,09490164;0,5389503;0,40243554;0,11094004
KTVIIE;NSA;305475974;0,51270044;0,30616733;0,19310698;0,3977296;0,52266574
KTVIIT;NSA;305475974;0,6603368;0,8043374;0,3181281;0,34776872;0,5498082
KTVIVE;NSA;305475974;0,42422977;0,04406141;0,14166161;0,34439963;0,31314662
KTVIYE;NSA;305475974;0,38918158;0,07063228;0,0978627;0,36520994;0,4419331
KTVLIE;NSA;305475974;0,48644915;0,106371805;0,10402567;0,22689958;0,3755812
KVEHSD;NSA;305475974;0,12518407;0,060623355;0,052023068;0,24661331;0,17299193
KVKVK;NSA;305475974;0,18588994;0,024037704;0,008196437;0,454178;0,19668159
KWDRDM;NSA;305475974;0,09936863;0,5790858;0,33997226;0,29747435;0,084106214
KWEFY;SA;305475974;0,23811217;0,5925157;0,91996837;0,6742264;0,58285433
KWMDF;SA;305475974;0,16792041;0,67026097;0,7110743;0,3725385;0,17199235
KYF;SA;305475974;0,28595906;0,12784576;0,62480074;0,5621117;0,54399073
LAVAGD;SA;305475974;0,4146523;0,9684469;0,9580772;0,45029145;0,2767653
LDFPI;SA;305475974;0,44793305;0,1422539;0,7705942;0,21077885;0,26619357
LFF;SA;305475974;0,73889303;0,8971947;0,9654141;0,52140486;0,7751765
LIAGFN;NSA;305475974;0,7061441;0,98603415;0,98101753;0,3482456;0,69554216
LIVAAD;SA;305475974;0,791397;0,9915867;0,9778315;0,4263286;0,7615243
LIVAD;SA;305475974;0,60684454;0,98550093;0,9450362;0,62319535;0,8100806
LIVAGD;SA;305475974;0,80507755;0,97933143;0,97026885;0,62058115;0,90336096
LIVAGE;SA;305475974;0,8215253;0,9664521;0,9697397;0,5553277;0,6761944
LIVAGK;SA;305475974;0,69784784;0,9516162;0,9547815;0,5091663;0,75610054
LIVAGS;SA;305475974;0,8277061;0,983103;0,9756013;0,6838634;0,960443
LIVAGT;SA;305475974;0,7598351;0,98712754;0,96883523;0,580666;0,92292213
LIVGD;SA;305475974;0,5042714;0,9433117;0,9158632;0,44768092;0,51940864
LKNGER;NSA;305475974;0,16858971;0,11795506;0,110722445;0,23509027;0,08278154
LLLLLLDD;SA;305475974;0,94349855;0,9674143;0,9914415;0,6314784;0,98394525
LLLLLLKK;SA;305475974;0,9941183;0,969919;0,98646265;0,7219996;0,8345042
LLYYTE;SA;305475974;0,8486121;0,51311004;0,42474344;0,28504726;0,54105633
LSFSKD;NSA;305475974;0,34911448;0,18526934;0,28504032;0,17732055;0,14656088
LSQPKI;NSA;305475974;0,23312515;0,036403153;0,09811992;0,23037392;0,069479905
LTVIIE;SA;305475974;0,8250507;0,9767621;0,95758724;0,3193792;0,87056834
LVEALY;SA;305475974;0,6797346;0,97067463;0,9559896;0,379026;0,8053541
LYQLEN;SA;305475974;0,28811756;0,89268494;0,22022061;0,2823792;0,19317679
MEMEMKMKMEMEMKMK;SA;305475974;0,91573405;0,9934409;0,7788371;0,99887264;0,9839528
MKFKFQF;SA;305475974;0,5621641;0,9930954;0,92083937;0,9947729;0,9752283
MKIKIQI;SA;305475974;0,712002;0,9425472;0,93979794;0,9009343;0,919743
MTVIIE;SA;305475974;0,8377435;0,9767076;0,9800989;0,36673078;0,8226535
NFGAIL;SA;305475974;0,38837045;0,89258534;0,9754038;0,7254312;0,6802724
NFGSVQ;SA;305475974;0,18079641;0,6646011;0,9320937;0,5982499;0,43820882
NGERIE;NSA;305475974;0,14622153;0,08304544;0,09610866;0,22592592;0,08436476
NGKSNF;NSA;305475974;0,17427914;0,27140042;0,10387051;0,22298089;0,11953744
NHVTLS;SA;305475974;0,21443564;0,078389116;0,063141674;0,26981416;0,28668994
NININI;SA;305475974;0,3850532;0,95972437;0,96740067;0,57980293;0,9397929
NLGPVL;NSA;305475974;0,33685264;0,04524982;0,19026925;0,29987147;0,63689035
NNQQNY;SA;305475974;0,090012915;0,06298949;0,25310344;0,3565038;0,20063154
NNVVNY;SA;305475974;0,20311819;0,03924655;0,2688502;0,5887746;0,7432497
NTVIIE;SA;305475974;0,42020196;0,590392;0,7507818;0,37331906;0,49827883
NVQVVY;SA;305475974;0,57106173;0,97557366;0,28192112;0,3590694;0,7056444
NVVQIY;SA;305475974;0,55703545;0,27358878;0,5225722;0,28423268;0,69245833
NVVVVY;SA;305475974;0,8757178;0,988399;0,9423404;0,37487352;0,9538216
NYNNYN;SA;305475974;0,12717526;0,48321694;0,70032895;0,8097416;0,59065163
NYNYNYN;SA;305475974;0,20527244;0,76957005;0,65659523;0,9760663;0,7912741
PFTTR;NSA;305475974;0,23659293;0,038550902;0,043189045;0,9508322;0,29455814
PKIQVY;NSA;305475974;0,32457864;0,4658214;0,34212416;0,3032191;0,48834768
PLVKA;NSA;305475974;0,27474993;0,029343678;0,021777255;0,3304033;0,3083175
PPPHY;NSA;305475974;0,1186993;0,029523917;0,061132833;0,4636485;0,23655295
PPPPPPPPPPRKKRRQRRR;SA;305475974;0,8866098;0,12577537;0,9006013;0,9978431;0,99536157
PPPPPPPPPPRRR;SA;305475974;0,86964285;0,021586148;0,6539308;0,9998553;0,8869852
PRFRFRFRF;SA;305475974;0,57709116;0,9742033;0,83805925;0,71836215;0,4748011
PSDIEV;NSA;305475974;0,19498914;0,046739034;0,2375513;0,25987303;0,05659043
PTEKDE;NSA;305475974;0,13629971;0,05281326;0,116116405;0,3566509;0,0649349
PTPCY;NSA;305475974;0,19945775;0,029338665;0,0723231;0,39925742;0,15913776
PTVIIE;NSA;305475974;0,6087049;0,25540158;0,5536221;0,33849695;0,64438874
QEIARLEQEIARLEYEIARLE;SA;305475974;0,97045314;0,99415576;0,8199212;0,8929909;0,9677696
QIMRW;NSA;305475974;0,28812867;0,73214453;0,7944971;0,42548952;0,38157263
QMAVHV;SA;305475974;0,33090228;0,12770945;0,14382374;0,46304274;0,36479393
QPKIVK;NSA;305475974;0,2376184;0,04148813;0,12658018;0,420397;0,18641034
QQEFQWQFRQQ;SA;305475974;0,8197343;0,91531223;0,64687103;0,99255556;0,88797295
QTVIIE;SA;305475974;0,47900945;0,6176252;0,26883635;0,41123706;0,42313704
QYQQYQ;SA;305475974;0,12276789;0,9878636;0,54889077;0,31845522;0,5054129
QYQYQYQ;SA;305475974;0,29168022;0,8901102;0,27153736;0,7650067;0,6673967
RADARADARADARADA;SA;305475974;0,9128909;0,98808634;0,9462917;0,9908866;0,97144383
RADARADFRADARADA;SA;305475974;0,88320893;0,9983288;0,9601679;0,9996152;0,950185
RADFRADARADARADA;SA;305475974;0,9979895;0,998598;0,9950608;0,998076;0,99944997
RARADADARARADADA;SA;305475974;0,9980839;0,99921954;0,9978231;0,99546355;0,9996607
RATARAEARATARAEA;SA;305475974;0,9980302;0,99936366;0,99512315;0,99868554;0,9997067
RATARAEFRATARAEA;SA;305475974;0,91018504;0,91834295;0,9114017;0,9966595;0,9798479
RFRFRFRF;SA;305475974;0,5669033;0,99176264;0,93019295;0,99431366;0,8912963
RGFFYT;NSA;305475974;0,55142653;0,5891082;0,723462;0,2772926;0,19388406
RITTR;NSA;305475974;0,13195114;0,20989713;0,06899333;0,36285207;0,35918024
RITWI;NSA;305475974;0,5058783;0,677125;0,9069805;0,5328881;0,3366702
RTPKIQ;NSA;305475974;0,15209135;0,03991581;0,10067354;0,27179167;0,11023465
RVNHVT;NSA;305475974;0,15617129;0,12698148;0,0854605;0,21631145;0,09826994
RVSVD;NSA;305475974;0,18123728;0,088727005;0,054905526;0,23213345;0,11455256
RWLDY;SA;305475974;0,21078557;0,53015405;0,5160884;0,26856893;0,057973586
SAEAKAEAKAEASAEA;SA;305475974;0,9121854;0,9604882;0,9786978;0,9902122;0,9900564
SAVIIE;SA;305475974;0,6441848;0,894828;0,73550856;0,3468054;0,69990927
SDLSFS;NSA;305475974;0,28669798;0,8699524;0,8866839;0,17514399;0,17454912
SDVIIE;SA;305475974;0,38404408;0,70933664;0,79921687;0,2572889;0,43275142
SEVIIE;SA;305475974;0,4003178;0,98603106;0,9382011;0,5419107;0,56545705
SFSFSF;SA;305475974;0,57330024;0,9680916;0,87123734;0,7270436;0,8878828
SFVIIE;SA;305475974;0,9066298;0,9726478;0,9722816;0,8206726;0,9688483
SGFHPS;NSA;305475974;0,19045345;0,057381332;0,054878365;0,16533452;0,14690375
SGVIIE;SA;305475974;0,5350755;0,99520713;0,94495744;0,2324793;0,29472336
SHLVEA;NSA;305475974;0,17756428;0,12285318;0,14652976;0,17614596;0,048941255
SIVIIE;SA;305475974;0,90155816;0,96295524;0,97812724;0,6558048;0,96408737
SLVIIE;SA;305475974;0,86410725;0,9439403;0,975064;0,35579273;0,8152482
SLYQLE;NSA;305475974;0,32727686;0,37244835;0,38877454;0,2631273;0,2509319
SMVIIE;SA;305475974;0,7998981;0,9181801;0,9526206;0,50259924;0,89292985
SNVIIE;SA;305475974;0,4171248;0,7295448;0,78912777;0,46398413;0,5480808
SPVIIE;NSA;305475974;0,58534646;0,22550559;0,20247988;0,5020875;0,73633957
SQVIIE;SA;305475974;0,4672132;0,77345747;0,43478808;0,26152283;0,4207752
SRHPAE;NSA;305475974;0,098954454;0,044320136;0,06492807;0,19046012;0,048090577
SSTSAA;SA;305475974;0,13140206;0,048239272;0,16368365;0,17603278;0,10451849
SSVIIE;SA;305475974;0,5747589;0,62904143;0,37893516;0,26666734;0,5315885
STAIIE;NSA;305475974;0,30840904;0,1938429;0,19049685;0,27308506;0,24430905
STDIIE;NSA;305475974;0,22778083;0,23629023;0,2443314;0,29479545;0,13533959
STEIIE;SA;305475974;0,21141492;0,1285736;0,08931914;0,30123925;0,16022715
STFIIE;SA;305475974;0,5868717;0,6372319;0,547999;0,30420512;0,8207342
STGIIE;NSA;305475974;0,26063174;0,20499592;0,18399413;0,30337965;0,10196021
STIIIE;NSA;305475974;0,66776365;0,9943468;0,92838854;0,35662863;0,647981
STLIIE;SA;305475974;0,5799783;0,45318225;0,5759993;0,29445326;0,39728147
STMIIE;NSA;305475974;0,51247716;0,4942257;0,70589;0,2940893;0,63648415
STNIIE;SA;305475974;0,20098315;0,21570848;0,084527776;0,33581752;0,32377422
STPIIE;NSA;305475974;0,32706812;0,023784695;0,040643126;0,30430084;0,19379915
STQIIE;SA;305475974;0,27369735;0,2718841;0,12597802;0,29505992;0,1495587
STSIIE;SA;305475974;0,29088667;0,095514186;0,06716301;0,27610117;0,12302028
STTIIE;NSA;305475974;0,32255256;0,16909233;0,10545654;0,29143214;0,19392404
STVAIE;NSA;305475974;0,34450445;0,5054543;0,41578966;0,24740446;0,24576326
STVDIE;NSA;305475974;0,20584369;0,07980407;0,096938364;0,22209847;0,08091045
STVEIE;SA;305475974;0,21505307;0,106578715;0,0974067;0,41158634;0,14357162
STVFIE;SA;305475974;0,60044724;0,2982323;0,23700096;0,38352787;0,5767595
STVGIE;NSA;305475974;0,29443654;0,15905102;0,20225462;0,1880677;0,19464508
STVIAE;NSA;305475974;0,39150262;0,13536239;0,14400809;0,34102148;0,30053276
STVIDE;NSA;305475974;0,24636719;0,024286414;0,07342515;0,25741678;0,09614174
STVIEE;NSA;305475974;0,23860611;0,06984603;0,07837412;0,34016863;0,15943432
STVIFE;SA;305475974;0,62381274;0,28566274;0,4352374;0,26627994;0,6234771
STVIGE;NSA;305475974;0,26322934;0,2187388;0,111757405;0,40073773;0,08730001
STVIIA;SA;305475974;0,77036583;0,8787913;0,88741416;0,31203178;0,67356765
STVIID;SA;305475974;0,55898744;0,6502952;0,41691053;0,34344324;0,4246481
STVIIE;SA;305475974;0,6153974;0,88700664;0,7550369;0,3215047;0,46336788
STVIIF;SA;305475974;0,89087254;0,8917622;0,94593036;0,2948414;0,82589537
STVIII;SA;305475974;0,88677245;0,92990077;0,94212914;0,31017327;0,810339
STVIIL;SA;305475974;0,8418439;0,8666296;0,8146435;0,34018973;0,818069
STVIIM;SA;305475974;0,81889033;0,95232713;0,8923989;0,2946461;0,837673
STVIIN;SA;305475974;0,6142603;0,8625831;0,43343747;0,32114467;0,42295775
STVIIP;NSA;305475974;0,7472998;0,031394746;0,32915565;0,3241648;0,6197527
STVIIQ;SA;305475974;0,6432243;0,7997868;0,81390035;0,33347058;0,5736819
STVIIS;SA;305475974;0,75233257;0,85993946;0,7809215;0,3305239;0,6845971
STVIIT;SA;305475974;0,71081156;0,7706655;0,8557034;0,3158363;0,53366
STVIIV;SA;305475974;0,8712614;0,8201169;0,89519495;0,32840693;0,7936883
STVIIW;SA;305475974;0,8470984;0,9932274;0,82028186;0,31804255;0,6742452
STVIIY;SA;305475974;0,8474169;0,9927355;0,8153743;0,30575925;0,66326976
STVILE;NSA;305475974;0,5446529;0,38790736;0,17673576;0,25155172;0,3325954
STVIME;NSA;305475974;0,40069467;0,3028225;0,14414454;0,24639942;0,25629082
STVINE;NSA;305475974;0,24625155;0,15484612;0,04860636;0,421102;0,19281468
STVIPE;NSA;305475974;0,33091852;0,018749641;0,051137045;0,294696;0,14920014
STVIQE;NSA;305475974;0,28623384;0,076436326;0,06694017;0,38913822;0,14528656
STVISE;NSA;305475974;0,2781825;0,10024553;0,0717713;0,3322639;0,08342287
STVITE;NSA;305475974;0,3486907;0,0233689;0,030370094;0,28711927;0,24198613
STVIVE;NSA;305475974;0,59403056;0,19151933;0,26559055;0,3103942;0,4515624
STVIWE;NSA;305475974;0,524596;0,08623249;0,25477728;0,29262328;0,34945005
STVIYE;SA;305475974;0,5283975;0,07811422;0,073591396;0,34058076;0,3184846
STVLIE;SA;305475974;0,5275279;0,3998976;0,14831743;0,23051336;0,3220932
STVMIE;NSA;305475974;0,4348389;0,18263401;0,24218753;0,45975655;0,44815236
STVNIE;SA;305475974;0,22162554;0,11923855;0,07127027;0,42374924;0,16165145
STVPIE;NSA;305475974;0,31379676;0,056123707;0,06838465;0,27430913;0,05167185
STVQIE;NSA;305475974;0,21141931;0,20432462;0,09569624;0,2417079;0,04677036
STVSIE;NSA;305475974;0,2863775;0,07101325;0,07084542;0,22368236;0,14002426
STVTIE;SA;305475974;0,29519877;0,058091648;0,07481525;0,25161;0,18591078
STVVIE;NSA;305475974;0,57128316;0,6222032;0,6017223;0,32130194;0,38960344
STVWIE;SA;305475974;0,48130485;0,0885849;0,17864685;0,28633398;0,2670737
STVYIE;SA;305475974;0,50800973;0,15067823;0,11074977;0,2916593;0,30691123
STYIIE;NSA;305475974;0,52154005;0,5125939;0,33222443;0,4548283;0,49093264
SVVIIE;SA;305475974;0,8311444;0,9489915;0,8999346;0,37705296;0,8973333
SWVIIE;NSA;305475974;0,84594995;0,9984811;0,95467764;0,4782097;0,83720326
SYCGY;SA;305475974;0,3307204;0,9682005;0,86511105;0,41013265;0,13962722
SYSSYS;SA;305475974;0,2296818;0,17620218;0,6191647;0,38830787;0,28533328
SYSYSYS;SA;305475974;0,4144024;0,17851964;0,3193348;0,92215866;0,36551484
SYVIIE;SA;305475974;0,7945466;0,8990882;0,9408792;0,45214045;0,6894833
TEFTPT;NSA;305475974;0,18857294;0,033693835;0,035816595;0,48782676;0,3875805
TGTHTSTDT;NSA;305475974;0,45683172;0,22503193;0,33740702;0,77703947;0,49464083
TTSGHTDTT;NSA;305475974;0,49789166;0,45653886;0,29406762;0,618979;0,27400416
TTVIIE;SA;305475974;0,6527755;0,4418174;0,55417496;0,30627295;0,54923344
VEALYL;SA;305475974;0,66413385;0,6997725;0,8843511;0,44613183;0,7743629
VEVE;SA;305475974;0,18666741;0,08752558;0,05245493;0,92463815;0,24839737
VKVEV;SA;305475974;0,34276962;0,08622376;0,097639434;0,5351346;0,31945124
VKVFF;SA;305475974;0,8382776;0,98522955;0,978069;0,42084575;0,9567462
VKVKV;NSA;305475974;0,48417103;0,2675261;0,15137613;0,33739445;0,37560558
VKVKVKVK;NSA;305475974;0,8996488;0,0832573;0,2720874;0,98848975;0,7056734
VKVKVKVKVDPPTKVEVKVKV;NSA;305475974;0,99959993;0,99513215;0,9984431;0,98767185;0,99753165
VKVKVKVRVPPTRVKVKVKV;SA;305475974;0,9945966;0,3549662;0,8534557;0,9486874;0,97803724
VKVKVRVRVPPTRVRVKVKV;SA;305475974;0,9708995;0,54068214;0,82720745;0,94853723;0,9498863
VKVRVRVRVPPTRVRVRVKV;SA;305475974;0,99974304;0,9994277;0,99894965;0,99697506;0,9985394
VKWDRD;NSA;305475974;0,13230519;0,13100322;0,06837121;0,18939976;0,10416413
VQIVYK;SA;305475974;0,78758484;0,83770967;0,8197611;0,26367834;0,64108056
VRVRVRVRVPPTRVRVRVRV;SA;305475974;0,96348023;0,9818184;0,93807656;0,6451003;0,9921891
VTLSQP;NSA;305475974;0,33864903;0,021811748;0,12692627;0,2731017;0,41281205
VTVIIE;SA;305475974;0,90299296;0,9994499;0,96535146;0,3584666;0,8971002
VVEE;SA;305475974;0,20463099;0,08084157;0,06542333;0,7942245;0,23601893
VVVGGGIIIAAAKKK;SA;305475974;0,99736094;0,99884194;0,9988036;0,99283576;0,9735876
VVVVV;SA;305475974;0,9688959;0,9876239;0,95820767;0,46551326;0,8884389
VVVVVVD;SA;305475974;0,97887367;0,9941807;0,9919043;0,82262784;0,98381734
VVVVVVDD;SA;305475974;0,98689824;0,9984434;0,967783;0,87114495;0,97486156
VVVVVVK;SA;305475974;0,9827628;0,99139935;0,9882677;0,91082275;0,9783915
VVVVVVKK;SA;305475974;0,9939661;0,9751328;0,9025583;0,9272729;0,9805057
VYSRHP;NSA;305475974;0,22994952;0,028763538;0,037338458;0,3229332;0,21915172
WKPYY;NSA;305475974;0,25362238;0,028979274;0,055092566;0,5405373;0,30714568
WRWRWR;SA;305475974;0,19060208;0,040357098;0,27810732;0,1857543;0,13688251
WRWRWRWR;SA;305475974;0,3041025;0,24385896;0,48421258;0,6252765;0,27756786
WRWRWRWRWR;SA;305475974;0,6158164;0,832549;0,6230692;0,82490665;0,5877585
WSFYLL;NSA;305475974;0,84824395;0,9863885;0,9578736;0,355295;0,9348681
WTVIIE;SA;305475974;0,85176384;0,99791175;0,96209836;0,35875025;0,86679786
WVNAKQYWRILKRRW;SA;305475974;0,99856126;0,9990146;0,996313;0,9996035;0,9977459
YDPKY;NSA;305475974;0,14863598;0,01057387;0,050764192;0,31921196;0,010640225
YEPYK;NSA;305475974;0,1462194;0,0117545;0,052090127;0,8872961;0,23797628
YFCFY;SA;305475974;0,9432768;0,95482737;0,94250154;0,99190706;0,9924534
YFTEF;SA;305475974;0,5492565;0,7096377;0,87582314;0,9188793;0,9338221
YQLENY;NSA;305475974;0,21741937;0,5613566;0,086032085;0,3275272;0,19274476
YTEYK;NSA;305475974;0,19020756;0,011410913;0,13410796;0,45284382;0,2476708
YTIAALLSPYS;SA;305475974;0,99610054;0,9175567;0,99707514;0,9994869;0,9900357
YTVIIE;SA;305475974;0,8569724;0,9817696;0,94404304;0,41971865;0,9278451
YVIFL;SA;305475974;0,9312208;0,99292505;0,97533333;0,7289428;0,9895163
YVNAKQYYRILKRRY;SA;305475974;0,9296034;0,9666855;0,75623167;0,9990253;0,9960581
YVSGFH;NSA;305475974;0,50419307;0,92253727;0,8423552;0,23468165;0,38580358
YVVFL;SA;305475974;0,9672943;0,96004426;0,929721;0,70522547;0,95769393
YVVFV;SA;305475974;0,94176906;0,9104363;0,95378864;0,73358536;0,95121557
YYACAYY;SA;305475974;0,8540733;0,9960355;0,97328323;0,9967917;0,9689404
YYTEFT;NSA;305475974;0,36218542;0,9616483;0,78420013;0,6053654;0,9856963
