Sequence;Label;Prediction;Seed;Model;
EFFAAE;1;0.9673282;305475974;SP;
FKFEFKFE;1;0.9452247;305475974;SP;
CEIEIQINMWQ;1;0.9936923;305475974;SP;
QQEFQWQFRQQ;1;0.91531223;305475974;SP;
CKAKAQANM;1;0.9779406;305475974;SP;
FTISD;1;0.8591703;305475974;SP;
AAVVLLLWEE;1;0.9797443;305475974;SP;
FFGAAGLDGD;1;0.99187106;305475974;SP;
SFSFSF;1;0.9680916;305475974;SP;
LLLLLLKK;1;0.969919;305475974;SP;
VEVE;1;0.08752558;305475974;SP;
YVVFL;1;0.96004426;305475974;SP;
YVNAKQYYRILKRRY;1;0.9666855;305475974;SP;
FFPLGLAGKK;1;0.97500104;305475974;SP;
FFSGHFDFF;1;0.92028505;305475974;SP;
RADARADARADARADA;1;0.98808634;305475974;SP;
GGGGGGDD;1;0.9145245;305475974;SP;
GAIL;1;0.85452807;305475974;SP;
KAKAQA;1;0.15536037;305475974;SP;
KFKFQF;1;0.79109985;305475974;SP;
KYF;1;0.12784576;305475974;SP;
LIVAGD;1;0.97933143;305475974;SP;
LAVAGD;1;0.9684469;305475974;SP;
AIVAGD;1;0.9823767;305475974;SP;
LIVAGE;1;0.9664521;305475974;SP;
MEMEMKMKMEMEMKMK;1;0.9934409;305475974;SP;
QYQYQYQ;1;0.8901102;305475974;SP;
AAKAAAKAAAKAAAKA;1;0.8403559;305475974;SP;
CKIKQIINM;1;0.963364;305475974;SP;
KIKQIINM;1;0.839054;305475974;SP;
QMAVHV;1;0.12770945;305475974;SP;
RATARAEFRATARAEA;1;0.91834295;305475974;SP;
STVIIV;1;0.8201169;305475974;SP;
STVIIT;1;0.7706655;305475974;SP;
STVIIM;1;0.95232713;305475974;SP;
STNIIE;1;0.21570848;305475974;SP;
STEIIE;1;0.1285736;305475974;SP;
SNVIIE;1;0.7295448;305475974;SP;
SDVIIE;1;0.70933664;305475974;SP;
NTVIIE;1;0.590392;305475974;SP;
ITVIIE;1;0.9305972;305475974;SP;
ETVIIE;1;0.17701362;305475974;SP;
LLYYTE;1;0.51311004;305475974;SP;
VEALYL;1;0.6997725;305475974;SP;
LYQLEN;1;0.89268494;305475974;SP;
VVVVV;1;0.9876239;305475974;SP;
FKFEF;1;0.86325306;305475974;SP;
VKVEV;1;0.08622376;305475974;SP;
KFFFE;1;0.5280587;305475974;SP;
KWMDF;1;0.67026097;305475974;SP;
RITTR;0;0.20989713;305475974;SP;
TTSGHTDTT;0;0.45653886;305475974;SP;
KIKQII;0;0.46418792;305475974;SP;
STVQIE;0;0.20432462;305475974;SP;
STVISE;0;0.10024553;305475974;SP;
STVIME;0;0.3028225;305475974;SP;
STVIGE;0;0.2187388;305475974;SP;
KTVIYE;0;0.07063228;305475974;SP;
KTVIVE;0;0.04406141;305475974;SP;
PTEKDE;0;0.05281326;305475974;SP;
NGKSNF;0;0.27140042;305475974;SP;
NGERIE;0;0.08304544;305475974;SP;
LSQPKI;0;0.036403153;305475974;SP;
LKNGER;0;0.11795506;305475974;SP;
IQVYSR;0;0.8967649;305475974;SP;
FTPTEK;0;0.044049412;305475974;SP;
ERIEKV;0;0.025510333;305475974;SP;
EKDEYA;0;0.101296574;305475974;SP;
DIEVDL;0;0.8633349;305475974;SP;
YQLENY;0;0.5613566;305475974;SP;
GFFYTP;0;0.08555686;305475974;SP;
NLGPVL;0;0.04524982;305475974;SP;
WKPYY;0;0.028979274;305475974;SP;
PPPHY;0;0.029523917;305475974;SP;
GGGGDD;1;0.124835685;305475974;SP;
NININI;1;0.95972437;305475974;SP;
CKAKAQANMWQ;1;0.99612224;305475974;SP;
VQIVYK;1;0.83770967;305475974;SP;
GFFLG;1;0.9329118;305475974;SP;
GGGGGGGGDD;1;0.8413967;305475974;SP;
YVVFV;1;0.9104363;305475974;SP;
VVEE;1;0.08084157;305475974;SP;
KLVFF;1;0.7178938;305475974;SP;
KLVFFAE;1;0.77974945;305475974;SP;
FFGPAGLDGD;1;0.99146706;305475974;SP;
FFGPLGLDGD;1;0.99203235;305475974;SP;
DFY;1;0.5765337;305475974;SP;
VVVVVVDD;1;0.9984434;305475974;SP;
SSTSAA;1;0.048239272;305475974;SP;
AEAEAKAKAEAEAKAK;1;0.95551336;305475974;SP;
VVVVVVKK;1;0.9751328;305475974;SP;
INHVGGTGGAIMAPVAVTRQLVGS;1;0.98217;305475974;SP;
LIVGD;1;0.9433117;305475974;SP;
KAKAQANMWQ;1;0.94309956;305475974;SP;
KFG;1;0.33990124;305475974;SP;
KFKFQFNMWQ;1;0.9948672;305475974;SP;
FFGPLGLKGK;1;0.8482618;305475974;SP;
FFGPAGLKGK;1;0.81304896;305475974;SP;
KKKGGGAAAVVVIII;1;0.4786159;305475974;SP;
VVVGGGIIIAAAKKK;1;0.99884194;305475974;SP;
LIVAGK;1;0.9516162;305475974;SP;
LFF;1;0.8971947;305475974;SP;
CKFKFQF;1;0.9864413;305475974;SP;
KASAKAEAKAEAKASA;1;0.89347184;305475974;SP;
SAEAKAEAKAEASAEA;1;0.9604882;305475974;SP;
TTVIIE;1;0.4418174;305475974;SP;
SYVIIE;1;0.8990882;305475974;SP;
STVYIE;1;0.15067823;305475974;SP;
STVWIE;1;0.0885849;305475974;SP;
STVIIS;1;0.85993946;305475974;SP;
STVIIQ;1;0.7997868;305475974;SP;
STVIII;1;0.92990077;305475974;SP;
STVIIF;1;0.8917622;305475974;SP;
STVIIA;1;0.8787913;305475974;SP;
STVIFE;1;0.28566274;305475974;SP;
STVFIE;1;0.2982323;305475974;SP;
STQIIE;1;0.2718841;305475974;SP;
STLIIE;1;0.45318225;305475974;SP;
STFIIE;1;0.6372319;305475974;SP;
SMVIIE;1;0.9181801;305475974;SP;
ATVIIE;1;0.886876;305475974;SP;
FYLLYY;1;0.9469045;305475974;SP;
AAVVLLLW;1;0.96713084;305475974;SP;
KFFDY;1;0.66864896;305475974;SP;
PLVKA;0;0.029343678;305475974;SP;
RITWI;0;0.677125;305475974;SP;
TGTHTSTDT;0;0.22503193;305475974;SP;
AGAHASADA;0;0.9435627;305475974;SP;
KIKIQI;0;0.8675767;305475974;SP;
STVIVE;0;0.19151933;305475974;SP;
STVITE;0;0.0233689;305475974;SP;
STVIIP;0;0.031394746;305475974;SP;
STVGIE;0;0.15905102;305475974;SP;
STVAIE;0;0.5054543;305475974;SP;
STTIIE;0;0.16909233;305475974;SP;
STPIIE;0;0.023784695;305475974;SP;
STMIIE;0;0.4942257;305475974;SP;
KTVLIE;0;0.106371805;305475974;SP;
SDLSFS;0;0.8699524;305475974;SP;
FSKDWS;0;0.21234472;305475974;SP;
EHSDLS;0;0.12345343;305475974;SP;
GERGFF;0;0.40676677;305475974;SP;
EALYLV;0;0.774439;305475974;SP;
KVKVK;0;0.024037704;305475974;SP;
PTPCY;0;0.029338665;305475974;SP;
KDHFY;0;0.044110958;305475974;SP;
EPYYK;0;0.013235247;305475974;SP;
KDPYY;0;0.014897593;305475974;SP;
QEIARLEQEIARLEYEIARLE;1;0.99415576;305475974;SP;
NNQQNY;1;0.06298949;305475974;SP;
YVIFL;1;0.99292505;305475974;SP;
WRWRWRWR;1;0.24385896;305475974;SP;
FFVLK;1;0.9867721;305475974;SP;
CKIKIQINMWQ;1;0.99101317;305475974;SP;
AAAAAAK;1;0.5969338;305475974;SP;
FAGFT;1;0.97915655;305475974;SP;
WRWRWR;1;0.040357098;305475974;SP;
FFGALGLDGD;1;0.9811865;305475974;SP;
WRWRWRWRWR;1;0.832549;305475974;SP;
NVVVVY;1;0.988399;305475974;SP;
FFGALGLKGK;1;0.971347;305475974;SP;
FKFEFKFEFKFE;1;0.9921778;305475974;SP;
FFVDF;1;0.98994;305475974;SP;
GFIL;1;0.9791075;305475974;SP;
FGFHFSFDF;1;0.99522495;305475974;SP;
PRFRFRFRF;1;0.9742033;305475974;SP;
IIIK;1;0.9717246;305475974;SP;
LLLLLLDD;1;0.9674143;305475974;SP;
KAKAQAN;1;0.061125353;305475974;SP;
KLDLKLDLKLDL;1;0.41176617;305475974;SP;
VKVKVKVRVPPTRVKVKVKV;1;0.3549662;305475974;SP;
KKKAAAIIIGGGVVV;1;0.8799281;305475974;SP;
ILVAGS;1;0.98689574;305475974;SP;
LIVAGT;1;0.98712754;305475974;SP;
LIVAD;1;0.98550093;305475974;SP;
IVAD;1;0.9773339;305475974;SP;
IID;1;0.959568;305475974;SP;
NYNYNYN;1;0.76957005;305475974;SP;
SYSYSYS;1;0.17851964;305475974;SP;
CKFKFQFNM;1;0.9936702;305475974;SP;
CKIKIQI;1;0.9707565;305475974;SP;
CKIKIQIN;1;0.9809743;305475974;SP;
MKIKIQI;1;0.9425472;305475974;SP;
SVVIIE;1;0.9489915;305475974;SP;
STVIIN;1;0.8625831;305475974;SP;
STVIIL;1;0.8666296;305475974;SP;
STVIID;1;0.6502952;305475974;SP;
SSVIIE;1;0.62904143;305475974;SP;
SQVIIE;1;0.77345747;305475974;SP;
SAVIIE;1;0.894828;305475974;SP;
LTVIIE;1;0.9767621;305475974;SP;
FTVIIE;1;0.9867467;305475974;SP;
NHVTLS;1;0.078389116;305475974;SP;
KDWSFY;1;0.1058047;305475974;SP;
LVEALY;1;0.97067463;305475974;SP;
KKSLSLSLSLSLSLKK;1;0.36472958;305475974;SP;
SYCGY;1;0.9682005;305475974;SP;
FFEKF;1;0.9490925;305475974;SP;
QIMRW;0;0.73214453;305475974;SP;
AASGHADAA;0;0.8370831;305475974;SP;
STVPIE;0;0.056123707;305475974;SP;
STVIQE;0;0.076436326;305475974;SP;
STVIAE;0;0.13536239;305475974;SP;
STDIIE;0;0.23629023;305475974;SP;
PTVIIE;0;0.25540158;305475974;SP;
YVSGFH;0;0.92253727;305475974;SP;
WSFYLL;0;0.9863885;305475974;SP;
VTLSQP;0;0.021811748;305475974;SP;
TEFTPT;0;0.033693835;305475974;SP;
SRHPAE;0;0.044320136;305475974;SP;
RTPKIQ;0;0.03991581;305475974;SP;
QPKIVK;0;0.04148813;305475974;SP;
PSDIEV;0;0.046739034;305475974;SP;
SLYQLE;0;0.37244835;305475974;SP;
HLVEAL;0;0.8845085;305475974;SP;
FYTPKT;0;0.030190956;305475974;SP;
FVNQHL;0;0.9318582;305475974;SP;
ERGFFY;0;0.5541692;305475974;SP;
KKFDD;0;0.030383753;305475974;SP;
DPDPD;0;0.039800543;305475974;SP;
YTEYK;0;0.011410913;305475974;SP;
YDPKY;0;0.01057387;305475974;SP;
AEAEAEAEAKAKAKAK;1;0.9995161;305475974;SP;
GFFLGLDD;1;0.988537;305475974;SP;
AILSS;1;0.4388088;305475974;SP;
CEIEIQI;1;0.9921193;305475974;SP;
NFGAIL;1;0.89258534;305475974;SP;
LDFPI;1;0.1422539;305475974;SP;
CSISIQI;1;0.9894435;305475974;SP;
FFALGLAGKK;1;0.99668497;305475974;SP;
RARADADARARADADA;1;0.99921954;305475974;SP;
AAVVLLLWEEEEEEE;1;0.9976246;305475974;SP;
FFGAAGLKGK;1;0.99657446;305475974;SP;
VVVVVVK;1;0.99139935;305475974;SP;
FFPLGLAGDD;1;0.9836928;305475974;SP;
NVQVVY;1;0.97557366;305475974;SP;
VVVVVVD;1;0.9941807;305475974;SP;
WVNAKQYWRILKRRW;1;0.9990146;305475974;SP;
IKVAV;1;0.9516217;305475974;SP;
FGFDP;1;0.058586713;305475974;SP;
KFKFQFN;1;0.9777955;305475974;SP;
KIKIQINM;1;0.9851688;305475974;SP;
KIKIQINMWQ;1;0.9930929;305475974;SP;
VKVRVRVRVPPTRVRVRVKV;1;0.9994277;305475974;SP;
GGGAAAVVVIIIKKK;1;0.9976567;305475974;SP;
KKKIIIVVVAAAGGG;1;0.99054706;305475974;SP;
IIIVVVAAAGGGKKK;1;0.9995888;305475974;SP;
AIVAGS;1;0.9629342;305475974;SP;
GYGYGYG;1;0.92004657;305475974;SP;
NYNNYN;1;0.48321694;305475974;SP;
SYSSYS;1;0.17620218;305475974;SP;
CKAKAQA;1;0.84652114;305475974;SP;
CKIKQII;1;0.6506834;305475974;SP;
RADFRADARADARADA;1;0.998598;305475974;SP;
RATARAEARATARAEA;1;0.99936366;305475974;SP;
NFGSVQ;1;0.6646011;305475974;SP;
YTVIIE;1;0.9817696;305475974;SP;
STVNIE;1;0.11923855;305475974;SP;
STVEIE;1;0.106578715;305475974;SP;
SLVIIE;1;0.9439403;305475974;SP;
SIVIIE;1;0.96295524;305475974;SP;
SFVIIE;1;0.9726478;305475974;SP;
QTVIIE;1;0.6176252;305475974;SP;
MTVIIE;1;0.9767076;305475974;SP;
GTVIIE;1;0.75944686;305475974;SP;
DTVIIE;1;0.7434391;305475974;SP;
FLVHSS;1;0.7648985;305475974;SP;
VKVFF;1;0.98522955;305475974;SP;
KFAFD;1;0.73842996;305475974;SP;
RWLDY;1;0.53015405;305475974;SP;
KWEFY;1;0.5925157;305475974;SP;
FKIDF;1;0.9776113;305475974;SP;
KAAGG;0;0.48778924;305475974;SP;
VKVKVKVKVDPPTKVEVKVKV;0;0.99513215;305475974;SP;
STYIIE;0;0.5125939;305475974;SP;
STVVIE;0;0.6222032;305475974;SP;
STVMIE;0;0.18263401;305475974;SP;
STVINE;0;0.15484612;305475974;SP;
STVIEE;0;0.06984603;305475974;SP;
SPVIIE;0;0.22550559;305475974;SP;
KTVIIT;0;0.8043374;305475974;SP;
KTVIIE;0;0.30616733;305475974;SP;
YYTEFT;0;0.9616483;305475974;SP;
VYSRHP;0;0.028763538;305475974;SP;
VKWDRD;0;0.13100322;305475974;SP;
PKIQVY;0;0.4658214;305475974;SP;
KVEHSD;0;0.060623355;305475974;SP;
KSNFLN;0;0.09490164;305475974;SP;
IEKVEH;0;0.20655844;305475974;SP;
HPAENG;0;0.07698538;305475974;SP;
FHPSDI;0;0.05246863;305475974;SP;
SHLVEA;0;0.12285318;305475974;SP;
GSHLVE;0;0.07061345;305475974;SP;
LIAGFN;0;0.98603415;305475974;SP;
VKVKV;0;0.2675261;305475974;SP;
CEIEIQINM;1;0.9989363;305475974;SP;
KFFAAK;1;0.9059076;305475974;SP;
GGGGGGGGGGDD;1;0.99856496;305475974;SP;
GGVVIA;1;0.9962415;305475974;SP;
ISDNL;1;0.14223985;305475974;SP;
YYACAYY;1;0.9960355;305475974;SP;
CKFKFQFNMWQ;1;0.9996207;305475974;SP;
FFKLVFF;1;0.9540869;305475974;SP;
CSISIQINM;1;0.99898034;305475974;SP;
AAAAAAD;1;0.6424045;305475974;SP;
ITSVV;1;0.3847225;305475974;SP;
GFFL;1;0.95319206;305475974;SP;
GAVILRR;1;0.84534436;305475974;SP;
NVVQIY;1;0.27358878;305475974;SP;
YFTEF;1;0.7096377;305475974;SP;
AAAAAAAAAAAARR;1;0.9995251;305475974;SP;
FGAIL;1;0.99880606;305475974;SP;
GNNQQNY;1;0.9767584;305475974;SP;
RFRFRFRF;1;0.99176264;305475974;SP;
NNVVNY;1;0.03924655;305475974;SP;
IIIIIIKK;1;0.9975706;305475974;SP;
VRVRVRVRVPPTRVRVRVRV;1;0.9818184;305475974;SP;
VKVKVRVRVPPTRVRVKVKV;1;0.54068214;305475974;SP;
ILVAGD;1;0.98705834;305475974;SP;
LIVAAD;1;0.9915867;305475974;SP;
LIVAGS;1;0.983103;305475974;SP;
AIVAGT;1;0.94834274;305475974;SP;
IVD;1;0.5339293;305475974;SP;
QYQQYQ;1;0.9878636;305475974;SP;
CKIKQIINMWQ;1;0.9985534;305475974;SP;
KIKQIINMWQ;1;0.96072793;305475974;SP;
PPPPPPPPPPRKKRRQRRR;1;0.12577537;305475974;SP;
PPPPPPPPPPRRR;1;0.021586148;305475974;SP;
MKFKFQF;1;0.9930954;305475974;SP;
RADARADFRADARADA;1;0.9983288;305475974;SP;
YFCFY;1;0.95482737;305475974;SP;
YTIAALLSPYS;1;0.9175567;305475974;SP;
WTVIIE;1;0.99791175;305475974;SP;
VTVIIE;1;0.9994499;305475974;SP;
STVTIE;1;0.058091648;305475974;SP;
STVLIE;1;0.3998976;305475974;SP;
STVIYE;1;0.07811422;305475974;SP;
STVIIY;1;0.9927355;305475974;SP;
STVIIW;1;0.9932274;305475974;SP;
STVIIE;1;0.88700664;305475974;SP;
STSIIE;1;0.095514186;305475974;SP;
SGVIIE;1;0.99520713;305475974;SP;
SEVIIE;1;0.98603106;305475974;SP;
KIVKWD;1;0.09253787;305475974;SP;
PFTTR;0;0.038550902;305475974;SP;
VKVKVKVK;0;0.0832573;305475974;SP;
SWVIIE;0;0.9984811;305475974;SP;
STVSIE;0;0.07101325;305475974;SP;
STVIWE;0;0.08623249;305475974;SP;
STVIPE;0;0.018749641;305475974;SP;
STVILE;0;0.38790736;305475974;SP;
STVIDE;0;0.024286414;305475974;SP;
STVDIE;0;0.07980407;305475974;SP;
STIIIE;0;0.9943468;305475974;SP;
STGIIE;0;0.20499592;305475974;SP;
STAIIE;0;0.1938429;305475974;SP;
SGFHPS;0;0.057381332;305475974;SP;
RVNHVT;0;0.12698148;305475974;SP;
LSFSKD;0;0.18526934;305475974;SP;
KWDRDM;0;0.5790858;305475974;SP;
IQRTPK;0;0.026548633;305475974;SP;
EVDLLK;0;0.2162887;305475974;SP;
DLLKNG;0;0.11597069;305475974;SP;
AENGKS;0;0.0968511;305475974;SP;
RGFFYT;0;0.5891082;305475974;SP;
FFYTPK;0;0.7954516;305475974;SP;
RVSVD;0;0.088727005;305475974;SP;
YEPYK;0;0.0117545;305475974;SP;
AEAEAEAEAKAKAKAK;1;0.99295527;369953070;SP;
QEIARLEQEIARLEYEIARLE;1;0.9869822;369953070;SP;
AILSS;1;0.39109787;369953070;SP;
GGGGGGGGGGDD;1;0.99614173;369953070;SP;
NININI;1;0.90574914;369953070;SP;
CKAKAQANM;1;0.46037012;369953070;SP;
CKAKAQANMWQ;1;0.7822218;369953070;SP;
FTISD;1;0.9684282;369953070;SP;
FFALGLAGKK;1;0.9991722;369953070;SP;
WRWRWR;1;0.30498737;369953070;SP;
FFGAAGLDGD;1;0.99925935;369953070;SP;
FKFEFKFEFKFE;1;0.9978245;369953070;SP;
AAAAAAAAAAAARR;1;0.9997043;369953070;SP;
VVVVVVDD;1;0.9990996;369953070;SP;
FFVDF;1;0.99707085;369953070;SP;
FFPLGLAGDD;1;0.9985434;369953070;SP;
INHVGGTGGAIMAPVAVTRQLVGS;1;0.99889076;369953070;SP;
RADARADARADARADA;1;0.96795744;369953070;SP;
GGGGGGDD;1;0.9721724;369953070;SP;
PRFRFRFRF;1;0.9191366;369953070;SP;
LLLLLLDD;1;0.9992;369953070;SP;
KFKFQFNMWQ;1;0.9095595;369953070;SP;
KIKIQINMWQ;1;0.88092595;369953070;SP;
VKVRVRVRVPPTRVRVRVKV;1;0.7125331;369953070;SP;
VRVRVRVRVPPTRVRVRVRV;1;0.6948903;369953070;SP;
KKKIIIVVVAAAGGG;1;0.9716458;369953070;SP;
VVVGGGIIIAAAKKK;1;0.9997948;369953070;SP;
IVD;1;0.97155905;369953070;SP;
NYNYNYN;1;0.4705962;369953070;SP;
QYQYQYQ;1;0.7820069;369953070;SP;
GYGYGYG;1;0.8906307;369953070;SP;
CKIKIQIN;1;0.9902375;369953070;SP;
CKIKQIINM;1;0.9358771;369953070;SP;
KASAKAEAKAEAKASA;1;0.96573263;369953070;SP;
KIKQIINM;1;0.5369515;369953070;SP;
SYVIIE;1;0.74648494;369953070;SP;
SVVIIE;1;0.9049453;369953070;SP;
STVIIY;1;0.7532445;369953070;SP;
STVIII;1;0.9470788;369953070;SP;
STLIIE;1;0.39991346;369953070;SP;
STFIIE;1;0.567234;369953070;SP;
SQVIIE;1;0.52012575;369953070;SP;
NTVIIE;1;0.35143188;369953070;SP;
FTVIIE;1;0.9984854;369953070;SP;
ETVIIE;1;0.39476997;369953070;SP;
FLVHSS;1;0.457418;369953070;SP;
KKSLSLSLSLSLSLKK;1;0.9454583;369953070;SP;
KFFFE;1;0.74740046;369953070;SP;
SYCGY;1;0.7187783;369953070;SP;
RWLDY;1;0.1838879;369953070;SP;
RITTR;0;0.42426533;369953070;SP;
TTSGHTDTT;0;0.4790969;369953070;SP;
KIKQII;0;0.39572942;369953070;SP;
STVQIE;0;0.26162252;369953070;SP;
STVINE;0;0.016235344;369953070;SP;
STVILE;0;0.3313469;369953070;SP;
KTVIYE;0;0.05205287;369953070;SP;
YYTEFT;0;0.12852125;369953070;SP;
WSFYLL;0;0.9933607;369953070;SP;
VTLSQP;0;0.021417145;369953070;SP;
SDLSFS;0;0.3030743;369953070;SP;
PSDIEV;0;0.53944314;369953070;SP;
PKIQVY;0;0.10525156;369953070;SP;
NGKSNF;0;0.1618561;369953070;SP;
LKNGER;0;0.004099108;369953070;SP;
KWDRDM;0;0.02896607;369953070;SP;
IQRTPK;0;0.044711392;369953070;SP;
ERIEKV;0;0.021120647;369953070;SP;
DLLKNG;0;0.050133158;369953070;SP;
DIEVDL;0;0.9440547;369953070;SP;
FVNQHL;0;0.10669945;369953070;SP;
LIAGFN;0;0.9984324;369953070;SP;
DPDPD;0;0.022668999;369953070;SP;
YEPYK;0;0.007995309;369953070;SP;
NNQQNY;1;0.70154434;369953070;SP;
EFFAAE;1;0.95416075;369953070;SP;
QQEFQWQFRQQ;1;0.96524364;369953070;SP;
VQIVYK;1;0.31152835;369953070;SP;
FFKLVFF;1;0.98536783;369953070;SP;
LDFPI;1;0.17775488;369953070;SP;
AAAAAAK;1;0.9096846;369953070;SP;
GGGGGGGGDD;1;0.88641626;369953070;SP;
RARADADARARADADA;1;0.9973772;369953070;SP;
AAVVLLLWEEEEEEE;1;0.998218;369953070;SP;
FFGALGLDGD;1;0.98961973;369953070;SP;
KLVFF;1;0.7320343;369953070;SP;
GFFL;1;0.9065544;369953070;SP;
GAVILRR;1;0.975489;369953070;SP;
LLLLLLKK;1;0.99413633;369953070;SP;
NVQVVY;1;0.968143;369953070;SP;
IKVAV;1;0.7799026;369953070;SP;
FGFDP;1;0.04525848;369953070;SP;
GAIL;1;0.5245467;369953070;SP;
KYF;1;0.5873974;369953070;SP;
FFGPAGLKGK;1;0.99634856;369953070;SP;
KKKGGGAAAVVVIII;1;0.9585076;369953070;SP;
LAVAGD;1;0.9081748;369953070;SP;
LIVAD;1;0.9081236;369953070;SP;
IVAD;1;0.71747714;369953070;SP;
SYSYSYS;1;0.24372542;369953070;SP;
SYSSYS;1;0.09176298;369953070;SP;
CKAKAQA;1;0.8707458;369953070;SP;
MKIKIQI;1;0.93089366;369953070;SP;
RATARAEARATARAEA;1;0.9974166;369953070;SP;
QMAVHV;1;0.2979101;369953070;SP;
YTVIIE;1;0.81291705;369953070;SP;
STVYIE;1;0.67542905;369953070;SP;
STVNIE;1;0.086652875;369953070;SP;
STVIIT;1;0.5653174;369953070;SP;
STVIIS;1;0.3660458;369953070;SP;
STVIIL;1;0.94422674;369953070;SP;
STVIIF;1;0.98437554;369953070;SP;
STVIID;1;0.8339309;369953070;SP;
STVEIE;1;0.1521239;369953070;SP;
SLVIIE;1;0.94474083;369953070;SP;
SGVIIE;1;0.73097765;369953070;SP;
SDVIIE;1;0.9496272;369953070;SP;
ITVIIE;1;0.96833706;369953070;SP;
KIVKWD;1;0.016569246;369953070;SP;
LVEALY;1;0.753508;369953070;SP;
AAVVLLLW;1;0.9797632;369953070;SP;
FKFEF;1;0.98477685;369953070;SP;
VKVEV;1;0.07449218;369953070;SP;
KFAFD;1;0.58073866;369953070;SP;
PFTTR;0;0.047360323;369953070;SP;
AGAHASADA;0;0.7646471;369953070;SP;
STYIIE;0;0.95570266;369953070;SP;
STVVIE;0;0.6992481;369953070;SP;
STVSIE;0;0.05074745;369953070;SP;
STVPIE;0;0.023329303;369953070;SP;
STVISE;0;0.02944765;369953070;SP;
STVGIE;0;0.047242373;369953070;SP;
STPIIE;0;0.031474013;369953070;SP;
SPVIIE;0;0.11944009;369953070;SP;
KTVLIE;0;0.031409126;369953070;SP;
KTVIIE;0;0.06119087;369953070;SP;
VKWDRD;0;0.07877589;369953070;SP;
RVNHVT;0;0.027356917;369953070;SP;
PTEKDE;0;0.023373786;369953070;SP;
KVEHSD;0;0.03214094;369953070;SP;
KSNFLN;0;0.02898496;369953070;SP;
SLYQLE;0;0.25226477;369953070;SP;
SHLVEA;0;0.104772545;369953070;SP;
GSHLVE;0;0.19096075;369953070;SP;
GERGFF;0;0.5062032;369953070;SP;
FYTPKT;0;0.014658178;369953070;SP;
EALYLV;0;0.25911075;369953070;SP;
YTEYK;0;0.048225097;369953070;SP;
GGGGDD;1;0.4076826;369953070;SP;
GFFLGLDD;1;0.94829637;369953070;SP;
CEIEIQI;1;0.9877857;369953070;SP;
CEIEIQINM;1;0.99564946;369953070;SP;
KFFAAK;1;0.48405576;369953070;SP;
WRWRWRWR;1;0.98419535;369953070;SP;
CKFKFQFNMWQ;1;0.9966379;369953070;SP;
AAVVLLLWEE;1;0.98193413;369953070;SP;
CKIKIQINMWQ;1;0.99767625;369953070;SP;
CSISIQINM;1;0.99555457;369953070;SP;
FFGAAGLKGK;1;0.9994528;369953070;SP;
NVVVVY;1;0.99343395;369953070;SP;
SFSFSF;1;0.95661587;369953070;SP;
YFTEF;1;0.78499675;369953070;SP;
AEAEAKAKAEAEAKAK;1;0.98011196;369953070;SP;
FFPLGLAGKK;1;0.9975793;369953070;SP;
FFSGHFDFF;1;0.9628716;369953070;SP;
GFIL;1;0.9892428;369953070;SP;
RFRFRFRF;1;0.9882445;369953070;SP;
KFKFQF;1;0.9469968;369953070;SP;
KFKFQFN;1;0.9841773;369953070;SP;
IIIVVVAAAGGGKKK;1;0.9996232;369953070;SP;
ILVAGD;1;0.9899251;369953070;SP;
LIVAGS;1;0.97852665;369953070;SP;
ILVAGS;1;0.9735713;369953070;SP;
AIVAGS;1;0.9444078;369953070;SP;
CKFKFQFNM;1;0.9945899;369953070;SP;
CKIKQII;1;0.7046182;369953070;SP;
CKIKQIINMWQ;1;0.9690838;369953070;SP;
SAEAKAEAKAEASAEA;1;0.93182284;369953070;SP;
YTIAALLSPYS;1;0.9766542;369953070;SP;
WTVIIE;1;0.9938517;369953070;SP;
VTVIIE;1;0.99706984;369953070;SP;
STVIYE;1;0.16774541;369953070;SP;
STVIIW;1;0.7923736;369953070;SP;
STVIIA;1;0.88007236;369953070;SP;
STVFIE;1;0.36434135;369953070;SP;
STNIIE;1;0.18148458;369953070;SP;
SSVIIE;1;0.7345351;369953070;SP;
SIVIIE;1;0.993436;369953070;SP;
QTVIIE;1;0.6045307;369953070;SP;
GTVIIE;1;0.9728209;369953070;SP;
ATVIIE;1;0.9892419;369953070;SP;
NHVTLS;1;0.055118375;369953070;SP;
KDWSFY;1;0.65811926;369953070;SP;
VEALYL;1;0.78126717;369953070;SP;
VVVVV;1;0.9982931;369953070;SP;
KWEFY;1;0.7358608;369953070;SP;
FKIDF;1;0.99598;369953070;SP;
KFFDY;1;0.9731773;369953070;SP;
RITWI;0;0.5898979;369953070;SP;
VKVKVKVK;0;0.43982348;369953070;SP;
STVITE;0;0.058286425;369953070;SP;
STVIGE;0;0.13061666;369953070;SP;
STVDIE;0;0.22750111;369953070;SP;
STTIIE;0;0.13411549;369953070;SP;
STIIIE;0;0.933292;369953070;SP;
STGIIE;0;0.22603758;369953070;SP;
STAIIE;0;0.2803405;369953070;SP;
KTVIIT;0;0.41131976;369953070;SP;
SGFHPS;0;0.023241393;369953070;SP;
NGERIE;0;0.07535143;369953070;SP;
LSQPKI;0;0.017664667;369953070;SP;
FTPTEK;0;0.017970754;369953070;SP;
FHPSDI;0;0.032464508;369953070;SP;
AENGKS;0;0.028073397;369953070;SP;
NLGPVL;0;0.100984596;369953070;SP;
RVSVD;0;0.281535;369953070;SP;
VKVKV;0;0.2298644;369953070;SP;
WKPYY;0;0.02538332;369953070;SP;
PTPCY;0;0.03994687;369953070;SP;
EPYYK;0;0.058382317;369953070;SP;
YDPKY;0;0.061969288;369953070;SP;
KDPYY;0;0.14477582;369953070;SP;
GGVVIA;1;0.961475;369953070;SP;
FKFEFKFE;1;0.9905606;369953070;SP;
NFGAIL;1;0.8721798;369953070;SP;
YYACAYY;1;0.9790335;369953070;SP;
FAGFT;1;0.7379094;369953070;SP;
WRWRWRWRWR;1;0.9796796;369953070;SP;
KLVFFAE;1;0.941037;369953070;SP;
FFGALGLKGK;1;0.9893277;369953070;SP;
FFGPLGLDGD;1;0.89367676;369953070;SP;
NVVQIY;1;0.6252373;369953070;SP;
VEVE;1;0.5833166;369953070;SP;
VVVVVVKK;1;0.9883866;369953070;SP;
YVNAKQYYRILKRRY;1;0.8603238;369953070;SP;
FGAIL;1;0.9400907;369953070;SP;
VVVVVVD;1;0.9881366;369953070;SP;
IIIK;1;0.92714554;369953070;SP;
LIVGD;1;0.94742185;369953070;SP;
IIIIIIKK;1;0.9937678;369953070;SP;
KAKAQAN;1;0.34508622;369953070;SP;
KAKAQANMWQ;1;0.75646496;369953070;SP;
KFG;1;0.7166742;369953070;SP;
FFGPLGLKGK;1;0.96492755;369953070;SP;
VKVKVKVRVPPTRVKVKVKV;1;0.265027;369953070;SP;
GGGAAAVVVIIIKKK;1;0.987873;369953070;SP;
KKKAAAIIIGGGVVV;1;0.51934344;369953070;SP;
LIVAGD;1;0.9763552;369953070;SP;
LIVAGK;1;0.9663853;369953070;SP;
LIVAGT;1;0.97101265;369953070;SP;
IID;1;0.58318716;369953070;SP;
MEMEMKMKMEMEMKMK;1;0.9950415;369953070;SP;
NYNNYN;1;0.24261402;369953070;SP;
KIKQIINMWQ;1;0.2887144;369953070;SP;
PPPPPPPPPPRKKRRQRRR;1;0.16083953;369953070;SP;
PPPPPPPPPPRRR;1;0.043610036;369953070;SP;
MKFKFQF;1;0.98340386;369953070;SP;
RADARADFRADARADA;1;0.98066765;369953070;SP;
RATARAEFRATARAEA;1;0.98652595;369953070;SP;
TTVIIE;1;0.5390961;369953070;SP;
STVTIE;1;0.10513854;369953070;SP;
STVIIV;1;0.8485711;369953070;SP;
STVIIQ;1;0.5019625;369953070;SP;
STVIFE;1;0.53186613;369953070;SP;
STSIIE;1;0.107146636;369953070;SP;
SFVIIE;1;0.95725995;369953070;SP;
SEVIIE;1;0.65859085;369953070;SP;
LTVIIE;1;0.919416;369953070;SP;
DTVIIE;1;0.44622234;369953070;SP;
VKVFF;1;0.9112755;369953070;SP;
FFEKF;1;0.5971977;369953070;SP;
KWMDF;1;0.729681;369953070;SP;
KAAGG;0;0.5946923;369953070;SP;
QIMRW;0;0.65673083;369953070;SP;
SWVIIE;0;0.9341486;369953070;SP;
STVIWE;0;0.40621156;369953070;SP;
STVIVE;0;0.43399858;369953070;SP;
STVIPE;0;0.03341512;369953070;SP;
STVIIP;0;0.1691547;369953070;SP;
STVIEE;0;0.07623798;369953070;SP;
STVIAE;0;0.29080412;369953070;SP;
STVAIE;0;0.34858426;369953070;SP;
KTVIVE;0;0.39041546;369953070;SP;
SRHPAE;0;0.037605807;369953070;SP;
LSFSKD;0;0.33113942;369953070;SP;
IQVYSR;0;0.684227;369953070;SP;
HPAENG;0;0.07283596;369953070;SP;
FSKDWS;0;0.27458555;369953070;SP;
YQLENY;0;0.534227;369953070;SP;
RGFFYT;0;0.5109241;369953070;SP;
HLVEAL;0;0.77785426;369953070;SP;
GFFYTP;0;0.60415953;369953070;SP;
KKFDD;0;0.045343738;369953070;SP;
KVKVK;0;0.079415664;369953070;SP;
KDHFY;0;0.087989;369953070;SP;
YVIFL;1;0.93634665;369953070;SP;
CEIEIQINMWQ;1;0.99108815;369953070;SP;
ISDNL;1;0.06393076;369953070;SP;
FFVLK;1;0.97501075;369953070;SP;
CSISIQI;1;0.98893774;369953070;SP;
GFFLG;1;0.9695383;369953070;SP;
AAAAAAD;1;0.8101736;369953070;SP;
YVVFV;1;0.91777533;369953070;SP;
ITSVV;1;0.09867738;369953070;SP;
VVEE;1;0.24765326;369953070;SP;
FFGPAGLDGD;1;0.9943317;369953070;SP;
DFY;1;0.20739938;369953070;SP;
YVVFL;1;0.923811;369953070;SP;
VVVVVVK;1;0.96671677;369953070;SP;
SSTSAA;1;0.03225743;369953070;SP;
GNNQQNY;1;0.2626786;369953070;SP;
FGFHFSFDF;1;0.9917358;369953070;SP;
WVNAKQYWRILKRRW;1;0.9925657;369953070;SP;
NNVVNY;1;0.18737352;369953070;SP;
KAKAQA;1;0.045496248;369953070;SP;
KIKIQINM;1;0.98772156;369953070;SP;
KLDLKLDLKLDL;1;0.9765255;369953070;SP;
VKVKVRVRVPPTRVRVKVKV;1;0.99490833;369953070;SP;
LIVAAD;1;0.9825164;369953070;SP;
AIVAGD;1;0.9798661;369953070;SP;
LIVAGE;1;0.98162264;369953070;SP;
AIVAGT;1;0.9724289;369953070;SP;
QYQQYQ;1;0.1626106;369953070;SP;
LFF;1;0.966985;369953070;SP;
AAKAAAKAAAKAAAKA;1;0.9980787;369953070;SP;
CKFKFQF;1;0.9879853;369953070;SP;
CKIKIQI;1;0.98577756;369953070;SP;
RADFRADARADARADA;1;0.9969173;369953070;SP;
NFGSVQ;1;0.43634158;369953070;SP;
YFCFY;1;0.94238925;369953070;SP;
STVWIE;1;0.16421144;369953070;SP;
STVLIE;1;0.38817102;369953070;SP;
STVIIN;1;0.61652106;369953070;SP;
STVIIM;1;0.8406159;369953070;SP;
STVIIE;1;0.65761596;369953070;SP;
STQIIE;1;0.04011781;369953070;SP;
STEIIE;1;0.04433011;369953070;SP;
SNVIIE;1;0.6835034;369953070;SP;
SMVIIE;1;0.9222592;369953070;SP;
SAVIIE;1;0.8240594;369953070;SP;
MTVIIE;1;0.9665324;369953070;SP;
LLYYTE;1;0.11047762;369953070;SP;
FYLLYY;1;0.95990354;369953070;SP;
LYQLEN;1;0.8097066;369953070;SP;
PLVKA;0;0.09386247;369953070;SP;
TGTHTSTDT;0;0.20588614;369953070;SP;
AASGHADAA;0;0.7786822;369953070;SP;
KIKIQI;0;0.95771104;369953070;SP;
VKVKVKVKVDPPTKVEVKVKV;0;0.9945909;369953070;SP;
STVMIE;0;0.4392229;369953070;SP;
STVIQE;0;0.012777887;369953070;SP;
STVIME;0;0.17167652;369953070;SP;
STVIDE;0;0.012259809;369953070;SP;
STMIIE;0;0.52910906;369953070;SP;
STDIIE;0;0.04861101;369953070;SP;
PTVIIE;0;0.8114205;369953070;SP;
YVSGFH;0;0.75271875;369953070;SP;
VYSRHP;0;0.07457853;369953070;SP;
TEFTPT;0;0.060147192;369953070;SP;
RTPKIQ;0;0.029050622;369953070;SP;
QPKIVK;0;0.024959115;369953070;SP;
IEKVEH;0;0.042836133;369953070;SP;
EVDLLK;0;0.112134464;369953070;SP;
EKDEYA;0;0.06619695;369953070;SP;
EHSDLS;0;0.06722955;369953070;SP;
FFYTPK;0;0.80518353;369953070;SP;
ERGFFY;0;0.43927726;369953070;SP;
PPPHY;0;0.03311798;369953070;SP;
AEAEAEAEAKAKAKAK;1;0.992583;879273778;SP;
CKAKAQANMWQ;1;0.9867766;879273778;SP;
VQIVYK;1;0.9571929;879273778;SP;
FTISD;1;0.49115652;879273778;SP;
AAVVLLLWEE;1;0.9966498;879273778;SP;
CKIKIQINMWQ;1;0.9994099;879273778;SP;
FFALGLAGKK;1;0.99975514;879273778;SP;
WRWRWR;1;0.93041265;879273778;SP;
YVVFV;1;0.96821874;879273778;SP;
FFGALGLKGK;1;0.99939674;879273778;SP;
FFGPLGLDGD;1;0.96991485;879273778;SP;
AAAAAAAAAAAARR;1;0.99734217;879273778;SP;
VEVE;1;0.12984666;879273778;SP;
VVVVVVK;1;0.9878617;879273778;SP;
SSTSAA;1;0.121152714;879273778;SP;
VVVVVVD;1;0.97791976;879273778;SP;
RADARADARADARADA;1;0.99622095;879273778;SP;
PRFRFRFRF;1;0.9875507;879273778;SP;
FGFDP;1;0.5986944;879273778;SP;
IIIK;1;0.87617445;879273778;SP;
LIVGD;1;0.82611334;879273778;SP;
IIIIIIKK;1;0.9892051;879273778;SP;
KIKIQINM;1;0.9949877;879273778;SP;
KYF;1;0.5077062;879273778;SP;
VKVKVKVRVPPTRVKVKVKV;1;0.99369866;879273778;SP;
LIVAGT;1;0.9664394;879273778;SP;
IVAD;1;0.22428642;879273778;SP;
IVD;1;0.22269893;879273778;SP;
IID;1;0.5911615;879273778;SP;
NYNNYN;1;0.1742396;879273778;SP;
CKFKFQF;1;0.9982648;879273778;SP;
CKIKIQIN;1;0.9880061;879273778;SP;
CKIKQII;1;0.9850197;879273778;SP;
KASAKAEAKAEAKASA;1;0.99656737;879273778;SP;
RADFRADARADARADA;1;0.99229664;879273778;SP;
NFGSVQ;1;0.3476318;879273778;SP;
RATARAEFRATARAEA;1;0.99683094;879273778;SP;
STVLIE;1;0.20841263;879273778;SP;
STVIIS;1;0.60390013;879273778;SP;
STVIIQ;1;0.6965809;879273778;SP;
STVEIE;1;0.079313815;879273778;SP;
STQIIE;1;0.071329184;879273778;SP;
STEIIE;1;0.066731535;879273778;SP;
SSVIIE;1;0.50158924;879273778;SP;
SLVIIE;1;0.9449505;879273778;SP;
NTVIIE;1;0.56312907;879273778;SP;
LLYYTE;1;0.224909;879273778;SP;
VEALYL;1;0.80825716;879273778;SP;
VVVVV;1;0.98119926;879273778;SP;
SYCGY;1;0.8683894;879273778;SP;
KAAGG;0;0.34302023;879273778;SP;
QIMRW;0;0.89319;879273778;SP;
AGAHASADA;0;0.7699864;879273778;SP;
KIKIQI;0;0.96882504;879273778;SP;
VKVKVKVKVDPPTKVEVKVKV;0;0.99051785;879273778;SP;
STVILE;0;0.17611945;879273778;SP;
STVIEE;0;0.053189404;879273778;SP;
STVAIE;0;0.15536875;879273778;SP;
STTIIE;0;0.0774453;879273778;SP;
STDIIE;0;0.07188403;879273778;SP;
NGKSNF;0;0.34451962;879273778;SP;
LSFSKD;0;0.3818104;879273778;SP;
KVEHSD;0;0.05153129;879273778;SP;
IQVYSR;0;0.18971072;879273778;SP;
FSKDWS;0;0.20343101;879273778;SP;
FHPSDI;0;0.0505908;879273778;SP;
EHSDLS;0;0.06628707;879273778;SP;
FYTPKT;0;0.09369995;879273778;SP;
ERGFFY;0;0.16109805;879273778;SP;
RVSVD;0;0.28519234;879273778;SP;
KVKVK;0;0.2464764;879273778;SP;
PTPCY;0;0.089063786;879273778;SP;
KDPYY;0;0.09260477;879273778;SP;
YEPYK;0;0.049336355;879273778;SP;
GGGGDD;1;0.25231698;879273778;SP;
GFFLGLDD;1;0.9864503;879273778;SP;
NNQQNY;1;0.2634749;879273778;SP;
CEIEIQINM;1;0.9953382;879273778;SP;
EFFAAE;1;0.9846759;879273778;SP;
GGVVIA;1;0.9807655;879273778;SP;
FFGAAGLDGD;1;0.99628633;879273778;SP;
VVEE;1;0.26965085;879273778;SP;
KLVFF;1;0.93521047;879273778;SP;
LLLLLLKK;1;0.9531917;879273778;SP;
VVVVVVKK;1;0.98931855;879273778;SP;
FFPLGLAGDD;1;0.9840922;879273778;SP;
FGAIL;1;0.9713697;879273778;SP;
GNNQQNY;1;0.41356832;879273778;SP;
FFPLGLAGKK;1;0.9776275;879273778;SP;
FGFHFSFDF;1;0.97726494;879273778;SP;
WVNAKQYWRILKRRW;1;0.99690247;879273778;SP;
RFRFRFRF;1;0.94516814;879273778;SP;
GGGGGGDD;1;0.7326603;879273778;SP;
KFKFQFN;1;0.8993308;879273778;SP;
KFKFQFNMWQ;1;0.96972066;879273778;SP;
KLDLKLDLKLDL;1;0.9335541;879273778;SP;
FFGPLGLKGK;1;0.94773614;879273778;SP;
FFGPAGLKGK;1;0.97280025;879273778;SP;
KKKGGGAAAVVVIII;1;0.8225213;879273778;SP;
VVVGGGIIIAAAKKK;1;0.9995579;879273778;SP;
KKKAAAIIIGGGVVV;1;0.95814866;879273778;SP;
AIVAGD;1;0.99007475;879273778;SP;
LIVAGE;1;0.9906346;879273778;SP;
LIVAGK;1;0.9853734;879273778;SP;
AIVAGT;1;0.98584914;879273778;SP;
NYNYNYN;1;0.5100839;879273778;SP;
QYQQYQ;1;0.34151682;879273778;SP;
AAKAAAKAAAKAAAKA;1;0.9839626;879273778;SP;
CKAKAQA;1;0.40134484;879273778;SP;
CKIKQIINM;1;0.9815713;879273778;SP;
KIKQIINMWQ;1;0.9452324;879273778;SP;
MKFKFQF;1;0.9792027;879273778;SP;
YTIAALLSPYS;1;0.98600566;879273778;SP;
WTVIIE;1;0.9304094;879273778;SP;
STVTIE;1;0.056573693;879273778;SP;
STVIIT;1;0.92430085;879273778;SP;
STVIII;1;0.938484;879273778;SP;
SGVIIE;1;0.9111421;879273778;SP;
MTVIIE;1;0.96750426;879273778;SP;
NHVTLS;1;0.046009757;879273778;SP;
LYQLEN;1;0.5988025;879273778;SP;
AAVVLLLW;1;0.97205484;879273778;SP;
VKVFF;1;0.9504757;879273778;SP;
KFFFE;1;0.870743;879273778;SP;
RITTR;0;0.12717798;879273778;SP;
VKVKVKVK;0;0.04140734;879273778;SP;
STVIWE;0;0.4016393;879273778;SP;
STVITE;0;0.03493714;879273778;SP;
STVINE;0;0.045004655;879273778;SP;
STVGIE;0;0.12733316;879273778;SP;
STMIIE;0;0.23788337;879273778;SP;
KTVIIT;0;0.74069864;879273778;SP;
YYTEFT;0;0.8398571;879273778;SP;
TEFTPT;0;0.03304534;879273778;SP;
LKNGER;0;0.07956354;879273778;SP;
KSNFLN;0;0.23622622;879273778;SP;
FTPTEK;0;0.019739043;879273778;SP;
EVDLLK;0;0.39176565;879273778;SP;
EKDEYA;0;0.21416347;879273778;SP;
DLLKNG;0;0.06373202;879273778;SP;
DIEVDL;0;0.97665894;879273778;SP;
GERGFF;0;0.8406372;879273778;SP;
EALYLV;0;0.45145425;879273778;SP;
NLGPVL;0;0.048423387;879273778;SP;
LIAGFN;0;0.9893872;879273778;SP;
KDHFY;0;0.28744188;879273778;SP;
YTEYK;0;0.045898013;879273778;SP;
YDPKY;0;0.033084393;879273778;SP;
AILSS;1;0.22702852;879273778;SP;
CEIEIQI;1;0.9920244;879273778;SP;
GGGGGGGGGGDD;1;0.99865174;879273778;SP;
NININI;1;0.6238926;879273778;SP;
ISDNL;1;0.31977642;879273778;SP;
NFGAIL;1;0.89484113;879273778;SP;
CKAKAQANM;1;0.99913704;879273778;SP;
AAAAAAK;1;0.7901269;879273778;SP;
ITSVV;1;0.7556742;879273778;SP;
NVVVVY;1;0.84810793;879273778;SP;
NVVQIY;1;0.20918828;879273778;SP;
AEAEAKAKAEAEAKAK;1;0.99847156;879273778;SP;
INHVGGTGGAIMAPVAVTRQLVGS;1;0.99946094;879273778;SP;
IKVAV;1;0.9506852;879273778;SP;
NNVVNY;1;0.16777624;879273778;SP;
KFG;1;0.28529462;879273778;SP;
VKVRVRVRVPPTRVRVRVKV;1;0.9980357;879273778;SP;
GGGAAAVVVIIIKKK;1;0.99745464;879273778;SP;
IIIVVVAAAGGGKKK;1;0.9997397;879273778;SP;
LIVAGD;1;0.9860647;879273778;SP;
ILVAGD;1;0.9877416;879273778;SP;
LIVAAD;1;0.98803604;879273778;SP;
LIVAGS;1;0.9856449;879273778;SP;
AIVAGS;1;0.9194174;879273778;SP;
LIVAD;1;0.9867258;879273778;SP;
MEMEMKMKMEMEMKMK;1;0.9996475;879273778;SP;
CKFKFQFNM;1;0.99911076;879273778;SP;
CKIKIQI;1;0.97992575;879273778;SP;
CKIKQIINMWQ;1;0.99931234;879273778;SP;
PPPPPPPPPPRKKRRQRRR;1;0.6741509;879273778;SP;
PPPPPPPPPPRRR;1;0.11071996;879273778;SP;
QMAVHV;1;0.1370057;879273778;SP;
TTVIIE;1;0.68193156;879273778;SP;
SVVIIE;1;0.87377167;879273778;SP;
STVWIE;1;0.11871448;879273778;SP;
STVIIL;1;0.91807866;879273778;SP;
STVIFE;1;0.58833414;879273778;SP;
SIVIIE;1;0.8695924;879273778;SP;
SFVIIE;1;0.93287057;879273778;SP;
QTVIIE;1;0.3860929;879273778;SP;
GTVIIE;1;0.828731;879273778;SP;
ETVIIE;1;0.3575936;879273778;SP;
ATVIIE;1;0.94816476;879273778;SP;
KIVKWD;1;0.06844339;879273778;SP;
KDWSFY;1;0.11282683;879273778;SP;
FLVHSS;1;0.6122889;879273778;SP;
VKVEV;1;0.43240765;879273778;SP;
FFEKF;1;0.90105426;879273778;SP;
FKIDF;1;0.97482544;879273778;SP;
KWMDF;1;0.20660506;879273778;SP;
STYIIE;0;0.43129954;879273778;SP;
STVIQE;0;0.086924866;879273778;SP;
STVIIP;0;0.08561352;879273778;SP;
STVIAE;0;0.44792223;879273778;SP;
STVDIE;0;0.13264124;879273778;SP;
STGIIE;0;0.16947109;879273778;SP;
STAIIE;0;0.4408403;879273778;SP;
KTVLIE;0;0.11966848;879273778;SP;
KTVIIE;0;0.26043177;879273778;SP;
VYSRHP;0;0.04325842;879273778;SP;
PTEKDE;0;0.030700432;879273778;SP;
PSDIEV;0;0.12359015;879273778;SP;
NGERIE;0;0.09015982;879273778;SP;
LSQPKI;0;0.043474596;879273778;SP;
IQRTPK;0;0.029456314;879273778;SP;
IEKVEH;0;0.2580325;879273778;SP;
HPAENG;0;0.024940481;879273778;SP;
ERIEKV;0;0.043027043;879273778;SP;
AENGKS;0;0.0436856;879273778;SP;
FVNQHL;0;0.47765893;879273778;SP;
KKFDD;0;0.043862324;879273778;SP;
VKVKV;0;0.17697524;879273778;SP;
DPDPD;0;0.032631427;879273778;SP;
PPPHY;0;0.04055836;879273778;SP;
QEIARLEQEIARLEYEIARLE;1;0.9967454;879273778;SP;
FKFEFKFE;1;0.91510737;879273778;SP;
CEIEIQINMWQ;1;0.99834687;879273778;SP;
YYACAYY;1;0.9489619;879273778;SP;
LDFPI;1;0.11623231;879273778;SP;
FFVLK;1;0.9991428;879273778;SP;
CSISIQI;1;0.9943073;879273778;SP;
GFFLG;1;0.9894433;879273778;SP;
CSISIQINM;1;0.9962801;879273778;SP;
FAGFT;1;0.92025816;879273778;SP;
AAVVLLLWEEEEEEE;1;0.9994368;879273778;SP;
FFGAAGLKGK;1;0.99947596;879273778;SP;
KLVFFAE;1;0.9982375;879273778;SP;
YFTEF;1;0.947695;879273778;SP;
FKFEFKFEFKFE;1;0.99320483;879273778;SP;
VVVVVVDD;1;0.99952143;879273778;SP;
FFVDF;1;0.97229236;879273778;SP;
YVNAKQYYRILKRRY;1;0.99775994;879273778;SP;
NVQVVY;1;0.93037975;879273778;SP;
GFIL;1;0.9863715;879273778;SP;
GAIL;1;0.64866674;879273778;SP;
KAKAQANMWQ;1;0.9971469;879273778;SP;
KFKFQF;1;0.97486264;879273778;SP;
KIKIQINMWQ;1;0.9957988;879273778;SP;
KKKIIIVVVAAAGGG;1;0.9933271;879273778;SP;
ILVAGS;1;0.9996679;879273778;SP;
GYGYGYG;1;0.84451175;879273778;SP;
KIKQIINM;1;0.7638321;879273778;SP;
YFCFY;1;0.96749514;879273778;SP;
VTVIIE;1;0.9975643;879273778;SP;
SYVIIE;1;0.9981162;879273778;SP;
STVYIE;1;0.15963502;879273778;SP;
STVNIE;1;0.11238562;879273778;SP;
STVIYE;1;0.13035983;879273778;SP;
STVIIY;1;0.95676005;879273778;SP;
STVIIV;1;0.99530166;879273778;SP;
STVIIN;1;0.91117567;879273778;SP;
STVIIM;1;0.993274;879273778;SP;
STVIIF;1;0.99067944;879273778;SP;
STVIID;1;0.8662926;879273778;SP;
STVIIA;1;0.9955131;879273778;SP;
STNIIE;1;0.08997387;879273778;SP;
STFIIE;1;0.8543998;879273778;SP;
SNVIIE;1;0.80948436;879273778;SP;
SEVIIE;1;0.6289936;879273778;SP;
ITVIIE;1;0.99787956;879273778;SP;
FYLLYY;1;0.97028923;879273778;SP;
KKSLSLSLSLSLSLKK;1;0.95090914;879273778;SP;
RWLDY;1;0.7693171;879273778;SP;
KWEFY;1;0.7600679;879273778;SP;
RITWI;0;0.9700505;879273778;SP;
TTSGHTDTT;0;0.042678323;879273778;SP;
KIKQII;0;0.1911397;879273778;SP;
SWVIIE;0;0.9985445;879273778;SP;
STVVIE;0;0.8776202;879273778;SP;
STVQIE;0;0.115874246;879273778;SP;
STVPIE;0;0.05241758;879273778;SP;
STVMIE;0;0.37413666;879273778;SP;
STVIVE;0;0.7002626;879273778;SP;
STVISE;0;0.05838001;879273778;SP;
STVIGE;0;0.10063528;879273778;SP;
STVIDE;0;0.051031437;879273778;SP;
YVSGFH;0;0.77449346;879273778;SP;
WSFYLL;0;0.997041;879273778;SP;
SGFHPS;0;0.02351225;879273778;SP;
RVNHVT;0;0.102114;879273778;SP;
QPKIVK;0;0.037382737;879273778;SP;
KWDRDM;0;0.15616892;879273778;SP;
YQLENY;0;0.993485;879273778;SP;
HLVEAL;0;0.88668954;879273778;SP;
GSHLVE;0;0.05959557;879273778;SP;
FFYTPK;0;0.36342382;879273778;SP;
WKPYY;0;0.052779026;879273778;SP;
YVIFL;1;0.9402448;879273778;SP;
KFFAAK;1;0.9653224;879273778;SP;
QQEFQWQFRQQ;1;0.9914434;879273778;SP;
WRWRWRWR;1;0.9857619;879273778;SP;
CKFKFQFNMWQ;1;0.99932027;879273778;SP;
FFKLVFF;1;0.9857721;879273778;SP;
AAAAAAD;1;0.94559216;879273778;SP;
GGGGGGGGDD;1;0.993454;879273778;SP;
RARADADARARADADA;1;0.97198105;879273778;SP;
FFGALGLDGD;1;0.99580574;879273778;SP;
WRWRWRWRWR;1;0.9927776;879273778;SP;
GFFL;1;0.9712327;879273778;SP;
GAVILRR;1;0.96881783;879273778;SP;
SFSFSF;1;0.9412148;879273778;SP;
FFGPAGLDGD;1;0.9883247;879273778;SP;
DFY;1;0.608707;879273778;SP;
YVVFL;1;0.93081367;879273778;SP;
FFSGHFDFF;1;0.9773039;879273778;SP;
LLLLLLDD;1;0.9847925;879273778;SP;
KAKAQA;1;0.035946384;879273778;SP;
KAKAQAN;1;0.23551273;879273778;SP;
VRVRVRVRVPPTRVRVRVRV;1;0.9864706;879273778;SP;
VKVKVRVRVPPTRVRVKVKV;1;0.8729702;879273778;SP;
LAVAGD;1;0.9711244;879273778;SP;
QYQYQYQ;1;0.93386227;879273778;SP;
SYSYSYS;1;0.41196418;879273778;SP;
SYSSYS;1;0.16219348;879273778;SP;
LFF;1;0.97104204;879273778;SP;
MKIKIQI;1;0.9585423;879273778;SP;
RADARADFRADARADA;1;0.9863763;879273778;SP;
RATARAEARATARAEA;1;0.9823433;879273778;SP;
SAEAKAEAKAEASAEA;1;0.89627355;879273778;SP;
YTVIIE;1;0.8957126;879273778;SP;
STVIIW;1;0.9121173;879273778;SP;
STVIIE;1;0.5472;879273778;SP;
STVFIE;1;0.3774266;879273778;SP;
STSIIE;1;0.100360565;879273778;SP;
STLIIE;1;0.673081;879273778;SP;
SQVIIE;1;0.67910874;879273778;SP;
SMVIIE;1;0.95177144;879273778;SP;
SDVIIE;1;0.74179524;879273778;SP;
SAVIIE;1;0.92550015;879273778;SP;
LTVIIE;1;0.96199965;879273778;SP;
FTVIIE;1;0.9552526;879273778;SP;
DTVIIE;1;0.2720315;879273778;SP;
LVEALY;1;0.9635854;879273778;SP;
FKFEF;1;0.9691512;879273778;SP;
KFAFD;1;0.82640934;879273778;SP;
KFFDY;1;0.89422107;879273778;SP;
PLVKA;0;0.09075888;879273778;SP;
PFTTR;0;0.052192368;879273778;SP;
TGTHTSTDT;0;0.28739244;879273778;SP;
AASGHADAA;0;0.112267226;879273778;SP;
STVSIE;0;0.13686162;879273778;SP;
STVIPE;0;0.039647825;879273778;SP;
STVIME;0;0.2712537;879273778;SP;
STPIIE;0;0.06677154;879273778;SP;
STIIIE;0;0.82877517;879273778;SP;
SPVIIE;0;0.6805342;879273778;SP;
PTVIIE;0;0.7872068;879273778;SP;
KTVIYE;0;0.21643731;879273778;SP;
KTVIVE;0;0.13231763;879273778;SP;
VTLSQP;0;0.028626915;879273778;SP;
VKWDRD;0;0.2277015;879273778;SP;
SRHPAE;0;0.05688525;879273778;SP;
SDLSFS;0;0.18791617;879273778;SP;
RTPKIQ;0;0.08865394;879273778;SP;
PKIQVY;0;0.34601912;879273778;SP;
SLYQLE;0;0.2366117;879273778;SP;
SHLVEA;0;0.08563906;879273778;SP;
RGFFYT;0;0.71610284;879273778;SP;
GFFYTP;0;0.34824708;879273778;SP;
EPYYK;0;0.07095594;879273778;SP;
YVIFL;1;0.99453616;965681145;SP;
QQEFQWQFRQQ;1;0.9921896;965681145;SP;
YYACAYY;1;0.999621;965681145;SP;
CKFKFQFNMWQ;1;0.9994731;965681145;SP;
AAVVLLLWEE;1;0.99915594;965681145;SP;
CSISIQI;1;0.9982062;965681145;SP;
GFFLG;1;0.9964605;965681145;SP;
AAAAAAD;1;0.91473913;965681145;SP;
FFGAAGLDGD;1;0.9996777;965681145;SP;
WRWRWRWRWR;1;0.9949673;965681145;SP;
GAVILRR;1;0.6796721;965681145;SP;
FFGPLGLDGD;1;0.9995814;965681145;SP;
FKFEFKFEFKFE;1;0.99958575;965681145;SP;
SSTSAA;1;0.030671727;965681145;SP;
AEAEAKAKAEAEAKAK;1;0.9959946;965681145;SP;
VVVVVVKK;1;0.9059862;965681145;SP;
YVNAKQYYRILKRRY;1;0.9843121;965681145;SP;
NVQVVY;1;0.93320346;965681145;SP;
INHVGGTGGAIMAPVAVTRQLVGS;1;0.99878544;965681145;SP;
GFIL;1;0.9286392;965681145;SP;
GAIL;1;0.26588345;965681145;SP;
KFG;1;0.5140422;965681145;SP;
VRVRVRVRVPPTRVRVRVRV;1;0.9949626;965681145;SP;
KKKIIIVVVAAAGGG;1;0.9746524;965681145;SP;
VVVGGGIIIAAAKKK;1;0.9997261;965681145;SP;
ILVAGS;1;0.9991481;965681145;SP;
IVAD;1;0.9067073;965681145;SP;
QYQYQYQ;1;0.99001575;965681145;SP;
NYNNYN;1;0.97688645;965681145;SP;
CKAKAQA;1;0.9776238;965681145;SP;
CKIKIQIN;1;0.9992574;965681145;SP;
CKIKQIINM;1;0.9982652;965681145;SP;
QMAVHV;1;0.18793383;965681145;SP;
YFCFY;1;0.9995765;965681145;SP;
STVIIT;1;0.47900936;965681145;SP;
STVIIL;1;0.92865497;965681145;SP;
STVIIE;1;0.8611247;965681145;SP;
STVIID;1;0.98784316;965681145;SP;
STVFIE;1;0.95159006;965681145;SP;
STVEIE;1;0.24097058;965681145;SP;
STQIIE;1;0.05595132;965681145;SP;
SQVIIE;1;0.9418574;965681145;SP;
SMVIIE;1;0.99809223;965681145;SP;
SIVIIE;1;0.99732786;965681145;SP;
NTVIIE;1;0.9587298;965681145;SP;
ITVIIE;1;0.99906445;965681145;SP;
GTVIIE;1;0.968011;965681145;SP;
ATVIIE;1;0.9648181;965681145;SP;
VVVVV;1;0.96295637;965681145;SP;
FKIDF;1;0.999566;965681145;SP;
PLVKA;0;0.080943875;965681145;SP;
STVPIE;0;0.06656172;965681145;SP;
STVMIE;0;0.32886523;965681145;SP;
STVIEE;0;0.038030967;965681145;SP;
STVGIE;0;0.49937227;965681145;SP;
STVDIE;0;0.5878846;965681145;SP;
STTIIE;0;0.063261524;965681145;SP;
STMIIE;0;0.80286205;965681145;SP;
STIIIE;0;0.9667407;965681145;SP;
KTVIYE;0;0.72572035;965681145;SP;
YYTEFT;0;0.6717145;965681145;SP;
VYSRHP;0;0.0605241;965681145;SP;
LSQPKI;0;0.023454355;965681145;SP;
KVEHSD;0;0.03598585;965681145;SP;
IQRTPK;0;0.8977519;965681145;SP;
HPAENG;0;0.037572797;965681145;SP;
DIEVDL;0;0.99153805;965681145;SP;
GSHLVE;0;0.029129421;965681145;SP;
EALYLV;0;0.12146894;965681145;SP;
NLGPVL;0;0.36238906;965681145;SP;
LIAGFN;0;0.9995536;965681145;SP;
DPDPD;0;0.018662143;965681145;SP;
YTEYK;0;0.01828452;965681145;SP;
YEPYK;0;0.018458232;965681145;SP;
AILSS;1;0.7256856;965681145;SP;
NFGAIL;1;0.9942148;965681145;SP;
WRWRWR;1;0.8308999;965681145;SP;
AAVVLLLWEEEEEEE;1;0.99879736;965681145;SP;
FFGALGLDGD;1;0.998716;965681145;SP;
SFSFSF;1;0.98708576;965681145;SP;
KLVFFAE;1;0.96314305;965681145;SP;
NVVQIY;1;0.7003615;965681145;SP;
DFY;1;0.2451834;965681145;SP;
YVVFL;1;0.9913058;965681145;SP;
FFVDF;1;0.99364775;965681145;SP;
FGAIL;1;0.98881656;965681145;SP;
FGFHFSFDF;1;0.99454296;965681145;SP;
PRFRFRFRF;1;0.87417114;965681145;SP;
LLLLLLDD;1;0.9980564;965681145;SP;
KAKAQANMWQ;1;0.9766456;965681145;SP;
KFKFQFN;1;0.98161525;965681145;SP;
KFKFQFNMWQ;1;0.9985592;965681145;SP;
KLDLKLDLKLDL;1;0.23424876;965681145;SP;
KYF;1;0.33462608;965681145;SP;
FFGPAGLKGK;1;0.99244934;965681145;SP;
VKVRVRVRVPPTRVRVRVKV;1;0.9028043;965681145;SP;
KKKGGGAAAVVVIII;1;0.9283585;965681145;SP;
LAVAGD;1;0.98139495;965681145;SP;
AIVAGS;1;0.98655945;965681145;SP;
GYGYGYG;1;0.9894365;965681145;SP;
QYQQYQ;1;0.8528812;965681145;SP;
CKFKFQFNM;1;0.9990918;965681145;SP;
CKIKQII;1;0.4216806;965681145;SP;
CKIKQIINMWQ;1;0.9936228;965681145;SP;
KASAKAEAKAEAKASA;1;0.9893853;965681145;SP;
RADARADFRADARADA;1;0.9955565;965681145;SP;
WTVIIE;1;0.96273583;965681145;SP;
STVWIE;1;0.11053963;965681145;SP;
STVTIE;1;0.11940113;965681145;SP;
STVNIE;1;0.08011346;965681145;SP;
STVIYE;1;0.12546684;965681145;SP;
STVIIY;1;0.96440697;965681145;SP;
STVIIV;1;0.92477584;965681145;SP;
STVIII;1;0.9560551;965681145;SP;
STSIIE;1;0.11875867;965681145;SP;
SGVIIE;1;0.71043473;965681145;SP;
MTVIIE;1;0.97636837;965681145;SP;
FTVIIE;1;0.979121;965681145;SP;
LLYYTE;1;0.78664863;965681145;SP;
AAVVLLLW;1;0.99606115;965681145;SP;
FKFEF;1;0.95435977;965681145;SP;
KFFFE;1;0.4701623;965681145;SP;
KWEFY;1;0.52525705;965681145;SP;
KFFDY;1;0.9305558;965681145;SP;
KIKQII;0;0.23060049;965681145;SP;
SWVIIE;0;0.99429494;965681145;SP;
STVQIE;0;0.0651087;965681145;SP;
STVITE;0;0.06511676;965681145;SP;
STVIQE;0;0.031149201;965681145;SP;
STVIPE;0;0.039341036;965681145;SP;
STVIIP;0;0.6619972;965681145;SP;
STVIAE;0;0.13084827;965681145;SP;
KTVLIE;0;0.15166532;965681145;SP;
KTVIIE;0;0.27248687;965681145;SP;
YVSGFH;0;0.35654378;965681145;SP;
PTEKDE;0;0.044276267;965681145;SP;
PSDIEV;0;0.07356508;965681145;SP;
KSNFLN;0;0.07796427;965681145;SP;
FHPSDI;0;0.06666165;965681145;SP;
EKDEYA;0;0.11311107;965681145;SP;
AENGKS;0;0.14069754;965681145;SP;
RGFFYT;0;0.07812771;965681145;SP;
HLVEAL;0;0.6861311;965681145;SP;
GFFYTP;0;0.24328084;965681145;SP;
GERGFF;0;0.32746768;965681145;SP;
KKFDD;0;0.03888881;965681145;SP;
PTPCY;0;0.029039891;965681145;SP;
EPYYK;0;0.027556013;965681145;SP;
AEAEAEAEAKAKAKAK;1;0.99402803;965681145;SP;
EFFAAE;1;0.8850125;965681145;SP;
GGVVIA;1;0.8581958;965681145;SP;
NININI;1;0.6134249;965681145;SP;
ISDNL;1;0.07880779;965681145;SP;
FTISD;1;0.62092733;965681145;SP;
FFKLVFF;1;0.9876834;965681145;SP;
LDFPI;1;0.31944448;965681145;SP;
FFVLK;1;0.96966296;965681145;SP;
AAAAAAK;1;0.6444909;965681145;SP;
GGGGGGGGDD;1;0.9950847;965681145;SP;
RARADADARARADADA;1;0.99797326;965681145;SP;
VVEE;1;0.1732679;965681145;SP;
KLVFF;1;0.855059;965681145;SP;
FFGALGLKGK;1;0.9961332;965681145;SP;
YFTEF;1;0.63220793;965681145;SP;
VEVE;1;0.31757277;965681145;SP;
WVNAKQYWRILKRRW;1;0.99886805;965681145;SP;
RFRFRFRF;1;0.99612;965681145;SP;
LIVGD;1;0.9792295;965681145;SP;
KAKAQA;1;0.040555205;965681145;SP;
KIKIQINMWQ;1;0.99816865;965681145;SP;
FFGPLGLKGK;1;0.9657477;965681145;SP;
GGGAAAVVVIIIKKK;1;0.99120724;965681145;SP;
LIVAGD;1;0.98495024;965681145;SP;
ILVAGD;1;0.9853868;965681145;SP;
LIVAGE;1;0.9832269;965681145;SP;
LIVAGS;1;0.9890223;965681145;SP;
IID;1;0.97051686;965681145;SP;
SYSYSYS;1;0.99276704;965681145;SP;
MKIKIQI;1;0.8695107;965681145;SP;
PPPPPPPPPPRRR;1;0.08073568;965681145;SP;
MKFKFQF;1;0.94451934;965681145;SP;
RADFRADARADARADA;1;0.9965206;965681145;SP;
RATARAEARATARAEA;1;0.99773616;965681145;SP;
NFGSVQ;1;0.9347029;965681145;SP;
SAEAKAEAKAEASAEA;1;0.99230313;965681145;SP;
YTIAALLSPYS;1;0.9452955;965681145;SP;
TTVIIE;1;0.7846086;965681145;SP;
STVYIE;1;0.18161598;965681145;SP;
STVIIW;1;0.95042276;965681145;SP;
STVIIF;1;0.92028785;965681145;SP;
SNVIIE;1;0.5496517;965681145;SP;
SFVIIE;1;0.9391314;965681145;SP;
DTVIIE;1;0.5446242;965681145;SP;
NHVTLS;1;0.07787456;965681145;SP;
LYQLEN;1;0.8772235;965681145;SP;
KKSLSLSLSLSLSLKK;1;0.93647254;965681145;SP;
VKVFF;1;0.9381437;965681145;SP;
FFEKF;1;0.49630183;965681145;SP;
RITTR;0;0.026285453;965681145;SP;
RITWI;0;0.46774375;965681145;SP;
TTSGHTDTT;0;0.09008232;965681145;SP;
AASGHADAA;0;0.11869705;965681145;SP;
STVSIE;0;0.19196308;965681145;SP;
STVIWE;0;0.45280465;965681145;SP;
STVIVE;0;0.4780959;965681145;SP;
STVISE;0;0.054751016;965681145;SP;
STPIIE;0;0.09600566;965681145;SP;
STGIIE;0;0.16656616;965681145;SP;
STAIIE;0;0.4186522;965681145;SP;
KTVIVE;0;0.19450448;965681145;SP;
TEFTPT;0;0.024055457;965681145;SP;
SRHPAE;0;0.037333056;965681145;SP;
SDLSFS;0;0.09196973;965681145;SP;
RVNHVT;0;0.019730318;965681145;SP;
PKIQVY;0;0.31403318;965681145;SP;
NGKSNF;0;0.014972101;965681145;SP;
LKNGER;0;0.0639537;965681145;SP;
IQVYSR;0;0.9352325;965681145;SP;
FSKDWS;0;0.04533334;965681145;SP;
RVSVD;0;0.21442972;965681145;SP;
PPPHY;0;0.017793579;965681145;SP;
KDPYY;0;0.019142782;965681145;SP;
GGGGDD;1;0.12144993;965681145;SP;
QEIARLEQEIARLEYEIARLE;1;0.6575057;965681145;SP;
CEIEIQI;1;0.98497576;965681145;SP;
CEIEIQINM;1;0.98949915;965681145;SP;
KFFAAK;1;0.7726799;965681145;SP;
CKAKAQANMWQ;1;0.8864659;965681145;SP;
CKIKIQINMWQ;1;0.98537946;965681145;SP;
CSISIQINM;1;0.9885131;965681145;SP;
YVVFV;1;0.98491687;965681145;SP;
FFGAAGLKGK;1;0.9916822;965681145;SP;
ITSVV;1;0.41906112;965681145;SP;
VVVVVVDD;1;0.97768867;965681145;SP;
FFPLGLAGKK;1;0.990009;965681145;SP;
FFSGHFDFF;1;0.9235086;965681145;SP;
VVVVVVD;1;0.98599595;965681145;SP;
RADARADARADARADA;1;0.95819324;965681145;SP;
GGGGGGDD;1;0.62360364;965681145;SP;
IIIK;1;0.9490162;965681145;SP;
NNVVNY;1;0.07550636;965681145;SP;
KAKAQAN;1;0.5117713;965681145;SP;
KFKFQF;1;0.8347773;965681145;SP;
VKVKVRVRVPPTRVRVKVKV;1;0.98255616;965681145;SP;
IIIVVVAAAGGGKKK;1;0.9975672;965681145;SP;
AIVAGD;1;0.92333555;965681145;SP;
AIVAGT;1;0.9172627;965681145;SP;
IVD;1;0.64889413;965681145;SP;
MEMEMKMKMEMEMKMK;1;0.9955061;965681145;SP;
NYNYNYN;1;0.5376628;965681145;SP;
SYSSYS;1;0.18245526;965681145;SP;
CKIKIQI;1;0.97316086;965681145;SP;
KIKQIINMWQ;1;0.41943407;965681145;SP;
RATARAEFRATARAEA;1;0.90640587;965681145;SP;
YTVIIE;1;0.85596603;965681145;SP;
VTVIIE;1;0.9267514;965681145;SP;
SYVIIE;1;0.83507824;965681145;SP;
STVLIE;1;0.3792902;965681145;SP;
STVIIS;1;0.4279965;965681145;SP;
STVIIQ;1;0.49052143;965681145;SP;
STVIIN;1;0.39700437;965681145;SP;
STVIIM;1;0.9187119;965681145;SP;
STVIFE;1;0.52389246;965681145;SP;
STNIIE;1;0.1713935;965681145;SP;
SLVIIE;1;0.8652185;965681145;SP;
SEVIIE;1;0.59515315;965681145;SP;
SDVIIE;1;0.47144023;965681145;SP;
SAVIIE;1;0.7549674;965681145;SP;
LTVIIE;1;0.9369433;965681145;SP;
KDWSFY;1;0.19693035;965681145;SP;
FLVHSS;1;0.7587394;965681145;SP;
KFAFD;1;0.7759397;965681145;SP;
KAAGG;0;0.3032586;965681145;SP;
PFTTR;0;0.29737222;965681145;SP;
VKVKVKVKVDPPTKVEVKVKV;0;0.96549726;965681145;SP;
STVVIE;0;0.37289944;965681145;SP;
STVILE;0;0.4193349;965681145;SP;
STVIDE;0;0.05308521;965681145;SP;
STDIIE;0;0.17203718;965681145;SP;
SPVIIE;0;0.48469242;965681145;SP;
PTVIIE;0;0.5018382;965681145;SP;
VKWDRD;0;0.12499318;965681145;SP;
SGFHPS;0;0.061586462;965681145;SP;
QPKIVK;0;0.1612303;965681145;SP;
LSFSKD;0;0.16792229;965681145;SP;
KWDRDM;0;0.128131;965681145;SP;
FTPTEK;0;0.043609913;965681145;SP;
ERIEKV;0;0.07406178;965681145;SP;
EHSDLS;0;0.1351603;965681145;SP;
SLYQLE;0;0.30192882;965681145;SP;
SHLVEA;0;0.19355579;965681145;SP;
FVNQHL;0;0.35942706;965681145;SP;
ERGFFY;0;0.6281389;965681145;SP;
VKVKV;0;0.6262485;965681145;SP;
KVKVK;0;0.4856137;965681145;SP;
GFFLGLDD;1;0.93924505;965681145;SP;
NNQQNY;1;0.5397606;965681145;SP;
GGGGGGGGGGDD;1;0.99673223;965681145;SP;
FKFEFKFE;1;0.99360627;965681145;SP;
CEIEIQINMWQ;1;0.99746585;965681145;SP;
WRWRWRWR;1;0.96820354;965681145;SP;
CKAKAQANM;1;0.9895213;965681145;SP;
VQIVYK;1;0.9574491;965681145;SP;
FFALGLAGKK;1;0.9970429;965681145;SP;
FAGFT;1;0.3132127;965681145;SP;
GFFL;1;0.96395725;965681145;SP;
NVVVVY;1;0.9741418;965681145;SP;
FFGPAGLDGD;1;0.88797843;965681145;SP;
LLLLLLKK;1;0.9969924;965681145;SP;
AAAAAAAAAAAARR;1;0.9977125;965681145;SP;
VVVVVVK;1;0.9972766;965681145;SP;
FFPLGLAGDD;1;0.99668676;965681145;SP;
GNNQQNY;1;0.74879897;965681145;SP;
IKVAV;1;0.86163163;965681145;SP;
FGFDP;1;0.38948408;965681145;SP;
IIIIIIKK;1;0.9973022;965681145;SP;
KIKIQINM;1;0.9879973;965681145;SP;
VKVKVKVRVPPTRVKVKVKV;1;0.63140154;965681145;SP;
KKKAAAIIIGGGVVV;1;0.9856897;965681145;SP;
LIVAAD;1;0.99295187;965681145;SP;
LIVAGK;1;0.9868106;965681145;SP;
LIVAGT;1;0.9874294;965681145;SP;
LIVAD;1;0.989127;965681145;SP;
LFF;1;0.99328864;965681145;SP;
AAKAAAKAAAKAAAKA;1;0.99578345;965681145;SP;
CKFKFQF;1;0.9955489;965681145;SP;
KIKQIINM;1;0.6897567;965681145;SP;
PPPPPPPPPPRKKRRQRRR;1;0.2887596;965681145;SP;
SVVIIE;1;0.9896392;965681145;SP;
STVIIA;1;0.84619224;965681145;SP;
STLIIE;1;0.21553412;965681145;SP;
STFIIE;1;0.2892428;965681145;SP;
STEIIE;1;0.12297696;965681145;SP;
SSVIIE;1;0.7420738;965681145;SP;
QTVIIE;1;0.6512069;965681145;SP;
ETVIIE;1;0.15435289;965681145;SP;
KIVKWD;1;0.12095175;965681145;SP;
FYLLYY;1;0.99717075;965681145;SP;
VEALYL;1;0.68407303;965681145;SP;
LVEALY;1;0.7255749;965681145;SP;
VKVEV;1;0.33066607;965681145;SP;
SYCGY;1;0.9886059;965681145;SP;
RWLDY;1;0.87145674;965681145;SP;
KWMDF;1;0.86165565;965681145;SP;
QIMRW;0;0.88553786;965681145;SP;
TGTHTSTDT;0;0.023774005;965681145;SP;
AGAHASADA;0;0.9830828;965681145;SP;
KIKIQI;0;0.92917466;965681145;SP;
VKVKVKVK;0;0.5424707;965681145;SP;
STYIIE;0;0.34347093;965681145;SP;
STVINE;0;0.025665723;965681145;SP;
STVIME;0;0.631713;965681145;SP;
STVIGE;0;0.035522286;965681145;SP;
STVAIE;0;0.64231324;965681145;SP;
KTVIIT;0;0.14395815;965681145;SP;
WSFYLL;0;0.9939432;965681145;SP;
VTLSQP;0;0.08318691;965681145;SP;
RTPKIQ;0;0.02301522;965681145;SP;
NGERIE;0;0.041123774;965681145;SP;
IEKVEH;0;0.053048752;965681145;SP;
EVDLLK;0;0.36298746;965681145;SP;
DLLKNG;0;0.041432716;965681145;SP;
YQLENY;0;0.90895826;965681145;SP;
FYTPKT;0;0.07813094;965681145;SP;
FFYTPK;0;0.53888243;965681145;SP;
WKPYY;0;0.66665554;965681145;SP;
KDHFY;0;0.029958433;965681145;SP;
YDPKY;0;0.023189245;965681145;SP;
GFFLGLDD;1;0.9736063;992391276;SP;
NININI;1;0.7768394;992391276;SP;
ISDNL;1;0.09331351;992391276;SP;
FTISD;1;0.32556352;992391276;SP;
CKIKIQINMWQ;1;0.9745268;992391276;SP;
AAAAAAK;1;0.8297845;992391276;SP;
CSISIQINM;1;0.9908524;992391276;SP;
GGGGGGGGDD;1;0.8895489;992391276;SP;
FAGFT;1;0.9035017;992391276;SP;
WRWRWR;1;0.77374893;992391276;SP;
FFGALGLDGD;1;0.9946045;992391276;SP;
GAVILRR;1;0.8889767;992391276;SP;
LLLLLLKK;1;0.9916852;992391276;SP;
AEAEAKAKAEAEAKAK;1;0.9185682;992391276;SP;
NVQVVY;1;0.51818883;992391276;SP;
INHVGGTGGAIMAPVAVTRQLVGS;1;0.98922586;992391276;SP;
VVVVVVD;1;0.9876318;992391276;SP;
PRFRFRFRF;1;0.960804;992391276;SP;
NNVVNY;1;0.083153546;992391276;SP;
KYF;1;0.336663;992391276;SP;
FFGPLGLKGK;1;0.99453664;992391276;SP;
VKVKVKVRVPPTRVKVKVKV;1;0.9258288;992391276;SP;
GGGAAAVVVIIIKKK;1;0.9946614;992391276;SP;
LAVAGD;1;0.948817;992391276;SP;
ILVAGS;1;0.9749535;992391276;SP;
LIVAGT;1;0.9653556;992391276;SP;
AIVAGT;1;0.9063801;992391276;SP;
MEMEMKMKMEMEMKMK;1;0.9840789;992391276;SP;
GYGYGYG;1;0.8021757;992391276;SP;
NYNNYN;1;0.13181478;992391276;SP;
AAKAAAKAAAKAAAKA;1;0.94006574;992391276;SP;
CKFKFQF;1;0.97892004;992391276;SP;
CKIKQIINMWQ;1;0.68526465;992391276;SP;
MKIKIQI;1;0.9555445;992391276;SP;
PPPPPPPPPPRRR;1;0.4097968;992391276;SP;
RADFRADARADARADA;1;0.9262248;992391276;SP;
RATARAEFRATARAEA;1;0.9409106;992391276;SP;
YTVIIE;1;0.92400175;992391276;SP;
STVIIV;1;0.9130464;992391276;SP;
STVIII;1;0.9504432;992391276;SP;
STVIIF;1;0.9598399;992391276;SP;
STFIIE;1;0.7786811;992391276;SP;
STEIIE;1;0.11215715;992391276;SP;
SDVIIE;1;0.5768897;992391276;SP;
ITVIIE;1;0.9800075;992391276;SP;
ETVIIE;1;0.48581865;992391276;SP;
LLYYTE;1;0.67299086;992391276;SP;
KIVKWD;1;0.3200775;992391276;SP;
LVEALY;1;0.6515817;992391276;SP;
FKFEF;1;0.9671222;992391276;SP;
RITTR;0;0.23658332;992391276;SP;
VKVKVKVK;0;0.7727849;992391276;SP;
STVVIE;0;0.6060405;992391276;SP;
STVQIE;0;0.30356997;992391276;SP;
STVIVE;0;0.44260034;992391276;SP;
STVINE;0;0.07588676;992391276;SP;
STVIIP;0;0.4937088;992391276;SP;
STVGIE;0;0.32145512;992391276;SP;
STPIIE;0;0.09126029;992391276;SP;
STIIIE;0;0.7953657;992391276;SP;
SPVIIE;0;0.6398181;992391276;SP;
PTVIIE;0;0.7362736;992391276;SP;
KTVIIE;0;0.42191124;992391276;SP;
WSFYLL;0;0.97463924;992391276;SP;
VYSRHP;0;0.115512095;992391276;SP;
QPKIVK;0;0.12973605;992391276;SP;
PSDIEV;0;0.2481779;992391276;SP;
LSFSKD;0;0.34522057;992391276;SP;
KVEHSD;0;0.17195308;992391276;SP;
FHPSDI;0;0.10558873;992391276;SP;
EVDLLK;0;0.19769062;992391276;SP;
LIAGFN;0;0.970486;992391276;SP;
KDHFY;0;0.06429638;992391276;SP;
KDPYY;0;0.042358465;992391276;SP;
QEIARLEQEIARLEYEIARLE;1;0.97169346;992391276;SP;
NNQQNY;1;0.04969007;992391276;SP;
AILSS;1;0.93509024;992391276;SP;
EFFAAE;1;0.9748784;992391276;SP;
GGGGGGGGGGDD;1;0.998068;992391276;SP;
CEIEIQINMWQ;1;0.99717695;992391276;SP;
YYACAYY;1;0.99802107;992391276;SP;
CKFKFQFNMWQ;1;0.99681103;992391276;SP;
VQIVYK;1;0.161065;992391276;SP;
YVVFV;1;0.93024427;992391276;SP;
FFGAAGLDGD;1;0.9982767;992391276;SP;
AAVVLLLWEEEEEEE;1;0.9967147;992391276;SP;
FFGAAGLKGK;1;0.99773586;992391276;SP;
NVVVVY;1;0.9910682;992391276;SP;
KLVFFAE;1;0.9429253;992391276;SP;
FFGPLGLDGD;1;0.99856013;992391276;SP;
YVNAKQYYRILKRRY;1;0.83781755;992391276;SP;
WVNAKQYWRILKRRW;1;0.96265334;992391276;SP;
KAKAQAN;1;0.2365342;992391276;SP;
KFKFQFNMWQ;1;0.9934892;992391276;SP;
VKVRVRVRVPPTRVRVRVKV;1;0.8976931;992391276;SP;
VKVKVRVRVPPTRVRVKVKV;1;0.7800185;992391276;SP;
KKKIIIVVVAAAGGG;1;0.9458507;992391276;SP;
KKKAAAIIIGGGVVV;1;0.75524676;992391276;SP;
LIVAGD;1;0.9883115;992391276;SP;
SYSYSYS;1;0.2620405;992391276;SP;
QYQQYQ;1;0.14887956;992391276;SP;
LFF;1;0.9511025;992391276;SP;
CKIKQII;1;0.8753469;992391276;SP;
PPPPPPPPPPRKKRRQRRR;1;0.69314015;992391276;SP;
MKFKFQF;1;0.99154574;992391276;SP;
RATARAEARATARAEA;1;0.93729186;992391276;SP;
NFGSVQ;1;0.6182132;992391276;SP;
YFCFY;1;0.92824566;992391276;SP;
WTVIIE;1;0.9241318;992391276;SP;
TTVIIE;1;0.5701561;992391276;SP;
STVYIE;1;0.107460275;992391276;SP;
STVTIE;1;0.071327135;992391276;SP;
STVIYE;1;0.044688363;992391276;SP;
STVIIT;1;0.21659796;992391276;SP;
STVIIS;1;0.20917681;992391276;SP;
STVIIQ;1;0.12955342;992391276;SP;
STVIIM;1;0.780966;992391276;SP;
STVIIE;1;0.48895967;992391276;SP;
STNIIE;1;0.11368535;992391276;SP;
SFVIIE;1;0.9158749;992391276;SP;
VKVFF;1;0.88460416;992391276;SP;
KWEFY;1;0.8361987;992391276;SP;
FKIDF;1;0.9950876;992391276;SP;
KWMDF;1;0.9922372;992391276;SP;
QIMRW;0;0.9093255;992391276;SP;
RITWI;0;0.85486937;992391276;SP;
TGTHTSTDT;0;0.2853534;992391276;SP;
AGAHASADA;0;0.95085907;992391276;SP;
KIKQII;0;0.43857768;992391276;SP;
STVIEE;0;0.019490253;992391276;SP;
STVDIE;0;0.17326044;992391276;SP;
STTIIE;0;0.10217367;992391276;SP;
STAIIE;0;0.16072091;992391276;SP;
KTVLIE;0;0.18366311;992391276;SP;
VTLSQP;0;0.030857727;992391276;SP;
SDLSFS;0;0.21120596;992391276;SP;
NGKSNF;0;0.05715801;992391276;SP;
IQVYSR;0;0.08223657;992391276;SP;
IEKVEH;0;0.085900195;992391276;SP;
DLLKNG;0;0.23190333;992391276;SP;
DIEVDL;0;0.99473524;992391276;SP;
YQLENY;0;0.20006673;992391276;SP;
SLYQLE;0;0.4874313;992391276;SP;
HLVEAL;0;0.9961044;992391276;SP;
FVNQHL;0;0.66791165;992391276;SP;
RVSVD;0;0.07766934;992391276;SP;
PTPCY;0;0.08058627;992391276;SP;
YEPYK;0;0.060281277;992391276;SP;
YVIFL;1;0.9817725;992391276;SP;
CEIEIQINM;1;0.9964595;992391276;SP;
KFFAAK;1;0.2886926;992391276;SP;
GGVVIA;1;0.95692176;992391276;SP;
NFGAIL;1;0.966068;992391276;SP;
CKAKAQANM;1;0.9980312;992391276;SP;
LDFPI;1;0.6119552;992391276;SP;
FFVLK;1;0.9780299;992391276;SP;
CSISIQI;1;0.9762038;992391276;SP;
GFFLG;1;0.9307772;992391276;SP;
FFALGLAGKK;1;0.9995183;992391276;SP;
AAAAAAD;1;0.90034;992391276;SP;
GFFL;1;0.92290014;992391276;SP;
FFGPAGLDGD;1;0.9924163;992391276;SP;
AAAAAAAAAAAARR;1;0.9996922;992391276;SP;
VVVVVVDD;1;0.9874781;992391276;SP;
GNNQQNY;1;0.99825114;992391276;SP;
FFPLGLAGKK;1;0.9983726;992391276;SP;
FFSGHFDFF;1;0.9975874;992391276;SP;
GFIL;1;0.96941835;992391276;SP;
RADARADARADARADA;1;0.99914837;992391276;SP;
LIVGD;1;0.9782322;992391276;SP;
KAKAQA;1;0.2850641;992391276;SP;
KAKAQANMWQ;1;0.99904335;992391276;SP;
KIKIQINMWQ;1;0.99882567;992391276;SP;
VRVRVRVRVPPTRVRVRVRV;1;0.9993034;992391276;SP;
KKKGGGAAAVVVIII;1;0.92106676;992391276;SP;
VVVGGGIIIAAAKKK;1;0.9998012;992391276;SP;
IIIVVVAAAGGGKKK;1;0.99985766;992391276;SP;
LIVAGS;1;0.98150855;992391276;SP;
CKIKQIINM;1;0.9129495;992391276;SP;
KASAKAEAKAEAKASA;1;0.9992657;992391276;SP;
QMAVHV;1;0.3809465;992391276;SP;
STVWIE;1;0.11169807;992391276;SP;
STVLIE;1;0.3103481;992391276;SP;
STVIIW;1;0.8679053;992391276;SP;
STVIIL;1;0.89309466;992391276;SP;
STVIID;1;0.62944025;992391276;SP;
STVFIE;1;0.34660065;992391276;SP;
STVEIE;1;0.12979189;992391276;SP;
STSIIE;1;0.07514205;992391276;SP;
STQIIE;1;0.1074659;992391276;SP;
SNVIIE;1;0.52580243;992391276;SP;
QTVIIE;1;0.38253844;992391276;SP;
MTVIIE;1;0.9759463;992391276;SP;
FTVIIE;1;0.9796285;992391276;SP;
ATVIIE;1;0.91409904;992391276;SP;
AAVVLLLW;1;0.98543644;992391276;SP;
KFAFD;1;0.62734145;992391276;SP;
SYCGY;1;0.9942975;992391276;SP;
PLVKA;0;0.07194181;992391276;SP;
STYIIE;0;0.25403187;992391276;SP;
STVITE;0;0.06949824;992391276;SP;
STVISE;0;0.07820936;992391276;SP;
STVIME;0;0.28104514;992391276;SP;
STVAIE;0;0.29536957;992391276;SP;
KTVIYE;0;0.10621853;992391276;SP;
YVSGFH;0;0.5950155;992391276;SP;
RVNHVT;0;0.04056529;992391276;SP;
RTPKIQ;0;0.027428195;992391276;SP;
PTEKDE;0;0.010015017;992391276;SP;
PKIQVY;0;0.26369485;992391276;SP;
NGERIE;0;0.036552753;992391276;SP;
KSNFLN;0;0.047870494;992391276;SP;
FTPTEK;0;0.0038101678;992391276;SP;
EKDEYA;0;0.06370673;992391276;SP;
EHSDLS;0;0.026408112;992391276;SP;
AENGKS;0;0.02102798;992391276;SP;
SHLVEA;0;0.09041244;992391276;SP;
GERGFF;0;0.290174;992391276;SP;
NLGPVL;0;0.15771204;992391276;SP;
DPDPD;0;0.015210626;992391276;SP;
EPYYK;0;0.02085641;992391276;SP;
YDPKY;0;0.016162371;992391276;SP;
FFKLVFF;1;0.9565667;992391276;SP;
VVEE;1;0.10552125;992391276;SP;
KLVFF;1;0.8856349;992391276;SP;
SFSFSF;1;0.920632;992391276;SP;
YFTEF;1;0.35587496;992391276;SP;
FKFEFKFEFKFE;1;0.9975463;992391276;SP;
VEVE;1;0.13414264;992391276;SP;
YVVFL;1;0.951699;992391276;SP;
VVVVVVK;1;0.97445506;992391276;SP;
SSTSAA;1;0.10112143;992391276;SP;
FFVDF;1;0.92431235;992391276;SP;
VVVVVVKK;1;0.98315525;992391276;SP;
FFPLGLAGDD;1;0.9832055;992391276;SP;
FGAIL;1;0.9581166;992391276;SP;
RFRFRFRF;1;0.9945559;992391276;SP;
FGFDP;1;0.33540404;992391276;SP;
GAIL;1;0.76161116;992391276;SP;
KFKFQFN;1;0.98045903;992391276;SP;
ILVAGD;1;0.9714966;992391276;SP;
AIVAGD;1;0.9479636;992391276;SP;
LIVAGK;1;0.9653358;992391276;SP;
IVD;1;0.2875604;992391276;SP;
IID;1;0.4155491;992391276;SP;
QYQYQYQ;1;0.95533556;992391276;SP;
CKAKAQA;1;0.77645266;992391276;SP;
CKFKFQFNM;1;0.99661666;992391276;SP;
CKIKIQIN;1;0.9928107;992391276;SP;
RADARADFRADARADA;1;0.9989547;992391276;SP;
SAEAKAEAKAEASAEA;1;0.9430679;992391276;SP;
SYVIIE;1;0.8582159;992391276;SP;
SVVIIE;1;0.86528033;992391276;SP;
STVIIN;1;0.5996228;992391276;SP;
STVIIA;1;0.90377426;992391276;SP;
STVIFE;1;0.314731;992391276;SP;
STLIIE;1;0.38392112;992391276;SP;
SQVIIE;1;0.44934255;992391276;SP;
SLVIIE;1;0.84908694;992391276;SP;
SIVIIE;1;0.9006819;992391276;SP;
SEVIIE;1;0.4093677;992391276;SP;
SAVIIE;1;0.7545034;992391276;SP;
NTVIIE;1;0.3790647;992391276;SP;
LTVIIE;1;0.8501948;992391276;SP;
GTVIIE;1;0.59512484;992391276;SP;
FYLLYY;1;0.9633797;992391276;SP;
LYQLEN;1;0.5154452;992391276;SP;
KKSLSLSLSLSLSLKK;1;0.99834657;992391276;SP;
VVVVV;1;0.9664008;992391276;SP;
KFFFE;1;0.7554042;992391276;SP;
FFEKF;1;0.39115158;992391276;SP;
KFFDY;1;0.59734976;992391276;SP;
KAAGG;0;0.73991406;992391276;SP;
PFTTR;0;0.15019156;992391276;SP;
TTSGHTDTT;0;0.31000853;992391276;SP;
AASGHADAA;0;0.34341037;992391276;SP;
KIKIQI;0;0.94147795;992391276;SP;
VKVKVKVKVDPPTKVEVKVKV;0;0.84852743;992391276;SP;
STVIWE;0;0.21012312;992391276;SP;
STVIQE;0;0.14880252;992391276;SP;
STGIIE;0;0.28352013;992391276;SP;
STDIIE;0;0.13364495;992391276;SP;
KTVIIT;0;0.69127506;992391276;SP;
LKNGER;0;0.28474602;992391276;SP;
IQRTPK;0;0.07455992;992391276;SP;
HPAENG;0;0.06870264;992391276;SP;
FSKDWS;0;0.2114926;992391276;SP;
ERIEKV;0;0.10665797;992391276;SP;
FYTPKT;0;0.118193805;992391276;SP;
FFYTPK;0;0.3731052;992391276;SP;
ERGFFY;0;0.68830323;992391276;SP;
EALYLV;0;0.7511476;992391276;SP;
KKFDD;0;0.06150761;992391276;SP;
PPPHY;0;0.10296145;992391276;SP;
YTEYK;0;0.074866;992391276;SP;
AEAEAEAEAKAKAKAK;1;0.9989496;992391276;SP;
GGGGDD;1;0.07083223;992391276;SP;
CEIEIQI;1;0.9929727;992391276;SP;
FKFEFKFE;1;0.98918086;992391276;SP;
QQEFQWQFRQQ;1;0.9996674;992391276;SP;
WRWRWRWR;1;0.9978005;992391276;SP;
CKAKAQANMWQ;1;0.9990679;992391276;SP;
AAVVLLLWEE;1;0.9638586;992391276;SP;
RARADADARARADADA;1;0.9989245;992391276;SP;
ITSVV;1;0.8606349;992391276;SP;
WRWRWRWRWR;1;0.99904644;992391276;SP;
FFGALGLKGK;1;0.9996512;992391276;SP;
NVVQIY;1;0.4104384;992391276;SP;
DFY;1;0.9192742;992391276;SP;
FGFHFSFDF;1;0.99656;992391276;SP;
IKVAV;1;0.96139413;992391276;SP;
GGGGGGDD;1;0.41849858;992391276;SP;
IIIK;1;0.88340914;992391276;SP;
LLLLLLDD;1;0.977102;992391276;SP;
IIIIIIKK;1;0.9990326;992391276;SP;
KFG;1;0.17953397;992391276;SP;
KFKFQF;1;0.9616764;992391276;SP;
KIKIQINM;1;0.95340365;992391276;SP;
KLDLKLDLKLDL;1;0.34778342;992391276;SP;
FFGPAGLKGK;1;0.99758744;992391276;SP;
LIVAAD;1;0.990205;992391276;SP;
LIVAGE;1;0.9873435;992391276;SP;
AIVAGS;1;0.9749461;992391276;SP;
LIVAD;1;0.9884984;992391276;SP;
IVAD;1;0.90948087;992391276;SP;
NYNYNYN;1;0.84096223;992391276;SP;
SYSSYS;1;0.2430217;992391276;SP;
CKIKIQI;1;0.9786844;992391276;SP;
KIKQIINM;1;0.1897411;992391276;SP;
KIKQIINMWQ;1;0.61363417;992391276;SP;
YTIAALLSPYS;1;0.77655405;992391276;SP;
VTVIIE;1;0.9792531;992391276;SP;
STVNIE;1;0.13530004;992391276;SP;
STVIIY;1;0.96804273;992391276;SP;
SSVIIE;1;0.60660183;992391276;SP;
SMVIIE;1;0.9833321;992391276;SP;
SGVIIE;1;0.8193819;992391276;SP;
DTVIIE;1;0.58487433;992391276;SP;
NHVTLS;1;0.1611482;992391276;SP;
KDWSFY;1;0.18996277;992391276;SP;
VEALYL;1;0.7755232;992391276;SP;
FLVHSS;1;0.8955492;992391276;SP;
VKVEV;1;0.4815963;992391276;SP;
RWLDY;1;0.5825499;992391276;SP;
SWVIIE;0;0.988701;992391276;SP;
STVSIE;0;0.14010452;992391276;SP;
STVPIE;0;0.036305994;992391276;SP;
STVMIE;0;0.3700808;992391276;SP;
STVIPE;0;0.018379452;992391276;SP;
STVILE;0;0.2582539;992391276;SP;
STVIGE;0;0.32006648;992391276;SP;
STVIDE;0;0.09278895;992391276;SP;
STVIAE;0;0.24791975;992391276;SP;
STMIIE;0;0.77092946;992391276;SP;
KTVIVE;0;0.12254573;992391276;SP;
YYTEFT;0;0.8516377;992391276;SP;
VKWDRD;0;0.048963543;992391276;SP;
TEFTPT;0;0.019652346;992391276;SP;
SRHPAE;0;0.005317436;992391276;SP;
SGFHPS;0;0.015180514;992391276;SP;
LSQPKI;0;0.018111512;992391276;SP;
KWDRDM;0;0.40038237;992391276;SP;
RGFFYT;0;0.52353007;992391276;SP;
GSHLVE;0;0.112185486;992391276;SP;
GFFYTP;0;0.7549665;992391276;SP;
VKVKV;0;0.08180433;992391276;SP;
KVKVK;0;0.014212195;992391276;SP;
WKPYY;0;0.032206785;992391276;SP;
